-- phpMyAdmin SQL Dump
-- version 4.0.6deb1
-- http://www.phpmyadmin.net
--
-- Хост: localhost
-- Час створення: Квт 28 2014 р., 21:56
-- Версія сервера: 5.5.35-0ubuntu0.13.10.2
-- Версія PHP: 5.5.3-1ubuntu2.3

SET SQL_MODE = "NO_AUTO_VALUE_ON_ZERO";
SET time_zone = "+00:00";


/*!40101 SET @OLD_CHARACTER_SET_CLIENT=@@CHARACTER_SET_CLIENT */;
/*!40101 SET @OLD_CHARACTER_SET_RESULTS=@@CHARACTER_SET_RESULTS */;
/*!40101 SET @OLD_COLLATION_CONNECTION=@@COLLATION_CONNECTION */;
/*!40101 SET NAMES utf8 */;

--
-- База даних: `khpk`
--

--
-- Дамп даних таблиці `actual_class`
--

INSERT INTO `actual_class` (`id`, `date`, `class_number`, `teacher_load_id`, `class_type`) VALUES
(1, '2014-02-14', 0, 1, 0),
(2, '2014-02-19', 0, 1, 0);

--
-- Дамп даних таблиці `audience`
--

INSERT INTO `audience` (`id`, `number`, `type`) VALUES
(1, '111', 1),
(2, '133', 1),
(3, '247', 1),
(20, '124a', 1),
(5, '139a', 1),
(19, '124', 1),
(7, '211', 2),
(18, '123', 1),
(17, '122', 1),
(10, '244a', 2),
(11, '231', 2),
(12, '232', 2),
(13, '235', 2),
(14, '243', 2),
(16, '121', 1),
(21, '125', 1),
(22, '126', 1),
(23, '127', 1),
(24, '128', 1),
(25, '129', 1),
(26, '131', 1),
(27, '131a', 1),
(28, '132', 2),
(29, '132a', 1),
(30, '134', 2),
(31, '134a', 1),
(32, '135', 1),
(33, '135a', 1),
(34, '136a', 1),
(35, '137', 1),
(36, '137a', 2),
(37, '138', 1),
(38, '138a', 1),
(39, '141', 1),
(40, '141a', 1),
(41, '142', 1),
(49, '145', 1),
(43, '142a', 1),
(44, '143', 1),
(48, '144a', 1),
(46, '143a', 1),
(47, '144', 1),
(50, '145a', 1),
(51, '146', 1),
(52, '146a', 1),
(53, '147', 1),
(54, '147a', 1),
(55, '148', 1),
(56, '149', 1),
(57, '149a', 1),
(58, '222', 1),
(61, '234', 1),
(60, '233', 2),
(62, '235a', 2),
(63, '236', 1),
(64, '237', 1),
(65, '239', 1),
(66, '239a', 1),
(67, '241', 1),
(68, '242', 1),
(69, '243a', 2),
(70, '243б', 2),
(71, '246', 1),
(72, '248', 2);

--
-- Дамп даних таблиці `class_absence`
--

INSERT INTO `class_absence` (`id`, `actual_class_id`, `student_id`) VALUES
(1, 1, 1),
(2, 1, 2);

--
-- Дамп даних таблиці `class_mark`
--

INSERT INTO `class_mark` (`id`, `actual_class_id`, `mark`, `student_id`, `type`) VALUES
(1, 1, 5, 1, 'simple'),
(2, 1, 5, 2, 'simple'),
(3, 1, 5, 3, 'simple'),
(4, 2, 5, 3, 'simple'),
(5, 2, 5, 4, 'simple');

--
-- Дамп даних таблиці `cyclic_commission`
--

INSERT INTO `cyclic_commission` (`id`, `title`, `head_id`) VALUES
(3, 'Інженерної механіки', 19),
(4, 'Економіки і менеджменту', 18),
(5, 'Комп''ютерних систем', 17),
(6, 'Програмного забезпечення', 1),
(7, 'Фізичного виховання', 78),
(8, 'Природничо-математичних наук', 15),
(9, 'Соціально-економічних наук', 14),
(10, 'Гуманітарних дисциплін', 13);

--
-- Дамп даних таблиці `department`
--

INSERT INTO `department` (`id`, `title`, `head_id`) VALUES
(2, 'Програмування', 3),
(3, 'Комп''ютерні системи', 9),
(4, 'Економіка та менеджмент', 10),
(5, 'Інженерна механіка', 11),
(6, 'Заочне', 12);

--
-- Дамп даних таблиці `exemption`
--

INSERT INTO `exemption` (`id`, `title`) VALUES
(1, 'Сирота'),
(2, 'Інвалід');

--
-- Дамп даних таблиці `group`
--

INSERT INTO `group` (`id`, `title`, `speciality_id`, `curator_id`, `monitor_id`) VALUES
(6, 'ПР-121', 1, 1, 0),
(5, 'ПР-141', 1, 8, 0),
(4, 'ПР-142', 1, 2, 7),
(7, 'ПР-122', 1, 7, 0),
(8, 'ПР-131', 1, 5, 0),
(9, 'ПР-132', 1, 20, 0),
(10, 'ПР-111', 1, 22, 0),
(11, 'ПР-112', 1, 21, 0),
(12, 'КС-131', 2, 82, 0),
(13, 'КС-132', 2, 89, 0),
(14, 'КС-121', 2, 15, 0),
(15, 'КС-122', 2, 44, 0),
(16, 'КС-123', 2, 62, 0),
(17, 'КС-111', 2, 13, 0),
(18, 'КС-112', 2, 60, 0),
(19, 'КС-141', 2, 26, 0),
(20, 'КС-142', 2, 32, 0),
(21, 'ЕП-131', 4, 76, 0),
(22, 'ОВ-131', 5, 59, 0),
(23, 'ІМ-131', 6, 49, 0),
(24, 'ОА-131', 7, 88, 0),
(25, 'ОА-132', 7, 36, 0),
(26, 'ОВ-121', 5, 61, 0),
(27, 'ЕП-121', 4, 58, 0),
(28, 'ОМ-121', 3, 41, 0),
(29, 'ВР-121', 6, 19, 0),
(30, 'ВР-122', 6, 24, 0),
(31, 'ОА-121', 7, 42, 0),
(32, 'ОА-122', 7, 87, 0),
(33, 'ОВ-111', 5, 14, 0),
(34, 'ОМ-111', 3, 18, 0),
(35, 'ВР-111', 6, 53, 0),
(36, 'ВР-112', 6, 66, 0),
(37, 'ОА-111', 7, 86, 0),
(38, 'ОА-112', 7, 43, 0),
(39, 'ОВ-141', 5, 80, 0),
(40, 'ОВ-142', 5, 34, 0),
(41, 'ОМ-141', 3, 46, 0),
(42, 'ВР-141', 6, 27, 0),
(43, 'ВР-142', 6, 83, 0),
(44, 'ОА-141', 7, 69, 0),
(45, 'ОА-142', 7, 65, 0);

--
-- Дамп даних таблиці `settings`
--

INSERT INTO `settings` (`id`, `key`, `title`, `value`) VALUES
(1, 'name', 'Назва', 'Хмельницький політехнічний коледж'),
(2, 'short_name', 'Скорочена назва', 'ХПК');

--
-- Дамп даних таблиці `speciality`
--

INSERT INTO `speciality` (`id`, `title`, `department_id`, `number`, `accreditation_date`) VALUES
(1, 'Розробка програмного забезпечення', 2, '5.05010301', '0000-00-00'),
(2, 'Комп''ютерні системи та мережі', 3, '5.05010201', '2014-01-20'),
(3, 'Технологія обробки матеріалів', 4, '5.05050302', '2014-02-20'),
(4, 'Економіка підприємства', 4, '5.03050401', '2014-02-20'),
(5, 'Організація виробництва', 4, '5.03060101', '2014-02-20'),
(6, 'Обслуговуваня верстатів ', 5, '5.05050202', '2014-01-23'),
(7, 'Обслуговування та ремонт автомобілів', 5, '5.07010602', '2014-01-23'),
(8, 'Організація виробництва', 6, '5.03060101', '2014-02-20'),
(9, 'Обслуговування комп’ютерних систем', 6, '5.05010201', '2014-01-21'),
(10, 'Обслуговування верстатів', 6, '5.05050202', '2014-01-20'),
(11, 'Обслуговування та ремонт автомобілів', 6, '5.07010602', '2014-02-18'),
(12, 'Обслуговування компютерних систем та мер', 3, '5.05010201', '2014-04-28');

--
-- Дамп даних таблиці `sp_hours`
--

INSERT INTO `sp_hours` (`id`, `sp_subject_id`, `lectures`, `labs`, `practs`, `selfwork`, `hours_per_week`, `test`, `exam`, `course_work`, `course_project`, `sp_semester_id`) VALUES
(1, 1, 0, 0, 0, 0, 0, 0, 0, 0, 0, 1),
(2, 3, 8, 2, 2, 2, 2, 1, 0, 1, 0, 2),
(3, 4, 8, 2, 2, 2, 2, 1, 0, 1, 0, 2);

--
-- Дамп даних таблиці `sp_plan`
--

INSERT INTO `sp_plan` (`id`, `speciality_id`, `semesters`, `created`, `updated`) VALUES
(1, 5, '17|24|16|17|16|17|16|8', NULL, NULL),
(2, 2, '17|24|16|17|16|17|16|8', NULL, NULL),
(3, 1, '17|24|16|17|16|17|16|8', NULL, NULL),
(4, 2, '17|24|16|17|16|17|16|8', NULL, NULL),
(5, 1, '17|24|16|17|16|17|16|8', NULL, NULL),
(6, 2, '17|24|16|17|16|17|16|8', NULL, NULL),
(7, 2, '17|24|16|17|16|17|16|8', NULL, NULL),
(8, 1, '17|24|16|17|16|17|16|8', NULL, NULL),
(9, 1, '17|24|16|17|9|6|16|8', NULL, NULL),
(10, 1, '17|24|16|17|16|17|16|8', NULL, NULL),
(11, 2, '17|24|16|17|16|17|16|8', NULL, NULL),
(12, 4, '17|24|16|17|16|17|16|8', '2014-04-23', '2014-04-23 11:03:39'),
(13, 2, '17|24|16|17|16|17|16|8', '2014-04-23', '2014-04-23 11:06:15'),
(14, 2, '17|24|16|17|16|17|16|8', '2014-04-23', '2014-04-23 13:10:41'),
(15, 3, '17|24|16|17|16|17|16|8', '2014-04-23', '2014-04-23 13:50:25'),
(16, 2, '17|24|16|17|16|17|16|8', '2014-04-24', '2014-04-24 10:37:41');

--
-- Дамп даних таблиці `sp_semester`
--

INSERT INTO `sp_semester` (`id`, `sp_plan_id`, `semester_number`, `weeks_count`) VALUES
(1, 1, 1, 17),
(2, 3, 1, 16),
(3, 4, 1, 17),
(4, 4, 2, 23),
(5, 2, 1, 17),
(6, 2, 2, 23),
(7, 2, 3, 16),
(8, 2, 4, 17),
(9, 5, 1, 17),
(10, 6, 1, 23);

--
-- Дамп даних таблиці `sp_subject`
--

INSERT INTO `sp_subject` (`id`, `plan_id`, `subject_id`, `total`, `lectures`, `labs`, `practs`, `weeks`, `control`) VALUES
(1, 4, 1, 15, 4, 1, 6, '1|2|2|1|2|2|2|3', NULL),
(2, 4, 104, 6, 1, 2, 1, '10|5|||||0|0', NULL),
(3, 4, 1, 5, 2, 1, 1, '1|||0||||', NULL),
(4, 6, 104, 26, 7, 2, 1, '5|3||||||', NULL),
(5, 10, 1, 222, 34, 0, 0, '3|4||||||', NULL),
(6, 13, 103, 200, 34, 0, 0, '6|7|9|||||', NULL),
(7, 14, 103, 343, 34, 2, 3, '1|3|2|3||||', NULL),
(8, 16, 104, 2343, 23, 0, 0, '1|32||||||', '[["1","1","0"],["","0","0"],["","0","0"],["","0","0"],["","0","0"],["","0","0"],["","0","0"],["","0","0"]]'),
(9, 16, 103, 4523, 23, 10, 0, '43|43|34||43|||', '[["","0","0"],["0","0","1"],["","0","1"],["","0","0"],["","1","0"],["","0","0"],["","0","0"],["","0","0"]]');

--
-- Дамп даних таблиці `student`
--

INSERT INTO `student` (`id`, `code`, `last_name`, `first_name`, `middle_name`, `group_id`, `phone_number`, `mobile_number`, `mother_name`, `father_name`, `gender`, `official_address`, `characteristics`, `factual_address`, `birth_date`, `admission_date`, `tuition_payment`, `admission_order_number`, `admission_semester`, `entry_exams`, `education_document`, `contract`, `math_mark`, `ua_language_mark`, `mother_workplace`, `mother_position`, `mother_workphone`, `mother_boss_workphone`, `father_workplace`, `father_position`, `father_workphone`, `father_boss_workphone`, `graduated`, `graduation_date`, `graduation_basis`, `graduation_semester`, `graduation_order_number`, `diploma`, `direction`, `misc_data`, `hobby`) VALUES
(1, '111111111112', 'Сівець', 'Ольга', 'Олегівна', 1, NULL, NULL, NULL, NULL, NULL, NULL, NULL, NULL, NULL, NULL, NULL, NULL, NULL, NULL, NULL, NULL, NULL, NULL, NULL, NULL, NULL, NULL, NULL, NULL, NULL, NULL, NULL, NULL, NULL, NULL, NULL, NULL, NULL, NULL, NULL),
(2, '111111111111', 'Карпович', 'Дмитро', 'Васильович', 1, NULL, NULL, NULL, NULL, NULL, NULL, NULL, NULL, NULL, NULL, NULL, NULL, NULL, NULL, NULL, NULL, NULL, NULL, NULL, NULL, NULL, NULL, NULL, NULL, NULL, NULL, NULL, NULL, NULL, NULL, NULL, NULL, NULL, NULL, NULL),
(3, '111111111113', 'Вінічук', 'Сергій', 'Вікторович', 1, NULL, NULL, NULL, NULL, NULL, NULL, NULL, NULL, NULL, NULL, NULL, NULL, NULL, NULL, NULL, NULL, NULL, NULL, NULL, NULL, NULL, NULL, NULL, NULL, NULL, NULL, NULL, NULL, NULL, NULL, NULL, NULL, NULL, NULL, NULL),
(4, '111111111114', 'Назаров', 'Кирило', 'Володимирович', 1, NULL, NULL, NULL, NULL, NULL, NULL, NULL, NULL, NULL, NULL, NULL, NULL, NULL, NULL, NULL, NULL, NULL, NULL, NULL, NULL, NULL, NULL, NULL, NULL, NULL, NULL, NULL, NULL, NULL, NULL, NULL, NULL, NULL, NULL, NULL),
(5, '', 'Деренівська', 'Анастасія', 'Батьківна', 2, NULL, NULL, NULL, NULL, NULL, NULL, NULL, NULL, NULL, NULL, NULL, NULL, NULL, NULL, NULL, NULL, NULL, NULL, NULL, NULL, NULL, NULL, NULL, NULL, NULL, NULL, NULL, NULL, NULL, NULL, NULL, NULL, NULL, NULL, NULL),
(6, 'й1', 'Когут', 'Василь', '1', 4, '', '', '', '', 0, '', '', '', '0000-00-00', '0000-00-00', '', NULL, NULL, '', '', '', NULL, NULL, '', '', '', '', '', '', '', '', b'0', '0000-00-00', '', NULL, NULL, '', '', '', ''),
(7, '12231231', 'Лавренчук', 'Марина', 'Іванівна', 4, '', '', '', '', 1, '', '', '', '0000-00-00', '0000-00-00', '', NULL, NULL, '', '', '', NULL, NULL, '', '', '', '', '', '', '', '', b'0', '0000-00-00', '', NULL, NULL, '', '', '', ''),
(8, 'нкепкаувцій', 'Величко', 'Ярослав', 'йййййййййййййййййййй', 3, '', '', '', '', 0, '', '', '', '0000-00-00', '0000-00-00', '', NULL, NULL, '', '', '', NULL, NULL, '', '', '', '', '', '', '', '', b'0', '0000-00-00', '', NULL, NULL, '', '', '', ''),
(9, 'ХМ №07605126', 'Соломко', 'Роман', 'Матвійович', 2, '', '', '', '', 0, '', '', '', '0000-00-00', '0000-00-00', '', NULL, NULL, '', '', '', NULL, NULL, '', '', '', '', '', '', '', '', b'0', '0000-00-00', '', NULL, NULL, '', '', '', '');

--
-- Дамп даних таблиці `subject`
--

INSERT INTO `subject` (`id`, `title`) VALUES
(1, 'Математика'),
(2, 'Фізика'),
(3, 'Хімія'),
(4, 'Біологія'),
(5, 'Об’єктно-орієнтоване програмування'),
(70, 'Основи маркетингу'),
(7, 'Українська мова'),
(8, 'Українська література'),
(9, 'Іноземна мова'),
(10, 'Світова література'),
(11, 'Історія України'),
(12, 'Всесвітня історія'),
(13, 'Правознавство (Основи правознавства)'),
(14, ' Економіка (Основи економічної теорії)'),
(15, 'Людина і світ'),
(16, 'Художня культура (Культурологія )'),
(17, 'Алгебра '),
(18, 'Геометрія'),
(19, 'Астрономія'),
(20, 'Географія'),
(21, 'Екологія (Основи екології)'),
(22, 'Технології. Основи електроніки'),
(23, 'Інформатика (Програмування)'),
(24, 'Фізична культура'),
(25, 'Захист Вітчизни'),
(26, 'Історія України'),
(27, 'Українська мова (за професійним спрямуванням)'),
(28, 'Культурологія'),
(29, 'Основи філософських знань'),
(30, 'Економічна теорія'),
(31, 'Основи правознавства'),
(32, 'Соціологія'),
(33, 'Іноземна мова (за професійним спрямуванням)'),
(34, 'Фізичне виховання'),
(35, 'Вища математика'),
(36, 'Фізика'),
(37, 'Інженерна та компютерна графіка'),
(38, 'Теорія ймовірностей та матстатистика'),
(39, 'Теорія електричних та магнітних кіл'),
(40, 'Компютерна логіка'),
(41, 'Алгоритми та методи обчислень'),
(42, 'Основи екології'),
(43, 'Дискретна математика'),
(44, 'Компютерна електроніка'),
(45, 'Операційні системи'),
(46, 'Програмування'),
(47, ' Електрорадіовимірювання'),
(48, 'Безпека життєдіяльності'),
(49, 'Основи охорони праці'),
(50, 'Охорона праці в галузі'),
(51, ' Периферійні пристрої'),
(52, 'Компютерні системи та мережі'),
(53, 'Системне програмування'),
(54, 'Компютерна схемотехніка'),
(55, 'Надійність та діагностика комп. систем та мереж'),
(56, 'Архітектура компютерів'),
(57, 'Економіка і планування виробництва'),
(60, 'Практика з операційних систем та програмування'),
(59, ' Електрорадіомонтажна практика'),
(61, 'Електрорадіовимірювальна  практика'),
(62, 'Практика з компютерної схемотехніки'),
(63, 'Переддипломна практика'),
(64, 'Дипломне проектування'),
(65, 'Іноземна мова (Технічний переклад)'),
(66, 'Політологія'),
(67, 'Вступ в спеціальність. Основи електроніки'),
(68, 'Системи автоматизованого проектування'),
(69, 'Ліцензування та сертифікація програмних продуктів'),
(71, 'Комплексне тестування по спеціальності'),
(72, 'Алгебра і початки аналізу'),
(73, 'Фізична культура'),
(74, 'Лінійна алгебра та аналітична геометрія'),
(75, 'Обєктно - орієнтоване програмування'),
(76, 'Математичний аналіз'),
(77, 'Дискретні структури'),
(78, 'Диференціальні рівняння'),
(79, 'Чисельні методи'),
(80, 'Математичні методи дослідження операцій'),
(81, 'Основи програмування та алгоритмічні мови'),
(82, 'Основи програмної інженерії ч1'),
(83, 'Основи програмної інженерії ч2'),
(84, 'Комп''ютерна графіка'),
(85, 'Алгоритми і структури даних'),
(86, 'Бази даних'),
(87, 'Організація комп''ютерних мереж'),
(88, 'Засоби системного програмування'),
(89, 'Інструментальні засоби візуального програмування'),
(90, 'Конструювання програмного забезпечення'),
(91, 'Проектний практикум'),
(92, 'Людино-машинна взаємодія'),
(93, 'Групова динаміка і комунікації'),
(94, 'Автоматизовані інформаційні системи'),
(95, 'Програмування Інтернет-застосувань'),
(96, 'Основи психології та педагогіки'),
(97, 'Підприємництво і менеджмент'),
(98, 'Економіка та організація виробництва'),
(99, 'Охорона праці'),
(100, 'Навчальна практика з програмування'),
(101, 'Технологічна практика'),
(102, 'Хімія'),
(103, 'ООП'),
(104, 'Охорона праці');

--
-- Дамп даних таблиці `subject_cycle`
--

INSERT INTO `subject_cycle` (`id`, `title`) VALUES
(1, 'Цикл загальноосвітніх предметів'),
(2, 'Гуманітарні предмети'),
(4, 'Природничі дисципліни'),
(8, 'Вибіркові навчальні дисципліни'),
(6, 'Предмети професійної підготовки'),
(7, 'Цикл практичної підготовки');

--
-- Дамп даних таблиці `subject_has_speciality_and_cycle`
--

INSERT INTO `subject_has_speciality_and_cycle` (`subject_id`, `speciality_id`, `cycle_id`) VALUES
(1, 1, 1),
(1, 2, 1),
(1, 3, 1),
(1, 4, 1),
(1, 5, 1),
(1, 6, 1),
(1, 7, 1),
(1, 8, 1),
(1, 9, 1),
(1, 10, 1),
(1, 11, 1),
(1, 12, 1),
(2, 1, 1),
(2, 2, 4),
(102, 1, 4),
(103, 1, 6),
(103, 2, 8),
(103, 4, 4),
(104, 1, 6),
(104, 2, 1),
(104, 2, 2);

--
-- Дамп даних таблиці `teacher`
--

INSERT INTO `teacher` (`id`, `last_name`, `first_name`, `middle_name`, `cyclic_commission_id`) VALUES
(1, 'Соломко', 'Людмила', 'Андріївна', 6),
(2, 'Щуцький', 'Сергій', 'В''ячеславович', 6),
(3, 'Гуменна', 'Валентина', 'Вікторівна', 6),
(4, 'Кондратюк', 'Євген', 'Сергійович', 6),
(5, 'Задніпровський', 'Вадим', 'Григорович', 6),
(6, 'Григоровський', 'Євген', 'Сергійович', 6),
(7, 'Федосюк', 'Генадій', 'Васильович', 6),
(8, 'Петляк', 'Олександр', 'Валерійович', 5),
(9, 'Сівко', 'Антон', 'Павлович', 5),
(10, 'Валявіна', 'Ольга', 'Тимофіївна', 4),
(11, 'Докторук', 'Валерій', 'Павлович', 3),
(12, 'Данилюк', 'Анатолій', 'Миколайович', 8),
(13, 'Ковалець ', 'Ірина ', 'Миколаївна', 10),
(14, 'Малахова', 'Наталя', 'Борисівна', 9),
(15, 'Палій', 'Наталя', 'Василівна', 8),
(16, 'Свіцельський', 'Микола ', 'Олімпіанович', 7),
(17, 'Гетьман', 'Богдан', 'Іванович', 5),
(18, 'Громик', 'Олена', 'Миколаївна', 4),
(19, 'Матвєєв', 'Олексій', 'Васильович', 3),
(20, 'Миколюк', 'Олег', 'Володимирович', 6),
(21, 'Студницька', 'Людмила', 'Михайлівна', 8),
(22, 'Салямон', 'Ольга', 'Іванівна', 9),
(23, 'Андросюк', 'Володимир', 'Федорович', 8),
(24, 'Бондаренко', 'Ольга', 'Петрівна', 9),
(25, 'Басюк', 'Ніна', 'Мар''янівна', 8),
(26, 'Багас', 'Людмила', 'Миколаївна', 9),
(27, 'Бойченко', 'Ірина', 'Вікторівна', 9),
(28, 'Бойко ', 'Ганна', 'Антонівна', 10),
(29, 'Братко', 'Людмила', 'Василівна', 3),
(30, 'Баранюк', 'Анатолій', 'Іванович', 3),
(31, 'Бельський', 'Анатолій', 'Володимирович', 7),
(32, 'Верхола', 'Сергій', 'Олексійович', 5),
(33, 'Шулякова', 'Оксана', 'Василівна', 4),
(34, 'Гавронська', 'Наталя', 'Миколаївна', 4),
(35, 'Гасан', 'Катерина', 'Василівна', 3),
(36, 'Гадзира', 'Леся', 'Миколаївна', 10),
(37, 'Громик', 'Микола', 'Григорович', 3),
(38, 'Гріцев', 'Леонтій', 'Іванович', 7),
(39, 'Докторук', 'Олена', 'Дмитрівна', 9),
(40, 'Доброва', 'Тамара', 'Сергіївна', 9),
(41, 'Даценко', 'Людмила', 'Іванівна', 10),
(42, 'Даць', 'Сніжана', 'Іванівна', 10),
(43, 'Дуда', 'Людмила', 'Олегівна', 8),
(44, 'Желавська', 'Ірина', 'Анатоліївна', 8),
(45, 'Захватова', 'Лариса', 'Василівна', 8),
(46, 'Зеленська', 'Людмила', 'Іванівна', 3),
(47, 'Заяць', 'Володимир', 'Миколайович', 3),
(48, 'Кайдановська', 'Олена', 'Миколаївна', 4),
(49, 'Кузнецова', 'Наталя', 'Юріївна', 10),
(50, 'Клімішина', 'Галина', 'Григорівна', 4),
(51, 'Котов', 'Віктор', 'Вікторович', 9),
(52, 'Калюк', 'Олександр', 'Пилипович', 3),
(53, 'Койфман', 'Аркадій', 'Михайлович', 3),
(54, 'Кульбаба', 'Світлана', 'Олександрівна', 10),
(55, 'Кравчук', 'Ольга', 'Вікторівна', 4),
(56, 'Кравчук', 'Ольга', 'Вікторівна', 4),
(57, 'Капітан', 'Галина', 'Володимирівна', 9),
(58, 'Ляховець ', 'Вікторія', 'Володимирівна', 4),
(59, 'Лункіна', 'Ольга', 'Миколаївна', 9),
(60, 'Мельник', 'Раїса', 'Феліксівна', 3),
(61, 'Микитюк', 'Олена', 'Володимирівна', 10),
(62, 'Мерлюк', 'Світлана', 'Антонівна', 8),
(63, 'Масловська', 'Лілія', 'Володимирівна', 3),
(64, 'Марчук', 'Ольга', 'Михайлівна', 5),
(65, 'Нижник', 'Олександр', 'Миколайович', 3),
(66, 'Олійник', 'Світлана', 'Олександрівна', 10),
(67, 'Осіпова', 'Ольга', 'Юріївна', 8),
(68, 'Онищук', 'Віктор', 'Анатолійович', 3),
(69, 'Остроушко', 'Олександр', 'Юрійович', 3),
(70, 'Миколюк', 'Марина', 'Вікторівна', 6),
(71, 'Пахолюк', 'Олександр', 'Володимирович', 7),
(72, 'Прокопчук', 'Володимир', 'Федорович', 3),
(73, 'Пірог', 'Леонід', 'Володимирович', 3),
(74, 'Паракуда', 'Галина', 'Василівна', 5),
(75, 'Праворська', 'Юлія', 'Альбінівна', 5),
(76, 'Ребедюк', 'Наталія', 'Олександрівна', 4),
(77, 'Стукан', 'Андрій', 'Михайлович', 6),
(78, 'Старцун', 'Петро', 'Романович', 7),
(79, 'Слободзян', 'Леся', 'Анатоліївна', 10),
(80, 'Суркова', 'Тетяна', 'В''ячеславівна', 8),
(81, 'Смолій', 'Ольга', 'Юріївна', 6),
(82, 'Тарасюк', 'Валентина', 'Федорівна', 10),
(83, 'Торопов', 'Євген', 'Євгенович', 3),
(84, 'Фрімерштейн', 'Григорій', 'Олександрович', 4),
(85, 'Фрімерштейн', 'Вікторія', 'Григорівна', 4),
(86, 'Чернов', 'Костянтин', 'Вікторович', 3),
(87, 'Чернова', 'Віта', 'Анатоліївна', 10),
(88, 'Яремчук', 'Андрій', 'Анатолійович', 3),
(89, 'Гавронський', 'Віталій', 'Євгенійович', 5);

--
-- Дамп даних таблиці `teacher_load`
--

INSERT INTO `teacher_load` (`id`, `teacher_id`, `sp_hours_id`, `group_id`, `lectures`, `labs`, `practs`) VALUES
(1, 1, 1, 1, 0, 0, 0);

--
-- Дамп даних таблиці `user`
--

INSERT INTO `user` (`id`, `username`, `password`, `email`, `role`, `identity_id`) VALUES
(1, 'root', 'c4ca4238a0b923820dcc509a6f75849b', 'root@email.com', 1, NULL);

/*!40101 SET CHARACTER_SET_CLIENT=@OLD_CHARACTER_SET_CLIENT */;
/*!40101 SET CHARACTER_SET_RESULTS=@OLD_CHARACTER_SET_RESULTS */;
/*!40101 SET COLLATION_CONNECTION=@OLD_COLLATION_CONNECTION */;
