-- phpMyAdmin SQL Dump
-- version 4.1.13
-- http://www.phpmyadmin.net
--
-- Хост: localhost
-- Время создания: Июн 10 2014 г., 18:17
-- Версия сервера: 5.5.31-1~dotdeb.0
-- Версия PHP: 5.4.27-1~dotdeb.0

SET SQL_MODE = "NO_AUTO_VALUE_ON_ZERO";
SET time_zone = "+00:00";


/*!40101 SET @OLD_CHARACTER_SET_CLIENT=@@CHARACTER_SET_CLIENT */;
/*!40101 SET @OLD_CHARACTER_SET_RESULTS=@@CHARACTER_SET_RESULTS */;
/*!40101 SET @OLD_COLLATION_CONNECTION=@@COLLATION_CONNECTION */;
/*!40101 SET NAMES utf8 */;

--
-- База данных: `hpk`
--

--
-- Дамп данных таблицы `actual_class`
--

INSERT INTO `actual_class` (`id`, `date`, `class_number`, `teacher_load_id`, `class_type`) VALUES
(1, '2014-02-14', 0, 1, 0),
(2, '2014-02-19', 0, 1, 0);

--
-- Дамп данных таблицы `audience`
--

INSERT INTO `audience` (`id`, `number`, `type`) VALUES
(1, '111', 1),
(2, '133', 1),
(3, '247', 1),
(20, '124a', 1),
(5, '139a', 1),
(19, '124', 1),
(7, '211', 2),
(18, '123', 1),
(17, '122', 1),
(10, '244a', 2),
(11, '231', 2),
(12, '232', 2),
(13, '235', 2),
(14, '243', 2),
(16, '121', 1),
(21, '125', 1),
(22, '126', 1),
(23, '127', 1),
(24, '128', 1),
(25, '129', 1),
(26, '131', 1),
(27, '131a', 1),
(28, '132', 2),
(29, '132a', 1),
(30, '134', 2),
(31, '134a', 1),
(32, '135', 1),
(33, '135a', 1),
(34, '136a', 1),
(35, '137', 1),
(36, '137a', 2),
(37, '138', 1),
(38, '138a', 1),
(39, '141', 1),
(40, '141a', 1),
(41, '142', 1),
(49, '145', 1),
(43, '142a', 1),
(44, '143', 1),
(48, '144a', 1),
(46, '143a', 1),
(47, '144', 1),
(50, '145a', 1),
(51, '146', 1),
(52, '146a', 1),
(53, '147', 1),
(54, '147a', 1),
(55, '148', 1),
(56, '149', 1),
(57, '149a', 1),
(58, '222', 1),
(61, '234', 1),
(60, '233', 2),
(62, '235a', 2),
(63, '236', 1),
(64, '237', 1),
(65, '239', 1),
(66, '239a', 1),
(67, '241', 1),
(68, '242', 1),
(69, '243a', 2),
(70, '243б', 2),
(71, '246', 1),
(72, '248', 2);

--
-- Дамп данных таблицы `AuthAssignment`
--

INSERT INTO `AuthAssignment` (`itemname`, `userid`, `bizrule`, `data`) VALUES
('admin', '1', NULL, 'N;'),
('curator', '92', NULL, 'N;'),
('dephead', '91', NULL, 'N;'),
('prefect', '95', NULL, 'N;'),
('student', '94', NULL, 'N;'),
('teacher', '93', NULL, 'N;');

--
-- Дамп данных таблицы `AuthItem`
--

INSERT INTO `AuthItem` (`name`, `type`, `description`, `bizrule`, `data`) VALUES
('admin', 2, '', NULL, 'N;'),
('createAudience', 0, 'create an audience', NULL, 'N;'),
('createCyclicCommission', 0, 'create a cyclic commission', NULL, 'N;'),
('createDepartment', 0, 'create a department', NULL, 'N;'),
('createExemption', 0, 'create an exemption', NULL, 'N;'),
('createGroup', 0, 'create a group', NULL, 'N;'),
('createLoad', 0, 'create a load', NULL, 'N;'),
('createMAC', 0, 'create a MAC item', NULL, 'N;'),
('createSpeciality', 0, 'create a speciality', NULL, 'N;'),
('createStudent', 0, 'create a group', NULL, 'N;'),
('createStudyPlan', 0, 'create a study plan', NULL, 'N;'),
('createSubject', 0, 'create a subject', NULL, 'N;'),
('createSubjectCycle', 0, 'create a subject cycle', NULL, 'N;'),
('createTeacher', 0, 'create a teacher', NULL, 'N;'),
('curator', 2, '', NULL, 'N;'),
('cychead', 2, '', NULL, 'N;'),
('deleteAudience', 0, 'delete an audience', NULL, 'N;'),
('deleteCyclicCommission', 0, 'delete a cyclic commission', NULL, 'N;'),
('deleteDepartment', 0, 'delete a department', NULL, 'N;'),
('deleteExemption', 0, 'delete an exemption', NULL, 'N;'),
('deleteGroup', 0, 'delete a group', NULL, 'N;'),
('deleteLoad', 0, 'delete a load', NULL, 'N;'),
('deleteMAC', 0, 'delete a MAC item', NULL, 'N;'),
('deleteSpeciality', 0, 'delete a speciality', NULL, 'N;'),
('deleteStudent', 0, 'delete a group', NULL, 'N;'),
('deleteStudyPlan', 0, 'delete a study plan', NULL, 'N;'),
('deleteSubject', 0, 'delete a subject', NULL, 'N;'),
('deleteSubjectCycle', 0, 'delete a subject cycle', NULL, 'N;'),
('deleteTeacher', 0, 'delete a teacher', NULL, 'N;'),
('dephead', 2, '', NULL, 'N;'),
('manageAudience', 1, 'description', NULL, 'N;'),
('manageCyclicCommission', 1, 'description', NULL, 'N;'),
('manageDepartment', 1, 'description', NULL, 'N;'),
('manageExemption', 1, 'description', NULL, 'N;'),
('manageGroup', 1, 'description', NULL, 'N;'),
('manageLoad', 1, 'description', NULL, 'N;'),
('manageMAC', 1, 'description', NULL, 'N;'),
('manageOwnCycleSubjects', 1, 'description', 'return Yii::app()->user->id==$params["Id"];', 'N;'),
('manageOwnGroup', 1, 'description', 'return (Yii::app()->user->identityId==$params["id"] && Yii::app()->user->identityType==$params["type"]);', 'N;'),
('manageOwnLoad', 1, 'description', 'return Yii::app()->user->id==$params["Id"];', 'N;'),
('manageOwnMAC', 1, 'description', 'return Yii::app()->user->id==$params["Id"];', 'N;'),
('manageOwnSpeciality', 1, 'description', 'return (Yii::app()->user->identityId==$params["id"] && Yii::app()->user->identityType==$params["type"]);', 'N;'),
('manageOwnStudent', 1, 'description', 'return Yii::app()->user->id==$params["Id"];', 'N;'),
('manageOwnStudyPlan', 1, 'description', 'return Yii::app()->user->id==$params["Id"];', 'N;'),
('manageSpeciality', 1, 'description', NULL, 'N;'),
('manageStudent', 1, 'description', NULL, 'N;'),
('manageStudyPlan', 1, 'description', NULL, 'N;'),
('manageSubject', 1, 'description', NULL, 'N;'),
('manageSubjectCycle', 1, 'description', NULL, 'N;'),
('manageTeacher', 1, 'description', NULL, 'N;'),
('prefect', 2, '', NULL, 'N;'),
('readAudience', 0, 'read an audience', NULL, 'N;'),
('readCyclicCommission', 0, 'read an cyclic commission', NULL, 'N;'),
('readDepartment', 0, 'read a department', NULL, 'N;'),
('readExemption', 0, 'read an exemption', NULL, 'N;'),
('readGroup', 0, 'read a group', NULL, 'N;'),
('readLoad', 0, 'read a load', NULL, 'N;'),
('readMAC', 0, 'read a MAC item', NULL, 'N;'),
('readSpeciality', 0, 'read a speciality', NULL, 'N;'),
('readStudent', 0, 'read a group', NULL, 'N;'),
('readStudyPlan', 0, 'read a study plan', NULL, 'N;'),
('readSubject', 0, 'read a subject', NULL, 'N;'),
('readSubjectCycle', 0, 'read a subject cycle', NULL, 'N;'),
('readTeacher', 0, 'read a teacher', NULL, 'N;'),
('student', 2, '', NULL, 'N;'),
('teacher', 2, '', NULL, 'N;'),
('updateAudience', 0, 'update an audience', NULL, 'N;'),
('updateCyclicCommission', 0, 'update a cyclic commission', NULL, 'N;'),
('updateDepartment', 0, 'update a department', NULL, 'N;'),
('updateExemption', 0, 'update an exemption', NULL, 'N;'),
('updateGroup', 0, 'update a group', NULL, 'N;'),
('updateLoad', 0, 'update a load', NULL, 'N;'),
('updateMAC', 0, 'update a MAC item', NULL, 'N;'),
('updateSpeciality', 0, 'update a speciality', NULL, 'N;'),
('updateStudent', 0, 'update a group', NULL, 'N;'),
('updateStudyPlan', 0, 'update a study plan', NULL, 'N;'),
('updateSubject', 0, 'update a subject', NULL, 'N;'),
('updateSubjectCycle', 0, 'update a subject cycle', NULL, 'N;'),
('updateTeacher', 0, 'update a teacher', NULL, 'N;');

--
-- Дамп данных таблицы `AuthItemChild`
--

INSERT INTO `AuthItemChild` (`parent`, `child`) VALUES
('manageAudience', 'createAudience'),
('manageCyclicCommission', 'createCyclicCommission'),
('manageDepartment', 'createDepartment'),
('manageExemption', 'createExemption'),
('manageGroup', 'createGroup'),
('manageLoad', 'createLoad'),
('manageMAC', 'createMAC'),
('manageSpeciality', 'createSpeciality'),
('manageStudent', 'createStudent'),
('manageStudyPlan', 'createStudyPlan'),
('manageSubject', 'createSubject'),
('manageSubjectCycle', 'createSubjectCycle'),
('manageTeacher', 'createTeacher'),
('cychead', 'curator'),
('dephead', 'cychead'),
('manageAudience', 'deleteAudience'),
('manageCyclicCommission', 'deleteCyclicCommission'),
('manageDepartment', 'deleteDepartment'),
('manageExemption', 'deleteExemption'),
('manageGroup', 'deleteGroup'),
('manageLoad', 'deleteLoad'),
('manageMAC', 'deleteMAC'),
('manageSpeciality', 'deleteSpeciality'),
('manageStudent', 'deleteStudent'),
('manageStudyPlan', 'deleteStudyPlan'),
('manageSubject', 'deleteSubject'),
('manageSubjectCycle', 'deleteSubjectCycle'),
('manageTeacher', 'deleteTeacher'),
('admin', 'dephead'),
('admin', 'manageGroup'),
('manageOwnGroup', 'manageGroup'),
('manageOwnLoad', 'manageLoad'),
('manageOwnMAC', 'manageMAC'),
('prefect', 'manageOwnGroup'),
('teacher', 'manageOwnGroup'),
('dephead', 'manageOwnSpeciality'),
('admin', 'manageSpeciality'),
('manageOwnSpeciality', 'manageSpeciality'),
('manageOwnStudent', 'manageStudent'),
('manageOwnStudyPlan', 'manageStudyPlan'),
('manageOwnCycleSubjects', 'manageSubject'),
('manageAudience', 'readAudience'),
('manageCyclicCommission', 'readCyclicCommission'),
('manageDepartment', 'readDepartment'),
('manageExemption', 'readExemption'),
('manageGroup', 'readGroup'),
('manageLoad', 'readLoad'),
('manageMAC', 'readMAC'),
('manageSpeciality', 'readSpeciality'),
('manageStudent', 'readStudent'),
('manageStudyPlan', 'readStudyPlan'),
('manageSubject', 'readSubject'),
('manageSubjectCycle', 'readSubjectCycle'),
('manageTeacher', 'readTeacher'),
('prefect', 'student'),
('curator', 'teacher'),
('manageAudience', 'updateAudience'),
('manageCyclicCommission', 'updateCyclicCommission'),
('manageDepartment', 'updateDepartment'),
('manageExemption', 'updateExemption'),
('manageGroup', 'updateGroup'),
('manageLoad', 'updateLoad'),
('manageMAC', 'updateMAC'),
('manageSpeciality', 'updateSpeciality'),
('manageStudent', 'updateStudent'),
('manageStudyPlan', 'updateStudyPlan'),
('manageSubject', 'updateSubject'),
('manageSubjectCycle', 'updateSubjectCycle'),
('manageTeacher', 'updateTeacher');

--
-- Дамп данных таблицы `class_absence`
--

INSERT INTO `class_absence` (`id`, `actual_class_id`, `student_id`) VALUES
(1, 1, 1),
(2, 1, 2);

--
-- Дамп данных таблицы `cyclic_commission`
--

INSERT INTO `cyclic_commission` (`id`, `title`, `head_id`) VALUES
(3, 'Інженерної механіки', 19),
(4, 'Економіки і менеджменту', 18),
(5, 'Комп''ютерних систем', 17),
(6, 'Програмного забезпечення', 1),
(7, 'Фізичного виховання', 78),
(8, 'Природничо-математичних наук', 15),
(9, 'Соціально-економічних наук', 14),
(10, 'Гуманітарних дисциплін', 13);

--
-- Дамп данных таблицы `department`
--

INSERT INTO `department` (`id`, `title`, `head_id`) VALUES
(2, 'Програмування', 3),
(3, 'Комп''ютерні системи', 9),
(4, 'Економіка та менеджмент', 10),
(5, 'Інженерна механіка', 11),
(6, 'Заочне', 12);

--
-- Дамп данных таблицы `employee`
--

INSERT INTO `employee` (`id`, `position_id`, `participates_in_study_process`, `start_date`, `last_name`, `first_name`, `middle_name`, `short_name`, `gender`, `cyclic_commission_id`, `birth_date`, `nationality`, `education`, `educations_list`, `postgraduate_training`, `postgraduate_trainings`, `last_job`, `last_job_position`, `has_experience`, `experience_start`, `experience_end`, `dismissal_reason`, `dismissal_date`, `pension_data`, `family_status`, `family_data`, `place_of_residence`, `place_of_registration`, `passport`, `passport_issued_by`, `military_accounting_group`, `military_accounting_category`, `military_composition`, `military_rank`, `military_accounting_speciality_number`, `military_suitability`, `military_district_office_registration_name`, `military_district_office_residence_name`, `professional_education`, `appointments_and_transfers`, `vacations`) VALUES
(1, NULL, 1, NULL, 'Соломко', 'Людмила', 'Андріївна', NULL, NULL, 6, NULL, NULL, NULL, NULL, NULL, NULL, NULL, NULL, NULL, NULL, NULL, NULL, NULL, NULL, NULL, NULL, NULL, NULL, NULL, NULL, NULL, NULL, NULL, NULL, NULL, NULL, NULL, NULL, NULL, NULL, NULL),
(2, NULL, 1, NULL, 'Щуцький', 'Сергій', 'В''ячеславович', NULL, NULL, 6, NULL, NULL, NULL, NULL, NULL, NULL, NULL, NULL, NULL, NULL, NULL, NULL, NULL, NULL, NULL, NULL, NULL, NULL, NULL, NULL, NULL, NULL, NULL, NULL, NULL, NULL, NULL, NULL, NULL, NULL, NULL),
(3, NULL, 1, NULL, 'Гуменна', 'Валентина', 'Вікторівна', NULL, NULL, 6, NULL, NULL, NULL, NULL, NULL, NULL, NULL, NULL, NULL, NULL, NULL, NULL, NULL, NULL, NULL, NULL, NULL, NULL, NULL, NULL, NULL, NULL, NULL, NULL, NULL, NULL, NULL, NULL, NULL, NULL, NULL),
(4, NULL, 1, NULL, 'Кондратюк', 'Євген', 'Сергійович', NULL, NULL, 6, NULL, NULL, NULL, NULL, NULL, NULL, NULL, NULL, NULL, NULL, NULL, NULL, NULL, NULL, NULL, NULL, NULL, NULL, NULL, NULL, NULL, NULL, NULL, NULL, NULL, NULL, NULL, NULL, NULL, NULL, NULL),
(5, NULL, 1, NULL, 'Задніпровський', 'Вадим', 'Григорович', NULL, NULL, 6, NULL, NULL, NULL, NULL, NULL, NULL, NULL, NULL, NULL, NULL, NULL, NULL, NULL, NULL, NULL, NULL, NULL, NULL, NULL, NULL, NULL, NULL, NULL, NULL, NULL, NULL, NULL, NULL, NULL, NULL, NULL),
(6, NULL, 1, NULL, 'Григоровський', 'Євген', 'Сергійович', NULL, NULL, 6, NULL, NULL, NULL, NULL, NULL, NULL, NULL, NULL, NULL, NULL, NULL, NULL, NULL, NULL, NULL, NULL, NULL, NULL, NULL, NULL, NULL, NULL, NULL, NULL, NULL, NULL, NULL, NULL, NULL, NULL, NULL),
(7, NULL, 1, NULL, 'Федосюк', 'Генадій', 'Васильович', NULL, NULL, 6, NULL, NULL, NULL, NULL, NULL, NULL, NULL, NULL, NULL, NULL, NULL, NULL, NULL, NULL, NULL, NULL, NULL, NULL, NULL, NULL, NULL, NULL, NULL, NULL, NULL, NULL, NULL, NULL, NULL, NULL, NULL),
(8, NULL, 1, NULL, 'Петляк', 'Олександр', 'Валерійович', NULL, NULL, 5, NULL, NULL, NULL, NULL, NULL, NULL, NULL, NULL, NULL, NULL, NULL, NULL, NULL, NULL, NULL, NULL, NULL, NULL, NULL, NULL, NULL, NULL, NULL, NULL, NULL, NULL, NULL, NULL, NULL, NULL, NULL),
(9, NULL, 1, NULL, 'Сівко', 'Антон', 'Павлович', NULL, NULL, 5, NULL, NULL, NULL, NULL, NULL, NULL, NULL, NULL, NULL, NULL, NULL, NULL, NULL, NULL, NULL, NULL, NULL, NULL, NULL, NULL, NULL, NULL, NULL, NULL, NULL, NULL, NULL, NULL, NULL, NULL, NULL),
(10, NULL, 1, NULL, 'Валявіна', 'Ольга', 'Тимофіївна', NULL, NULL, 4, NULL, NULL, NULL, NULL, NULL, NULL, NULL, NULL, NULL, NULL, NULL, NULL, NULL, NULL, NULL, NULL, NULL, NULL, NULL, NULL, NULL, NULL, NULL, NULL, NULL, NULL, NULL, NULL, NULL, NULL, NULL),
(11, NULL, 1, NULL, 'Докторук', 'Валерій', 'Павлович', NULL, NULL, 3, NULL, NULL, NULL, NULL, NULL, NULL, NULL, NULL, NULL, NULL, NULL, NULL, NULL, NULL, NULL, NULL, NULL, NULL, NULL, NULL, NULL, NULL, NULL, NULL, NULL, NULL, NULL, NULL, NULL, NULL, NULL),
(12, NULL, 1, NULL, 'Данилюк', 'Анатолій', 'Миколайович', NULL, NULL, 8, NULL, NULL, NULL, NULL, NULL, NULL, NULL, NULL, NULL, NULL, NULL, NULL, NULL, NULL, NULL, NULL, NULL, NULL, NULL, NULL, NULL, NULL, NULL, NULL, NULL, NULL, NULL, NULL, NULL, NULL, NULL),
(13, NULL, 1, NULL, 'Ковалець ', 'Ірина ', 'Миколаївна', NULL, NULL, 10, NULL, NULL, NULL, NULL, NULL, NULL, NULL, NULL, NULL, NULL, NULL, NULL, NULL, NULL, NULL, NULL, NULL, NULL, NULL, NULL, NULL, NULL, NULL, NULL, NULL, NULL, NULL, NULL, NULL, NULL, NULL),
(14, NULL, 1, NULL, 'Малахова', 'Наталя', 'Борисівна', NULL, NULL, 9, NULL, NULL, NULL, NULL, NULL, NULL, NULL, NULL, NULL, NULL, NULL, NULL, NULL, NULL, NULL, NULL, NULL, NULL, NULL, NULL, NULL, NULL, NULL, NULL, NULL, NULL, NULL, NULL, NULL, NULL, NULL),
(15, NULL, 1, NULL, 'Палій', 'Наталя', 'Василівна', NULL, NULL, 8, NULL, NULL, NULL, NULL, NULL, NULL, NULL, NULL, NULL, NULL, NULL, NULL, NULL, NULL, NULL, NULL, NULL, NULL, NULL, NULL, NULL, NULL, NULL, NULL, NULL, NULL, NULL, NULL, NULL, NULL, NULL),
(16, NULL, 1, NULL, 'Свіцельський', 'Микола ', 'Олімпіанович', NULL, NULL, 7, NULL, NULL, NULL, NULL, NULL, NULL, NULL, NULL, NULL, NULL, NULL, NULL, NULL, NULL, NULL, NULL, NULL, NULL, NULL, NULL, NULL, NULL, NULL, NULL, NULL, NULL, NULL, NULL, NULL, NULL, NULL),
(17, NULL, 1, NULL, 'Гетьман', 'Богдан', 'Іванович', NULL, NULL, 5, NULL, NULL, NULL, NULL, NULL, NULL, NULL, NULL, NULL, NULL, NULL, NULL, NULL, NULL, NULL, NULL, NULL, NULL, NULL, NULL, NULL, NULL, NULL, NULL, NULL, NULL, NULL, NULL, NULL, NULL, NULL),
(18, NULL, 1, NULL, 'Громик', 'Олена', 'Миколаївна', NULL, NULL, 4, NULL, NULL, NULL, NULL, NULL, NULL, NULL, NULL, NULL, NULL, NULL, NULL, NULL, NULL, NULL, NULL, NULL, NULL, NULL, NULL, NULL, NULL, NULL, NULL, NULL, NULL, NULL, NULL, NULL, NULL, NULL),
(19, NULL, 1, NULL, 'Матвєєв', 'Олексій', 'Васильович', NULL, NULL, 3, NULL, NULL, NULL, NULL, NULL, NULL, NULL, NULL, NULL, NULL, NULL, NULL, NULL, NULL, NULL, NULL, NULL, NULL, NULL, NULL, NULL, NULL, NULL, NULL, NULL, NULL, NULL, NULL, NULL, NULL, NULL),
(20, NULL, 1, NULL, 'Миколюк', 'Олег', 'Володимирович', NULL, NULL, 6, NULL, NULL, NULL, NULL, NULL, NULL, NULL, NULL, NULL, NULL, NULL, NULL, NULL, NULL, NULL, NULL, NULL, NULL, NULL, NULL, NULL, NULL, NULL, NULL, NULL, NULL, NULL, NULL, NULL, NULL, NULL),
(21, NULL, 1, NULL, 'Студницька', 'Людмила', 'Михайлівна', NULL, NULL, 8, NULL, NULL, NULL, NULL, NULL, NULL, NULL, NULL, NULL, NULL, NULL, NULL, NULL, NULL, NULL, NULL, NULL, NULL, NULL, NULL, NULL, NULL, NULL, NULL, NULL, NULL, NULL, NULL, NULL, NULL, NULL),
(22, NULL, 1, NULL, 'Салямон', 'Ольга', 'Іванівна', NULL, NULL, 9, NULL, NULL, NULL, NULL, NULL, NULL, NULL, NULL, NULL, NULL, NULL, NULL, NULL, NULL, NULL, NULL, NULL, NULL, NULL, NULL, NULL, NULL, NULL, NULL, NULL, NULL, NULL, NULL, NULL, NULL, NULL),
(23, NULL, 1, NULL, 'Андросюк', 'Володимир', 'Федорович', NULL, NULL, 8, NULL, NULL, NULL, NULL, NULL, NULL, NULL, NULL, NULL, NULL, NULL, NULL, NULL, NULL, NULL, NULL, NULL, NULL, NULL, NULL, NULL, NULL, NULL, NULL, NULL, NULL, NULL, NULL, NULL, NULL, NULL),
(24, NULL, 1, NULL, 'Бондаренко', 'Ольга', 'Петрівна', NULL, NULL, 9, NULL, NULL, NULL, NULL, NULL, NULL, NULL, NULL, NULL, NULL, NULL, NULL, NULL, NULL, NULL, NULL, NULL, NULL, NULL, NULL, NULL, NULL, NULL, NULL, NULL, NULL, NULL, NULL, NULL, NULL, NULL),
(25, NULL, 1, NULL, 'Басюк', 'Ніна', 'Мар''янівна', NULL, NULL, 8, NULL, NULL, NULL, NULL, NULL, NULL, NULL, NULL, NULL, NULL, NULL, NULL, NULL, NULL, NULL, NULL, NULL, NULL, NULL, NULL, NULL, NULL, NULL, NULL, NULL, NULL, NULL, NULL, NULL, NULL, NULL),
(26, NULL, 1, NULL, 'Багас', 'Людмила', 'Миколаївна', NULL, NULL, 9, NULL, NULL, NULL, NULL, NULL, NULL, NULL, NULL, NULL, NULL, NULL, NULL, NULL, NULL, NULL, NULL, NULL, NULL, NULL, NULL, NULL, NULL, NULL, NULL, NULL, NULL, NULL, NULL, NULL, NULL, NULL),
(27, NULL, 1, NULL, 'Бойченко', 'Ірина', 'Вікторівна', NULL, NULL, 9, NULL, NULL, NULL, NULL, NULL, NULL, NULL, NULL, NULL, NULL, NULL, NULL, NULL, NULL, NULL, NULL, NULL, NULL, NULL, NULL, NULL, NULL, NULL, NULL, NULL, NULL, NULL, NULL, NULL, NULL, NULL),
(28, NULL, 1, NULL, 'Бойко ', 'Ганна', 'Антонівна', NULL, NULL, 10, NULL, NULL, NULL, NULL, NULL, NULL, NULL, NULL, NULL, NULL, NULL, NULL, NULL, NULL, NULL, NULL, NULL, NULL, NULL, NULL, NULL, NULL, NULL, NULL, NULL, NULL, NULL, NULL, NULL, NULL, NULL),
(29, NULL, 1, NULL, 'Братко', 'Людмила', 'Василівна', NULL, NULL, 3, NULL, NULL, NULL, NULL, NULL, NULL, NULL, NULL, NULL, NULL, NULL, NULL, NULL, NULL, NULL, NULL, NULL, NULL, NULL, NULL, NULL, NULL, NULL, NULL, NULL, NULL, NULL, NULL, NULL, NULL, NULL),
(30, NULL, 1, NULL, 'Баранюк', 'Анатолій', 'Іванович', NULL, NULL, 3, NULL, NULL, NULL, NULL, NULL, NULL, NULL, NULL, NULL, NULL, NULL, NULL, NULL, NULL, NULL, NULL, NULL, NULL, NULL, NULL, NULL, NULL, NULL, NULL, NULL, NULL, NULL, NULL, NULL, NULL, NULL),
(31, NULL, 1, NULL, 'Бельський', 'Анатолій', 'Володимирович', NULL, NULL, 7, NULL, NULL, NULL, NULL, NULL, NULL, NULL, NULL, NULL, NULL, NULL, NULL, NULL, NULL, NULL, NULL, NULL, NULL, NULL, NULL, NULL, NULL, NULL, NULL, NULL, NULL, NULL, NULL, NULL, NULL, NULL),
(32, NULL, 1, NULL, 'Верхола', 'Сергій', 'Олексійович', NULL, NULL, 5, NULL, NULL, NULL, NULL, NULL, NULL, NULL, NULL, NULL, NULL, NULL, NULL, NULL, NULL, NULL, NULL, NULL, NULL, NULL, NULL, NULL, NULL, NULL, NULL, NULL, NULL, NULL, NULL, NULL, NULL, NULL),
(33, NULL, 1, NULL, 'Шулякова', 'Оксана', 'Василівна', NULL, NULL, 4, NULL, NULL, NULL, NULL, NULL, NULL, NULL, NULL, NULL, NULL, NULL, NULL, NULL, NULL, NULL, NULL, NULL, NULL, NULL, NULL, NULL, NULL, NULL, NULL, NULL, NULL, NULL, NULL, NULL, NULL, NULL),
(34, NULL, 1, NULL, 'Гавронська', 'Наталя', 'Миколаївна', NULL, NULL, 4, NULL, NULL, NULL, NULL, NULL, NULL, NULL, NULL, NULL, NULL, NULL, NULL, NULL, NULL, NULL, NULL, NULL, NULL, NULL, NULL, NULL, NULL, NULL, NULL, NULL, NULL, NULL, NULL, NULL, NULL, NULL),
(35, NULL, 1, NULL, 'Гасан', 'Катерина', 'Василівна', NULL, NULL, 3, NULL, NULL, NULL, NULL, NULL, NULL, NULL, NULL, NULL, NULL, NULL, NULL, NULL, NULL, NULL, NULL, NULL, NULL, NULL, NULL, NULL, NULL, NULL, NULL, NULL, NULL, NULL, NULL, NULL, NULL, NULL),
(36, NULL, 1, NULL, 'Гадзира', 'Леся', 'Миколаївна', NULL, NULL, 10, NULL, NULL, NULL, NULL, NULL, NULL, NULL, NULL, NULL, NULL, NULL, NULL, NULL, NULL, NULL, NULL, NULL, NULL, NULL, NULL, NULL, NULL, NULL, NULL, NULL, NULL, NULL, NULL, NULL, NULL, NULL),
(37, NULL, 1, NULL, 'Громик', 'Микола', 'Григорович', NULL, NULL, 3, NULL, NULL, NULL, NULL, NULL, NULL, NULL, NULL, NULL, NULL, NULL, NULL, NULL, NULL, NULL, NULL, NULL, NULL, NULL, NULL, NULL, NULL, NULL, NULL, NULL, NULL, NULL, NULL, NULL, NULL, NULL),
(38, NULL, 1, NULL, 'Гріцев', 'Леонтій', 'Іванович', NULL, NULL, 7, NULL, NULL, NULL, NULL, NULL, NULL, NULL, NULL, NULL, NULL, NULL, NULL, NULL, NULL, NULL, NULL, NULL, NULL, NULL, NULL, NULL, NULL, NULL, NULL, NULL, NULL, NULL, NULL, NULL, NULL, NULL),
(39, NULL, 1, NULL, 'Докторук', 'Олена', 'Дмитрівна', NULL, NULL, 9, NULL, NULL, NULL, NULL, NULL, NULL, NULL, NULL, NULL, NULL, NULL, NULL, NULL, NULL, NULL, NULL, NULL, NULL, NULL, NULL, NULL, NULL, NULL, NULL, NULL, NULL, NULL, NULL, NULL, NULL, NULL),
(40, NULL, 1, NULL, 'Доброва', 'Тамара', 'Сергіївна', NULL, NULL, 9, NULL, NULL, NULL, NULL, NULL, NULL, NULL, NULL, NULL, NULL, NULL, NULL, NULL, NULL, NULL, NULL, NULL, NULL, NULL, NULL, NULL, NULL, NULL, NULL, NULL, NULL, NULL, NULL, NULL, NULL, NULL),
(41, NULL, 1, NULL, 'Даценко', 'Людмила', 'Іванівна', NULL, NULL, 10, NULL, NULL, NULL, NULL, NULL, NULL, NULL, NULL, NULL, NULL, NULL, NULL, NULL, NULL, NULL, NULL, NULL, NULL, NULL, NULL, NULL, NULL, NULL, NULL, NULL, NULL, NULL, NULL, NULL, NULL, NULL),
(42, NULL, 1, NULL, 'Даць', 'Сніжана', 'Іванівна', NULL, NULL, 10, NULL, NULL, NULL, NULL, NULL, NULL, NULL, NULL, NULL, NULL, NULL, NULL, NULL, NULL, NULL, NULL, NULL, NULL, NULL, NULL, NULL, NULL, NULL, NULL, NULL, NULL, NULL, NULL, NULL, NULL, NULL),
(43, NULL, 1, NULL, 'Дуда', 'Людмила', 'Олегівна', NULL, NULL, 8, NULL, NULL, NULL, NULL, NULL, NULL, NULL, NULL, NULL, NULL, NULL, NULL, NULL, NULL, NULL, NULL, NULL, NULL, NULL, NULL, NULL, NULL, NULL, NULL, NULL, NULL, NULL, NULL, NULL, NULL, NULL),
(44, NULL, 1, NULL, 'Желавська', 'Ірина', 'Анатоліївна', NULL, NULL, 8, NULL, NULL, NULL, NULL, NULL, NULL, NULL, NULL, NULL, NULL, NULL, NULL, NULL, NULL, NULL, NULL, NULL, NULL, NULL, NULL, NULL, NULL, NULL, NULL, NULL, NULL, NULL, NULL, NULL, NULL, NULL),
(45, NULL, 1, NULL, 'Захватова', 'Лариса', 'Василівна', NULL, NULL, 8, NULL, NULL, NULL, NULL, NULL, NULL, NULL, NULL, NULL, NULL, NULL, NULL, NULL, NULL, NULL, NULL, NULL, NULL, NULL, NULL, NULL, NULL, NULL, NULL, NULL, NULL, NULL, NULL, NULL, NULL, NULL),
(46, NULL, 1, NULL, 'Зеленська', 'Людмила', 'Іванівна', NULL, NULL, 3, NULL, NULL, NULL, NULL, NULL, NULL, NULL, NULL, NULL, NULL, NULL, NULL, NULL, NULL, NULL, NULL, NULL, NULL, NULL, NULL, NULL, NULL, NULL, NULL, NULL, NULL, NULL, NULL, NULL, NULL, NULL),
(47, NULL, 1, NULL, 'Заяць', 'Володимир', 'Миколайович', NULL, NULL, 3, NULL, NULL, NULL, NULL, NULL, NULL, NULL, NULL, NULL, NULL, NULL, NULL, NULL, NULL, NULL, NULL, NULL, NULL, NULL, NULL, NULL, NULL, NULL, NULL, NULL, NULL, NULL, NULL, NULL, NULL, NULL),
(48, NULL, 1, NULL, 'Кайдановська', 'Олена', 'Миколаївна', NULL, NULL, 4, NULL, NULL, NULL, NULL, NULL, NULL, NULL, NULL, NULL, NULL, NULL, NULL, NULL, NULL, NULL, NULL, NULL, NULL, NULL, NULL, NULL, NULL, NULL, NULL, NULL, NULL, NULL, NULL, NULL, NULL, NULL),
(49, NULL, 1, NULL, 'Кузнецова', 'Наталя', 'Юріївна', NULL, NULL, 10, NULL, NULL, NULL, NULL, NULL, NULL, NULL, NULL, NULL, NULL, NULL, NULL, NULL, NULL, NULL, NULL, NULL, NULL, NULL, NULL, NULL, NULL, NULL, NULL, NULL, NULL, NULL, NULL, NULL, NULL, NULL),
(50, NULL, 1, NULL, 'Клімішина', 'Галина', 'Григорівна', NULL, NULL, 4, NULL, NULL, NULL, NULL, NULL, NULL, NULL, NULL, NULL, NULL, NULL, NULL, NULL, NULL, NULL, NULL, NULL, NULL, NULL, NULL, NULL, NULL, NULL, NULL, NULL, NULL, NULL, NULL, NULL, NULL, NULL),
(51, NULL, 1, NULL, 'Котов', 'Віктор', 'Вікторович', NULL, NULL, 9, NULL, NULL, NULL, NULL, NULL, NULL, NULL, NULL, NULL, NULL, NULL, NULL, NULL, NULL, NULL, NULL, NULL, NULL, NULL, NULL, NULL, NULL, NULL, NULL, NULL, NULL, NULL, NULL, NULL, NULL, NULL),
(52, NULL, 1, NULL, 'Калюк', 'Олександр', 'Пилипович', NULL, NULL, 3, NULL, NULL, NULL, NULL, NULL, NULL, NULL, NULL, NULL, NULL, NULL, NULL, NULL, NULL, NULL, NULL, NULL, NULL, NULL, NULL, NULL, NULL, NULL, NULL, NULL, NULL, NULL, NULL, NULL, NULL, NULL),
(53, NULL, 1, NULL, 'Койфман', 'Аркадій', 'Михайлович', NULL, NULL, 3, NULL, NULL, NULL, NULL, NULL, NULL, NULL, NULL, NULL, NULL, NULL, NULL, NULL, NULL, NULL, NULL, NULL, NULL, NULL, NULL, NULL, NULL, NULL, NULL, NULL, NULL, NULL, NULL, NULL, NULL, NULL),
(54, NULL, 1, NULL, 'Кульбаба', 'Світлана', 'Олександрівна', NULL, NULL, 10, NULL, NULL, NULL, NULL, NULL, NULL, NULL, NULL, NULL, NULL, NULL, NULL, NULL, NULL, NULL, NULL, NULL, NULL, NULL, NULL, NULL, NULL, NULL, NULL, NULL, NULL, NULL, NULL, NULL, NULL, NULL),
(55, NULL, 1, NULL, 'Кравчук', 'Ольга', 'Вікторівна', NULL, NULL, 4, NULL, NULL, NULL, NULL, NULL, NULL, NULL, NULL, NULL, NULL, NULL, NULL, NULL, NULL, NULL, NULL, NULL, NULL, NULL, NULL, NULL, NULL, NULL, NULL, NULL, NULL, NULL, NULL, NULL, NULL, NULL),
(56, NULL, 1, NULL, 'Кравчук', 'Ольга', 'Вікторівна', NULL, NULL, 4, NULL, NULL, NULL, NULL, NULL, NULL, NULL, NULL, NULL, NULL, NULL, NULL, NULL, NULL, NULL, NULL, NULL, NULL, NULL, NULL, NULL, NULL, NULL, NULL, NULL, NULL, NULL, NULL, NULL, NULL, NULL),
(57, NULL, 1, NULL, 'Капітан', 'Галина', 'Володимирівна', NULL, NULL, 9, NULL, NULL, NULL, NULL, NULL, NULL, NULL, NULL, NULL, NULL, NULL, NULL, NULL, NULL, NULL, NULL, NULL, NULL, NULL, NULL, NULL, NULL, NULL, NULL, NULL, NULL, NULL, NULL, NULL, NULL, NULL),
(58, NULL, 1, NULL, 'Ляховець ', 'Вікторія', 'Володимирівна', NULL, NULL, 4, NULL, NULL, NULL, NULL, NULL, NULL, NULL, NULL, NULL, NULL, NULL, NULL, NULL, NULL, NULL, NULL, NULL, NULL, NULL, NULL, NULL, NULL, NULL, NULL, NULL, NULL, NULL, NULL, NULL, NULL, NULL),
(59, NULL, 1, NULL, 'Лункіна', 'Ольга', 'Миколаївна', NULL, NULL, 9, NULL, NULL, NULL, NULL, NULL, NULL, NULL, NULL, NULL, NULL, NULL, NULL, NULL, NULL, NULL, NULL, NULL, NULL, NULL, NULL, NULL, NULL, NULL, NULL, NULL, NULL, NULL, NULL, NULL, NULL, NULL),
(60, NULL, 1, NULL, 'Мельник', 'Раїса', 'Феліксівна', NULL, NULL, 3, NULL, NULL, NULL, NULL, NULL, NULL, NULL, NULL, NULL, NULL, NULL, NULL, NULL, NULL, NULL, NULL, NULL, NULL, NULL, NULL, NULL, NULL, NULL, NULL, NULL, NULL, NULL, NULL, NULL, NULL, NULL),
(61, NULL, 1, NULL, 'Микитюк', 'Олена', 'Володимирівна', NULL, NULL, 10, NULL, NULL, NULL, NULL, NULL, NULL, NULL, NULL, NULL, NULL, NULL, NULL, NULL, NULL, NULL, NULL, NULL, NULL, NULL, NULL, NULL, NULL, NULL, NULL, NULL, NULL, NULL, NULL, NULL, NULL, NULL),
(62, NULL, 1, NULL, 'Мерлюк', 'Світлана', 'Антонівна', NULL, NULL, 8, NULL, NULL, NULL, NULL, NULL, NULL, NULL, NULL, NULL, NULL, NULL, NULL, NULL, NULL, NULL, NULL, NULL, NULL, NULL, NULL, NULL, NULL, NULL, NULL, NULL, NULL, NULL, NULL, NULL, NULL, NULL),
(63, NULL, 1, NULL, 'Масловська', 'Лілія', 'Володимирівна', NULL, NULL, 3, NULL, NULL, NULL, NULL, NULL, NULL, NULL, NULL, NULL, NULL, NULL, NULL, NULL, NULL, NULL, NULL, NULL, NULL, NULL, NULL, NULL, NULL, NULL, NULL, NULL, NULL, NULL, NULL, NULL, NULL, NULL),
(64, NULL, 1, NULL, 'Марчук', 'Ольга', 'Михайлівна', NULL, NULL, 5, NULL, NULL, NULL, NULL, NULL, NULL, NULL, NULL, NULL, NULL, NULL, NULL, NULL, NULL, NULL, NULL, NULL, NULL, NULL, NULL, NULL, NULL, NULL, NULL, NULL, NULL, NULL, NULL, NULL, NULL, NULL),
(65, NULL, 1, NULL, 'Нижник', 'Олександр', 'Миколайович', NULL, NULL, 3, NULL, NULL, NULL, NULL, NULL, NULL, NULL, NULL, NULL, NULL, NULL, NULL, NULL, NULL, NULL, NULL, NULL, NULL, NULL, NULL, NULL, NULL, NULL, NULL, NULL, NULL, NULL, NULL, NULL, NULL, NULL),
(66, NULL, 1, NULL, 'Олійник', 'Світлана', 'Олександрівна', NULL, NULL, 10, NULL, NULL, NULL, NULL, NULL, NULL, NULL, NULL, NULL, NULL, NULL, NULL, NULL, NULL, NULL, NULL, NULL, NULL, NULL, NULL, NULL, NULL, NULL, NULL, NULL, NULL, NULL, NULL, NULL, NULL, NULL),
(67, NULL, 1, NULL, 'Осіпова', 'Ольга', 'Юріївна', NULL, NULL, 8, NULL, NULL, NULL, NULL, NULL, NULL, NULL, NULL, NULL, NULL, NULL, NULL, NULL, NULL, NULL, NULL, NULL, NULL, NULL, NULL, NULL, NULL, NULL, NULL, NULL, NULL, NULL, NULL, NULL, NULL, NULL),
(68, NULL, 1, NULL, 'Онищук', 'Віктор', 'Анатолійович', NULL, NULL, 3, NULL, NULL, NULL, NULL, NULL, NULL, NULL, NULL, NULL, NULL, NULL, NULL, NULL, NULL, NULL, NULL, NULL, NULL, NULL, NULL, NULL, NULL, NULL, NULL, NULL, NULL, NULL, NULL, NULL, NULL, NULL),
(69, NULL, 1, NULL, 'Остроушко', 'Олександр', 'Юрійович', NULL, NULL, 3, NULL, NULL, NULL, NULL, NULL, NULL, NULL, NULL, NULL, NULL, NULL, NULL, NULL, NULL, NULL, NULL, NULL, NULL, NULL, NULL, NULL, NULL, NULL, NULL, NULL, NULL, NULL, NULL, NULL, NULL, NULL),
(70, NULL, 1, NULL, 'Миколюк', 'Марина', 'Вікторівна', NULL, NULL, 6, NULL, NULL, NULL, NULL, NULL, NULL, NULL, NULL, NULL, NULL, NULL, NULL, NULL, NULL, NULL, NULL, NULL, NULL, NULL, NULL, NULL, NULL, NULL, NULL, NULL, NULL, NULL, NULL, NULL, NULL, NULL),
(71, NULL, 1, NULL, 'Пахолюк', 'Олександр', 'Володимирович', NULL, NULL, 7, NULL, NULL, NULL, NULL, NULL, NULL, NULL, NULL, NULL, NULL, NULL, NULL, NULL, NULL, NULL, NULL, NULL, NULL, NULL, NULL, NULL, NULL, NULL, NULL, NULL, NULL, NULL, NULL, NULL, NULL, NULL),
(72, NULL, 1, NULL, 'Прокопчук', 'Володимир', 'Федорович', NULL, NULL, 3, NULL, NULL, NULL, NULL, NULL, NULL, NULL, NULL, NULL, NULL, NULL, NULL, NULL, NULL, NULL, NULL, NULL, NULL, NULL, NULL, NULL, NULL, NULL, NULL, NULL, NULL, NULL, NULL, NULL, NULL, NULL),
(73, NULL, 1, NULL, 'Пірог', 'Леонід', 'Володимирович', NULL, NULL, 3, NULL, NULL, NULL, NULL, NULL, NULL, NULL, NULL, NULL, NULL, NULL, NULL, NULL, NULL, NULL, NULL, NULL, NULL, NULL, NULL, NULL, NULL, NULL, NULL, NULL, NULL, NULL, NULL, NULL, NULL, NULL),
(74, NULL, 1, NULL, 'Паракуда', 'Галина', 'Василівна', NULL, NULL, 5, NULL, NULL, NULL, NULL, NULL, NULL, NULL, NULL, NULL, NULL, NULL, NULL, NULL, NULL, NULL, NULL, NULL, NULL, NULL, NULL, NULL, NULL, NULL, NULL, NULL, NULL, NULL, NULL, NULL, NULL, NULL),
(75, NULL, 1, NULL, 'Праворська', 'Юлія', 'Альбінівна', NULL, NULL, 5, NULL, NULL, NULL, NULL, NULL, NULL, NULL, NULL, NULL, NULL, NULL, NULL, NULL, NULL, NULL, NULL, NULL, NULL, NULL, NULL, NULL, NULL, NULL, NULL, NULL, NULL, NULL, NULL, NULL, NULL, NULL),
(76, NULL, 1, NULL, 'Ребедюк', 'Наталія', 'Олександрівна', NULL, NULL, 4, NULL, NULL, NULL, NULL, NULL, NULL, NULL, NULL, NULL, NULL, NULL, NULL, NULL, NULL, NULL, NULL, NULL, NULL, NULL, NULL, NULL, NULL, NULL, NULL, NULL, NULL, NULL, NULL, NULL, NULL, NULL),
(77, NULL, 1, NULL, 'Стукан', 'Андрій', 'Михайлович', NULL, NULL, 6, NULL, NULL, NULL, NULL, NULL, NULL, NULL, NULL, NULL, NULL, NULL, NULL, NULL, NULL, NULL, NULL, NULL, NULL, NULL, NULL, NULL, NULL, NULL, NULL, NULL, NULL, NULL, NULL, NULL, NULL, NULL),
(78, NULL, 1, NULL, 'Старцун', 'Петро', 'Романович', NULL, NULL, 7, NULL, NULL, NULL, NULL, NULL, NULL, NULL, NULL, NULL, NULL, NULL, NULL, NULL, NULL, NULL, NULL, NULL, NULL, NULL, NULL, NULL, NULL, NULL, NULL, NULL, NULL, NULL, NULL, NULL, NULL, NULL),
(79, NULL, 1, NULL, 'Слободзян', 'Леся', 'Анатоліївна', NULL, NULL, 10, NULL, NULL, NULL, NULL, NULL, NULL, NULL, NULL, NULL, NULL, NULL, NULL, NULL, NULL, NULL, NULL, NULL, NULL, NULL, NULL, NULL, NULL, NULL, NULL, NULL, NULL, NULL, NULL, NULL, NULL, NULL),
(80, NULL, 1, NULL, 'Суркова', 'Тетяна', 'В''ячеславівна', NULL, NULL, 8, NULL, NULL, NULL, NULL, NULL, NULL, NULL, NULL, NULL, NULL, NULL, NULL, NULL, NULL, NULL, NULL, NULL, NULL, NULL, NULL, NULL, NULL, NULL, NULL, NULL, NULL, NULL, NULL, NULL, NULL, NULL),
(81, NULL, 1, NULL, 'Смолій', 'Ольга', 'Юріївна', NULL, NULL, 6, NULL, NULL, NULL, NULL, NULL, NULL, NULL, NULL, NULL, NULL, NULL, NULL, NULL, NULL, NULL, NULL, NULL, NULL, NULL, NULL, NULL, NULL, NULL, NULL, NULL, NULL, NULL, NULL, NULL, NULL, NULL),
(82, NULL, 1, NULL, 'Тарасюк', 'Валентина', 'Федорівна', NULL, NULL, 10, NULL, NULL, NULL, NULL, NULL, NULL, NULL, NULL, NULL, NULL, NULL, NULL, NULL, NULL, NULL, NULL, NULL, NULL, NULL, NULL, NULL, NULL, NULL, NULL, NULL, NULL, NULL, NULL, NULL, NULL, NULL),
(83, NULL, 1, NULL, 'Торопов', 'Євген', 'Євгенович', NULL, NULL, 3, NULL, NULL, NULL, NULL, NULL, NULL, NULL, NULL, NULL, NULL, NULL, NULL, NULL, NULL, NULL, NULL, NULL, NULL, NULL, NULL, NULL, NULL, NULL, NULL, NULL, NULL, NULL, NULL, NULL, NULL, NULL),
(84, NULL, 1, NULL, 'Фрімерштейн', 'Григорій', 'Олександрович', NULL, NULL, 4, NULL, NULL, NULL, NULL, NULL, NULL, NULL, NULL, NULL, NULL, NULL, NULL, NULL, NULL, NULL, NULL, NULL, NULL, NULL, NULL, NULL, NULL, NULL, NULL, NULL, NULL, NULL, NULL, NULL, NULL, NULL),
(85, NULL, 1, NULL, 'Фрімерштейн', 'Вікторія', 'Григорівна', NULL, NULL, 4, NULL, NULL, NULL, NULL, NULL, NULL, NULL, NULL, NULL, NULL, NULL, NULL, NULL, NULL, NULL, NULL, NULL, NULL, NULL, NULL, NULL, NULL, NULL, NULL, NULL, NULL, NULL, NULL, NULL, NULL, NULL),
(86, NULL, 1, NULL, 'Чернов', 'Костянтин', 'Вікторович', NULL, NULL, 3, NULL, NULL, NULL, NULL, NULL, NULL, NULL, NULL, NULL, NULL, NULL, NULL, NULL, NULL, NULL, NULL, NULL, NULL, NULL, NULL, NULL, NULL, NULL, NULL, NULL, NULL, NULL, NULL, NULL, NULL, NULL),
(87, NULL, 1, NULL, 'Чернова', 'Віта', 'Анатоліївна', NULL, NULL, 10, NULL, NULL, NULL, NULL, NULL, NULL, NULL, NULL, NULL, NULL, NULL, NULL, NULL, NULL, NULL, NULL, NULL, NULL, NULL, NULL, NULL, NULL, NULL, NULL, NULL, NULL, NULL, NULL, NULL, NULL, NULL),
(88, NULL, 1, NULL, 'Яремчук', 'Андрій', 'Анатолійович', NULL, NULL, 3, NULL, NULL, NULL, NULL, NULL, NULL, NULL, NULL, NULL, NULL, NULL, NULL, NULL, NULL, NULL, NULL, NULL, NULL, NULL, NULL, NULL, NULL, NULL, NULL, NULL, NULL, NULL, NULL, NULL, NULL, NULL),
(89, NULL, 1, NULL, 'Гавронський', 'Віталій', 'Євгенійович', NULL, NULL, 5, NULL, NULL, NULL, NULL, NULL, NULL, NULL, NULL, NULL, NULL, NULL, NULL, NULL, NULL, NULL, NULL, NULL, NULL, NULL, NULL, NULL, NULL, NULL, NULL, NULL, NULL, NULL, NULL, NULL, NULL, NULL);

--
-- Дамп данных таблицы `exemption`
--

INSERT INTO `exemption` (`id`, `title`) VALUES
(1, 'Сирота'),
(2, 'Інвалід');

--
-- Дамп данных таблицы `group`
--

INSERT INTO `group` (`id`, `title`, `speciality_id`, `curator_id`, `monitor_id`) VALUES
(6, 'ПР-121', 1, 1, 0),
(5, 'ПР-141', 1, 8, 0),
(4, 'ПР-142', 1, 2, 7),
(7, 'ПР-122', 1, 7, 0),
(8, 'ПР-131', 1, 5, 0),
(9, 'ПР-132', 1, 20, 0),
(10, 'ПР-111', 1, 22, 0),
(11, 'ПР-112', 1, 21, 0),
(12, 'КС-131', 2, 82, 0),
(13, 'КС-132', 2, 89, 0),
(14, 'КС-121', 2, 15, 0),
(15, 'КС-122', 2, 44, 0),
(16, 'КС-123', 2, 62, 0),
(17, 'КС-111', 2, 13, 0),
(18, 'КС-112', 2, 60, 0),
(19, 'КС-141', 2, 26, 0),
(20, 'КС-142', 2, 32, 0),
(21, 'ЕП-131', 4, 76, 0),
(22, 'ОВ-131', 5, 59, 0),
(23, 'ІМ-131', 6, 49, 0),
(24, 'ОА-131', 7, 88, 0),
(25, 'ОА-132', 7, 36, 0),
(26, 'ОВ-121', 5, 61, 0),
(27, 'ЕП-121', 4, 58, 0),
(28, 'ОМ-121', 3, 41, 0),
(29, 'ВР-121', 6, 19, 0),
(30, 'ВР-122', 6, 24, 0),
(31, 'ОА-121', 7, 42, 0),
(32, 'ОА-122', 7, 87, 0),
(33, 'ОВ-111', 5, 14, 0),
(34, 'ОМ-111', 3, 18, 0),
(35, 'ВР-111', 6, 53, 0),
(36, 'ВР-112', 6, 66, 0),
(37, 'ОА-111', 7, 86, 0),
(38, 'ОА-112', 7, 43, 0),
(39, 'ОВ-141', 5, 80, 0),
(40, 'ОВ-142', 5, 34, 0),
(41, 'ОМ-141', 3, 46, 0),
(42, 'ВР-141', 6, 27, 0),
(43, 'ВР-142', 6, 83, 0),
(44, 'ОА-141', 7, 69, 0),
(45, 'ОА-142', 7, 65, 0);

--
-- Дамп данных таблицы `position`
--

INSERT INTO `position` (`id`, `title`, `max_load_hour_1`, `max_load_hour_2`) VALUES
(1, '????????', 720, 360),
(2, '?????????? ???????????', 720, 360),
(3, '????????', 720, 360);

--
-- Дамп данных таблицы `settings`
--

INSERT INTO `settings` (`id`, `key`, `title`, `value`) VALUES
(1, 'name', 'Назва', 'Хмельницький політехнічний коледж'),
(2, 'short_name', 'Скорочена назва', 'ХПК');

--
-- Дамп данных таблицы `speciality`
--

INSERT INTO `speciality` (`id`, `title`, `department_id`, `number`, `accreditation_date`, `qualification`, `apprenticeship`, `discipline`, `direction`, `education_form`) VALUES
(1, 'Розробка програмного забезпечення', 2, '5.05010301', '0000-00-00', NULL, NULL, NULL, NULL, NULL),
(2, 'Комп''ютерні системи та мережі', 3, '5.05010201', '2014-01-20', NULL, NULL, NULL, NULL, NULL),
(3, 'Технологія обробки матеріалів', 4, '5.05050302', '2014-02-20', NULL, NULL, NULL, NULL, NULL),
(4, 'Економіка підприємства', 4, '5.03050401', '2014-02-20', NULL, NULL, NULL, NULL, NULL),
(5, 'Організація виробництва', 4, '5.03060101', '2014-02-20', NULL, NULL, NULL, NULL, NULL),
(6, 'Обслуговуваня верстатів ', 5, '5.05050202', '2014-01-23', NULL, NULL, NULL, NULL, NULL),
(7, 'Обслуговування та ремонт автомобілів', 5, '5.07010602', '2014-01-23', NULL, NULL, NULL, NULL, NULL),
(8, 'Організація виробництва', 6, '5.03060101', '2014-02-20', NULL, NULL, NULL, NULL, NULL),
(9, 'Обслуговування комп’ютерних систем', 6, '5.05010201', '2014-01-21', NULL, NULL, NULL, NULL, NULL),
(10, 'Обслуговування верстатів', 6, '5.05050202', '2014-01-20', NULL, NULL, NULL, NULL, NULL),
(11, 'Обслуговування та ремонт автомобілів', 6, '5.07010602', '2014-02-18', NULL, NULL, NULL, NULL, NULL),
(12, 'Обслуговування компютерних систем та мереж', 3, '5.05010201', '2014-04-28', NULL, NULL, NULL, NULL, NULL);

--
-- Дамп данных таблицы `sp_plan`
--

INSERT INTO `sp_plan` (`id`, `speciality_id`, `semesters`, `created`, `updated`, `graph`) VALUES
(8, 1, '17|23|16|16|16|16|16|8', 1402062502, 1402062502, '[["T","T","T","T","T","T","T","T","T","T","T","T","T","T","T","T","T","H","H","T","T","T","T","T","T","T","T","T","T","T","T","T","T","T","T","T","T","T","T","T","T","T","S","H","H","H","H","H","H","H","H","H"],["T","T","T","T","T","T","T","T","T","T","T","T","T","T","T","T","S","H","H","T","T","T","T","T","T","T","T","T","T","T","T","T","T","T","T","S","S","S","P","P","P","P","P","H","H","H","H","H","H","H","H","H"],["T","T","T","T","T","T","T","T","T","T","T","T","T","T","T","T","S","H","H","T","T","T","T","T","T","T","T","T","T","T","T","T","T","T","T","S","S","S","P","P","P","P","P","H","H","H","H","H","H","H","H","H"],["T","T","T","T","T","T","T","T","T","T","T","T","T","T","T","T","S","H","H","T","T","T","T","T","T","T","T","S","P","P","P","P","P","P","P","P","P","DP","DP","DP","DP","DP","DA"," "," "," "," "," "," "," "," "," "]]'),
(9, 1, '17|23|16|16|16|16|16|8', 1402062774, 1402062774, '[["T","T","T","T","T","T","T","T","T","T","T","T","T","T","T","T","T","H","H","T","T","T","T","T","T","T","T","T","T","T","T","T","T","T","T","T","T","T","T","T","T","T","S","H","H","H","H","H","H","H","H","H"],["T","T","T","T","T","T","T","T","T","T","T","T","T","T","T","T","S","H","H","T","T","T","T","T","T","T","T","T","T","T","T","T","T","T","T","S","S","S","P","P","P","P","P","H","H","H","H","H","H","H","H","H"],["T","T","T","T","T","T","T","T","T","T","T","T","T","T","T","T","S","H","H","T","T","T","T","T","T","T","T","T","T","T","T","T","T","T","T","S","S","S","P","P","P","P","P","H","H","H","H","H","H","H","H","H"],["T","T","T","T","T","T","T","T","T","T","T","T","T","T","T","T","S","H","H","T","T","T","T","T","T","T","T","S","P","P","P","P","P","P","P","P","P","DP","DP","DP","DP","DP","DA"," "," "," "," "," "," "," "," "," "]]');

--
-- Дамп данных таблицы `sp_subject`
--

INSERT INTO `sp_subject` (`id`, `plan_id`, `subject_id`, `total`, `lectures`, `labs`, `practs`, `weeks`, `control`, `practice_weeks`, `diploma_name`, `certificate_name`, `dual_practice`, `dual_labs`) VALUES
(1, 4, 1, 420, 146, 0, 170, '6|6|6|||||', '[["0","0","0","0","0","0"],["1","0","0","0","0","0"],["0","0","0","0","0","0"],["0","0","0","0","0","0"],["0","0","0","0","0","0"],["0","0","0","0","0","0"],["0","0","0","0","0","0"],["0","0","0","0","0","0"]]', NULL, '', '', 0, 0),
(2, 4, 2, 140, 72, 20, 28, '5|5||||||', '[["0","0","0","0","0","0"],["1","0","0","0","0","0"],["0","0","0","0","0","0"],["0","0","0","0","0","0"],["0","0","0","0","0","0"],["0","0","0","0","0","0"],["0","0","0","0","0","0"],["0","0","0","0","0","0"]]', NULL, '', '??????', 0, 1),
(3, 4, 1, 170, 100, 20, 30, '6|2||||||', '[["0","0","0","0","0","0"],["1","0","0","0","0","0"],["0","0","0","0","0","0"],["0","0","0","0","0","0"],["0","0","0","0","0","0"],["0","0","0","0","0","0"],["0","0","0","0","0","0"],["0","0","0","0","0","0"]]', NULL, '', '?????', 0, 1),
(4, 5, 1, 420, 236, 100, 0, '6|6|6||||0|', '[["0","0","0","0","0","0"],["1","0","0","0","0","0"],["0","0","1","0","0","0"],["0","0","0","0","0","0"],["0","0","0","0","0","0"],["0","0","0","0","0","0"],["0","0","0","0","0","0"],["0","0","0","0","0","0"]]', NULL, '', '??????????', 0, 0),
(5, 5, 2, 165, 0, 0, 0, '3|4||||||', '[["0","0","0","0","0","0"],["0","0","0","0","0","0"],["0","0","0","0","0","0"],["0","0","0","0","0","0"],["0","0","0","0","0","0"],["0","0","0","0","0","0"],["0","0","0","0","0","0"],["0","0","0","0","0","0"]]', NULL, '', '', 0, 0),
(6, 6, 1, 420, 146, 0, 170, '6|6|6|||||', '[["0","0","0","0","0","0"],["1","0","0","0","0","0"],["0","0","0","0","0","0"],["0","0","0","0","0","0"],["0","0","0","0","0","0"],["0","0","0","0","0","0"],["0","0","0","0","0","0"],["0","0","0","0","0","0"]]', NULL, '', '', 0, 0),
(7, 6, 2, 140, 72, 20, 28, '5|5||||||', '[["0","0","0","0","0","0"],["1","0","0","0","0","0"],["0","0","0","0","0","0"],["0","0","0","0","0","0"],["0","0","0","0","0","0"],["0","0","0","0","0","0"],["0","0","0","0","0","0"],["0","0","0","0","0","0"]]', NULL, '', '??????', 0, 1),
(9, 6, 103, 216, 46, 66, 0, '||||3|4|0|0', '[["0","0","0","0","0","0"],["0","0","0","0","0","0"],["0","0","0","0","0","0"],["0","0","0","0","0","0"],["1","0","0","0","0","0"],["0","1","0","0","1","0"],["0","0","0","0","0","0"],["0","0","0","0","0","0"]]', NULL, '', '', 0, 1),
(10, 7, 1, 420, 146, 0, 170, '6|6|6|||||', '[["0","0","0","0","0","0"],["1","0","0","0","0","0"],["0","0","0","0","0","0"],["0","0","0","0","0","0"],["0","0","0","0","0","0"],["0","0","0","0","0","0"],["0","0","0","0","0","0"],["0","0","0","0","0","0"]]', NULL, '', '', 0, 0),
(11, 7, 2, 140, 72, 20, 28, '5|5||||||', '[["0","0","0","0","0","0"],["1","0","0","0","0","0"],["0","0","0","0","0","0"],["0","0","0","0","0","0"],["0","0","0","0","0","0"],["0","0","0","0","0","0"],["0","0","0","0","0","0"],["0","0","0","0","0","0"]]', NULL, '', '??????', 0, 1),
(12, 7, 1, 170, 100, 20, 30, '6|2||||||', '[["0","0","0","0","0","0"],["1","0","0","0","0","0"],["0","0","0","0","0","0"],["0","0","0","0","0","0"],["0","0","0","0","0","0"],["0","0","0","0","0","0"],["0","0","0","0","0","0"],["0","0","0","0","0","0"]]', NULL, '', '?????', 0, 1),
(13, 9, 105, 140, 50, 0, 62, '2|2|2|||||', '[["0","0","0","0","0","0"],["1","0","0","0","0","0"],["0","0","1","0","0","0"],["0","0","0","0","0","0"],["0","0","0","0","0","0"],["0","0","0","0","0","0"],["0","0","0","0","0","0"],["0","0","0","0","0","0"]]', 0, '', '?????????? ????', 0, 0),
(14, 9, 106, 210, 169, 0, 0, '4|3|2|||||', '[["0","0","0","0","0","0"],["1","0","0","0","0","0"],["1","0","0","0","0","0"],["0","0","0","0","0","0"],["0","0","0","0","0","0"],["0","0","0","0","0","0"],["0","0","0","0","0","0"],["0","0","0","0","0","0"]]', NULL, '', '?????????? ??????????', 0, 0),
(15, 9, 107, 160, 0, 0, 114, '4|2||||||', '[["0","0","0","0","0","0"],["1","0","0","0","0","0"],["1","0","0","0","0","0"],["0","0","0","0","0","0"],["0","0","0","0","0","0"],["0","0","0","0","0","0"],["0","0","0","0","0","0"],["0","0","0","0","0","0"]]', NULL, '', '???????? ????', 0, 0),
(16, 9, 108, 105, 80, 0, 0, '2|2||||||', '[["0","0","0","0","0","0"],["1","0","0","0","0","0"],["0","0","0","0","0","0"],["0","0","0","0","0","0"],["0","0","0","0","0","0"],["0","0","0","0","0","0"],["0","0","0","0","0","0"],["0","0","0","0","0","0"]]', NULL, '', '??????? ??????????', 0, 0),
(17, 9, 113, 35, 34, 0, 0, '2|||||||', '[["1","0","0","0","0","0"],["0","0","0","0","0","0"],["0","0","0","0","0","0"],["0","0","0","0","0","0"],["0","0","0","0","0","0"],["0","0","0","0","0","0"],["0","0","0","0","0","0"],["0","0","0","0","0","0"]]', NULL, '', '?????? ? ????', 0, 0),
(18, 9, 117, 140, 72, 20, 28, '3|3||||||', '[["0","0","0","0","0","0"],["1","0","0","0","0","0"],["0","0","0","0","0","0"],["0","0","0","0","0","0"],["0","0","0","0","0","0"],["0","0","0","0","0","0"],["0","0","0","0","0","0"],["0","0","0","0","0","0"]]', NULL, '', '', 0, 1),
(19, 9, 118, 35, 23, 0, 0, '|1||||||', '[["0","0","0","0","0","0"],["1","0","0","0","0","0"],["0","0","0","0","0","0"],["0","0","0","0","0","0"],["0","0","0","0","0","0"],["0","0","0","0","0","0"],["0","0","0","0","0","0"],["0","0","0","0","0","0"]]', NULL, '', '??????????', 0, 0),
(20, 9, 119, 122, 91, 6, 0, '3|2||||||', '[["0","0","0","0","0","0"],["1","0","0","0","0","0"],["0","0","0","0","0","0"],["0","0","0","0","0","0"],["0","0","0","0","0","0"],["0","0","0","0","0","0"],["0","0","0","0","0","0"],["0","0","0","0","0","0"]]', NULL, '', '????????', 0, 0),
(21, 9, 120, 52, 46, 0, 0, '|2||||||', '[["0","0","0","0","0","0"],["1","0","0","0","0","0"],["0","0","0","0","0","0"],["0","0","0","0","0","0"],["0","0","0","0","0","0"],["0","0","0","0","0","0"],["0","0","0","0","0","0"],["0","0","0","0","0","0"]]', NULL, '', '?????????', 0, 0),
(22, 9, 121, 70, 43, 20, 0, '1|2||||||', '[["0","0","0","0","0","0"],["1","0","0","0","0","0"],["0","0","0","0","0","0"],["0","0","0","0","0","0"],["0","0","0","0","0","0"],["0","0","0","0","0","0"],["0","0","0","0","0","0"],["0","0","0","0","0","0"]]', NULL, '', '?????', 0, 1),
(23, 9, 124, 140, 36, 44, 0, '2|2||||||', '[["0","0","0","0","0","0"],["0","0","0","0","0","0"],["0","0","0","0","0","0"],["0","0","0","0","0","0"],["0","0","0","0","0","0"],["0","0","0","0","0","0"],["0","0","0","0","0","0"],["0","0","0","0","0","0"]]', NULL, '', '???????????', 0, 1),
(24, 9, 126, 70, 63, 0, 0, '1|2||||||', '[["0","0","0","0","0","0"],["1","0","0","0","0","0"],["0","0","0","0","0","0"],["0","0","0","0","0","0"],["0","0","0","0","0","0"],["0","0","0","0","0","0"],["0","0","0","0","0","0"],["0","0","0","0","0","0"]]', NULL, '', '', 0, 0),
(25, 9, 109, 80, 69, 0, 0, '|3||||||', '[["0","0","0","0","0","0"],["1","0","0","0","0","0"],["0","0","0","0","0","0"],["0","0","0","0","0","0"],["0","0","0","0","0","0"],["0","0","0","0","0","0"],["0","0","0","0","0","0"],["0","0","0","0","0","0"]]', NULL, '', '??????? ???????', 0, 0),
(26, 9, 110, 105, 80, 0, 0, '2|2||||||', '[["0","0","0","0","0","0"],["1","0","0","0","0","0"],["0","0","0","0","0","0"],["0","0","0","0","0","0"],["0","0","0","0","0","0"],["0","0","0","0","0","0"],["0","0","0","0","0","0"],["0","0","0","0","0","0"]]', NULL, '', '????????? ???????', 0, 0),
(27, 9, 125, 160, 0, 0, 80, '2|2||||||', '[["0","0","0","0","0","0"],["1","0","0","0","0","0"],["0","0","0","0","0","0"],["0","0","0","0","0","0"],["0","0","0","0","0","0"],["0","0","0","0","0","0"],["0","0","0","0","0","0"],["0","0","0","0","0","0"]]', NULL, '', '??????? ????????', 0, 0),
(28, 9, 122, 54, 22, 0, 10, '||2|||||', '[["0","0","0","0","0","0"],["0","0","0","0","0","0"],["1","0","0","0","0","0"],["0","0","0","0","0","0"],["0","0","0","0","0","0"],["0","0","0","0","0","0"],["0","0","0","0","0","0"],["0","0","0","0","0","0"]]', 0, '?????? ????????', '????????', 0, 0),
(29, 9, 111, 54, 22, 0, 10, '||2|||||', '[["0","0","0","0","0","0"],["0","0","0","0","0","0"],["1","0","0","0","0","0"],["0","0","0","0","0","0"],["0","0","0","0","0","0"],["0","0","0","0","0","0"],["0","0","0","0","0","0"],["0","0","0","0","0","0"]]', NULL, '?????? ?????????????', '?????????????', 0, 0),
(30, 9, 114, 54, 26, 0, 6, '||3|||||', '[["0","0","0","0","0","0"],["0","0","0","0","0","0"],["1","0","0","0","0","0"],["0","0","0","0","0","0"],["0","0","0","0","0","0"],["0","0","0","0","0","0"],["0","0","0","0","0","0"],["0","0","0","0","0","0"]]', NULL, '?????????????', '??????? ????????', 0, 0),
(31, 9, 123, 108, 18, 54, 0, '||3|2||||', '[["0","0","0","0","0","0"],["0","0","0","0","0","0"],["1","0","0","0","0","0"],["0","1","0","0","0","0"],["0","0","0","0","0","0"],["0","0","0","0","0","0"],["0","0","0","0","0","0"],["0","0","0","0","0","0"]]', NULL, '????? ? ?????????????', '??????????', 0, 1),
(32, 9, 115, 350, 114, 0, 143, '6|3|6|||||', '[["0","0","0","0","0","0"],["1","0","0","0","0","0"],["0","0","1","0","0","0"],["0","0","0","0","0","0"],["0","0","0","0","0","0"],["0","0","0","0","0","0"],["0","0","0","0","0","0"],["0","0","0","0","0","0"]]', NULL, '', '???????', 0, 0),
(33, 9, 116, 70, 32, 0, 37, '|3||||||', '[["0","0","0","0","0","0"],["1","0","0","0","0","0"],["0","0","0","0","0","0"],["0","0","0","0","0","0"],["0","0","0","0","0","0"],["0","0","0","0","0","0"],["0","0","0","0","0","0"],["0","0","0","0","0","0"]]', NULL, '', '?????????', 0, 1);

--
-- Дамп данных таблицы `student`
--

INSERT INTO `student` (`id`, `code`, `last_name`, `first_name`, `middle_name`, `group_id`, `phone_number`, `mobile_number`, `mother_name`, `father_name`, `gender`, `official_address`, `characteristics`, `factual_address`, `birth_date`, `admission_date`, `tuition_payment`, `admission_order_number`, `admission_semester`, `entry_exams`, `education_document`, `contract`, `math_mark`, `ua_language_mark`, `mother_workplace`, `mother_position`, `mother_workphone`, `mother_boss_workphone`, `father_workplace`, `father_position`, `father_workphone`, `father_boss_workphone`, `graduated`, `graduation_date`, `graduation_basis`, `graduation_semester`, `graduation_order_number`, `diploma`, `direction`, `misc_data`, `hobby`, `sseed_id`, `document`, `identification_code`) VALUES
(1, '', 'Абдул', 'Рустам', 'Рауфович', 8, NULL, NULL, NULL, NULL, 0, NULL, NULL, NULL, '1997-12-26', '2013-09-01', NULL, 0, NULL, NULL, 'Cвідоцтво про базову загальну середню освіту XM 44', NULL, NULL, NULL, NULL, NULL, NULL, NULL, NULL, NULL, NULL, NULL, NULL, NULL, NULL, NULL, NULL, NULL, NULL, NULL, NULL, 2639145, ' Свідоцтво: I-БB 077829 ', '3578909410'),
(2, '', 'Авдєєв', 'Нікіта', 'Олексійович', 14, NULL, NULL, NULL, NULL, 0, NULL, NULL, NULL, '1997-05-25', '2012-09-01', NULL, 173, NULL, NULL, 'Cвідоцтво про базову загальну середню освіту XM 42', NULL, NULL, NULL, NULL, NULL, NULL, NULL, NULL, NULL, NULL, NULL, NULL, NULL, NULL, NULL, NULL, NULL, NULL, NULL, NULL, 525466, ' Свідоцтво: I-БB 136646 ', '3557407670'),
(3, '', 'Авдж''ян', 'Павло', 'Русланович', 14, NULL, NULL, NULL, NULL, 0, NULL, NULL, NULL, '1997-01-28', '2012-09-01', NULL, 173, NULL, NULL, 'Cвідоцтво про базову загальну середню освіту XM 42', NULL, NULL, NULL, NULL, NULL, NULL, NULL, NULL, NULL, NULL, NULL, NULL, NULL, NULL, NULL, NULL, NULL, NULL, NULL, NULL, 561115, ' Свідоцтво: I-БB 054835 ', NULL),
(4, '', 'Акатов', 'Олександр', 'Ігорович', 15, NULL, NULL, NULL, NULL, 0, NULL, NULL, NULL, '1997-01-28', '2012-09-01', NULL, 173, NULL, NULL, 'Cвідоцтво про базову загальну середню освіту XM 42', NULL, NULL, NULL, NULL, NULL, NULL, NULL, NULL, NULL, NULL, NULL, NULL, NULL, NULL, NULL, NULL, NULL, NULL, NULL, NULL, 175757, ' Свідоцтво: I-БB 054967 ', '3545708935'),
(5, '', 'Акуленко', 'Олександр', 'Вікторович', 30, NULL, NULL, NULL, NULL, 0, NULL, NULL, NULL, '1997-08-29', '2012-09-01', NULL, 173, NULL, NULL, 'Свідоцтво про присвоєння(підвищення) робітничої кв', NULL, NULL, NULL, NULL, NULL, NULL, NULL, NULL, NULL, NULL, NULL, NULL, NULL, NULL, NULL, NULL, NULL, NULL, NULL, NULL, 134346, ' Свідоцтво: I-БB 027283 ', '3567009095'),
(6, '', 'Алексєєв', 'Олег', 'Вікторович', 37, NULL, NULL, NULL, NULL, 0, NULL, NULL, NULL, '1995-12-02', '2011-09-01', NULL, 173, NULL, NULL, 'Cвідоцтво про базову загальну середню освіту XM 40', NULL, NULL, NULL, NULL, NULL, NULL, NULL, NULL, NULL, NULL, NULL, NULL, NULL, NULL, NULL, NULL, NULL, NULL, NULL, NULL, 2205224, 'Паспорт: KC 871429   ', '3503400835'),
(7, '', 'Альбертович', 'Віталій', 'Михайлович', 16, NULL, NULL, NULL, NULL, 0, NULL, NULL, NULL, '1997-10-23', '2012-09-01', NULL, 173, NULL, NULL, 'Cвідоцтво про базову загальну середню освіту XM 42', NULL, NULL, NULL, NULL, NULL, NULL, NULL, NULL, NULL, NULL, NULL, NULL, NULL, NULL, NULL, NULL, NULL, NULL, NULL, NULL, 63099, ' Свідоцтво: I-БB 049989 ', '3572506735'),
(8, '', 'Амелін', 'Владислав', 'Олексійович', 18, NULL, NULL, NULL, NULL, 0, NULL, NULL, NULL, '1995-12-11', '2011-09-01', NULL, 173, NULL, NULL, 'Cвідоцтво про базову загальну середню освіту XM 40', NULL, NULL, NULL, NULL, NULL, NULL, NULL, NULL, NULL, NULL, NULL, NULL, NULL, NULL, NULL, NULL, NULL, NULL, NULL, NULL, 1746476, ' Свідоцтво: I-БB 025693 ', '3504303579'),
(9, '', 'Андрощук', 'Максим', 'Вікторович', 31, NULL, NULL, NULL, NULL, 0, NULL, NULL, NULL, '1996-09-29', '2012-09-01', NULL, 173, NULL, NULL, 'Cвідоцтво про базову загальну середню освіту XM 42', NULL, NULL, NULL, NULL, NULL, NULL, NULL, NULL, NULL, NULL, NULL, NULL, NULL, NULL, NULL, NULL, NULL, NULL, NULL, NULL, 32900, ' Свідоцтво: I-БB 054003 ', NULL),
(10, '', 'Антонюк', 'Олександр', 'Сергійович', 9, NULL, NULL, NULL, NULL, 0, NULL, NULL, NULL, '1998-07-08', '2013-09-01', NULL, 29, NULL, NULL, 'Cвідоцтво про базову загальну середню освіту XM 44', NULL, NULL, NULL, NULL, NULL, NULL, NULL, NULL, NULL, NULL, NULL, NULL, NULL, NULL, NULL, NULL, NULL, NULL, NULL, NULL, 2786242, ' Свідоцтво: I-БB 287016 ', '3598310694'),
(11, '', 'Антощук', 'Олександр', 'Костянтинович', 17, NULL, NULL, NULL, NULL, 0, NULL, NULL, NULL, '1996-06-11', '2011-09-01', NULL, 173, NULL, NULL, 'Cвідоцтво про базову загальну середню освіту XM 40', NULL, NULL, NULL, NULL, NULL, NULL, NULL, NULL, NULL, NULL, NULL, NULL, NULL, NULL, NULL, NULL, NULL, NULL, NULL, NULL, 1052827, ' Свідоцтво: I-БB 040436 ', '3522606795'),
(12, '', 'Анцут', 'Богдан', 'Юрійович', 23, NULL, NULL, NULL, NULL, 0, NULL, NULL, NULL, '1998-05-18', '2013-09-01', NULL, 0, NULL, NULL, 'Cвідоцтво про базову загальну середню освіту XM 44', NULL, NULL, NULL, NULL, NULL, NULL, NULL, NULL, NULL, NULL, NULL, NULL, NULL, NULL, NULL, NULL, NULL, NULL, NULL, NULL, 2704124, ' Свідоцтво: I-БB 075102 ', '3593209778'),
(13, '', 'Ахмедов', 'Тамріз', 'Азіз', 16, NULL, NULL, NULL, NULL, 0, NULL, NULL, NULL, '1996-07-16', '2012-09-01', NULL, 173, NULL, NULL, 'Cвідоцтво про базову загальну середню освіту XM 42', NULL, NULL, NULL, NULL, NULL, NULL, NULL, NULL, NULL, NULL, NULL, NULL, NULL, NULL, NULL, NULL, NULL, NULL, NULL, NULL, 608952, 'Паспорт: GEO 09AR97241   ', NULL),
(14, '', 'Бабій', 'Віталій', 'Миколайович', 33, NULL, NULL, NULL, NULL, 0, NULL, NULL, NULL, '1995-12-11', '2011-09-01', NULL, 173, NULL, NULL, 'Cвідоцтво про базову загальну середню освіту XM 40', NULL, NULL, NULL, NULL, NULL, NULL, NULL, NULL, NULL, NULL, NULL, NULL, NULL, NULL, NULL, NULL, NULL, NULL, NULL, NULL, 561600, ' Свідоцтво: I-БB 009271 ', '3504308738'),
(15, '', 'Бабій', 'Юрій', 'Васильович', 15, NULL, NULL, NULL, NULL, 0, NULL, NULL, NULL, '1997-08-20', '2012-09-01', NULL, 173, NULL, NULL, 'Cвідоцтво про базову загальну середню освіту XM 42', NULL, NULL, NULL, NULL, NULL, NULL, NULL, NULL, NULL, NULL, NULL, NULL, NULL, NULL, NULL, NULL, NULL, NULL, NULL, NULL, 594014, ' Свідоцтво: I-БB 077167 ', '3566169652'),
(16, '', 'Бабійчук', 'Олександр', 'Олександрович', 8, NULL, NULL, NULL, NULL, 0, NULL, NULL, NULL, '1998-07-23', '2013-09-01', NULL, 0, NULL, NULL, 'Cвідоцтво про базову загальну середню освіту XM 44', NULL, NULL, NULL, NULL, NULL, NULL, NULL, NULL, NULL, NULL, NULL, NULL, NULL, NULL, NULL, NULL, NULL, NULL, NULL, NULL, 2461670, ' Свідоцтво: I-БB 075832 ', '3599806572'),
(17, '', 'Багрій', 'Вадим', 'Валерійович', 34, NULL, NULL, NULL, NULL, 0, NULL, NULL, NULL, '1996-03-19', '2011-09-01', NULL, 173, NULL, NULL, 'Cвідоцтво про базову загальну середню освіту XM 40', NULL, NULL, NULL, NULL, NULL, NULL, NULL, NULL, NULL, NULL, NULL, NULL, NULL, NULL, NULL, NULL, NULL, NULL, NULL, NULL, 1119945, ' Свідоцтво: I-БB 011578 ', '3514210171'),
(18, '', 'Байда', 'Роман', 'Олександрович', 7, NULL, NULL, NULL, NULL, 0, NULL, NULL, NULL, '1997-07-22', '2012-09-01', NULL, 173, NULL, NULL, 'Cвідоцтво про базову загальну середню освіту XM 42', NULL, NULL, NULL, NULL, NULL, NULL, NULL, NULL, NULL, NULL, NULL, NULL, NULL, NULL, NULL, NULL, NULL, NULL, NULL, NULL, 133932, ' Свідоцтво: I-БB 033730 ', '3563210316'),
(19, '', 'Бакун', 'Карина', 'Анатоліївна', 27, NULL, NULL, NULL, NULL, 1, NULL, NULL, NULL, '1997-07-18', '2012-09-01', NULL, 173, NULL, NULL, 'Cвідоцтво про базову загальну середню освіту XM 42', NULL, NULL, NULL, NULL, NULL, NULL, NULL, NULL, NULL, NULL, NULL, NULL, NULL, NULL, NULL, NULL, NULL, NULL, NULL, NULL, 128694, ' Свідоцтво: I-БB 063306 ', '3562809544'),
(20, '', 'Балишин', 'Віктор', 'Валерійович', 24, NULL, NULL, NULL, NULL, 0, NULL, NULL, NULL, '1998-04-26', '2013-09-01', NULL, 0, NULL, NULL, 'Cвідоцтво про базову загальну середню освіту XM 44', NULL, NULL, NULL, NULL, NULL, NULL, NULL, NULL, NULL, NULL, NULL, NULL, NULL, NULL, NULL, NULL, NULL, NULL, NULL, NULL, 2723278, ' Свідоцтво: I-БB 281154 ', '3591000678'),
(21, '', 'Бантус', 'Сергій', 'Русланович', 26, NULL, NULL, NULL, NULL, 0, NULL, NULL, NULL, '1997-05-01', '2012-09-01', NULL, 173, NULL, NULL, 'Cвідоцтво про базову загальну середню освіту XM 42', NULL, NULL, NULL, NULL, NULL, NULL, NULL, NULL, NULL, NULL, NULL, NULL, NULL, NULL, NULL, NULL, NULL, NULL, NULL, NULL, 425697, ' Свідоцтво: I-БB 060937 ', '3555005939'),
(22, '', 'Барабаш', 'Андрій', 'Анатолійович', 14, NULL, NULL, NULL, NULL, 0, NULL, NULL, NULL, '1997-01-20', '2012-09-01', NULL, 173, NULL, NULL, 'Cвідоцтво про базову загальну середню освіту XM 42', NULL, NULL, NULL, NULL, NULL, NULL, NULL, NULL, NULL, NULL, NULL, NULL, NULL, NULL, NULL, NULL, NULL, NULL, NULL, NULL, 524622, ' Свідоцтво: I-БB 027443 ', NULL),
(23, '', 'Барановський', 'Богдан', 'Олександрович', 24, NULL, NULL, NULL, NULL, 0, NULL, NULL, NULL, '1997-09-22', '2013-09-01', NULL, 0, NULL, NULL, 'Cвідоцтво про базову загальну середню освіту XM 44', NULL, NULL, NULL, NULL, NULL, NULL, NULL, NULL, NULL, NULL, NULL, NULL, NULL, NULL, NULL, NULL, NULL, NULL, NULL, NULL, 2632969, ' Свідоцтво: I-БB 055693 ', '3569409436'),
(24, '', 'Баранчук', 'Олександр', 'Леонідович', 37, NULL, NULL, NULL, NULL, 0, NULL, NULL, NULL, '1995-10-22', '2011-09-01', NULL, 173, NULL, NULL, 'Cвідоцтво про базову загальну середню освіту XM 40', NULL, NULL, NULL, NULL, NULL, NULL, NULL, NULL, NULL, NULL, NULL, NULL, NULL, NULL, NULL, NULL, NULL, NULL, NULL, NULL, 2205235, 'Паспорт: HB 616465   ', '3499308297'),
(25, '', 'Басов', 'Максим', 'Самер', 23, NULL, NULL, NULL, NULL, 0, NULL, NULL, NULL, '1998-04-07', '2013-09-01', NULL, 0, NULL, NULL, 'Cвідоцтво про базову загальну середню освіту XM 44', NULL, NULL, NULL, NULL, NULL, NULL, NULL, NULL, NULL, NULL, NULL, NULL, NULL, NULL, NULL, NULL, NULL, NULL, NULL, NULL, 2704882, ' Свідоцтво: I-БB 153480 ', '3589110970'),
(26, '', 'Баськова', 'Леся', 'Олегівна', 21, NULL, NULL, NULL, NULL, 1, NULL, NULL, NULL, '1998-03-14', '2013-09-01', NULL, 0, NULL, NULL, 'Cвідоцтво про базову загальну середню освіту XM 44', NULL, NULL, NULL, NULL, NULL, NULL, NULL, NULL, NULL, NULL, NULL, NULL, NULL, NULL, NULL, NULL, NULL, NULL, NULL, NULL, 2654963, ' Свідоцтво: I-БB 077867 ', NULL),
(27, '', 'Башта', 'Андрій', 'Русланович', 10, NULL, NULL, NULL, NULL, 0, NULL, NULL, NULL, '1995-12-21', '2011-09-01', NULL, 173, NULL, NULL, 'Cвідоцтво про базову загальну середню освіту XM 40', NULL, NULL, NULL, NULL, NULL, NULL, NULL, NULL, NULL, NULL, NULL, NULL, NULL, NULL, NULL, NULL, NULL, NULL, NULL, NULL, 1740926, 'Паспорт: HB 629432   ', '3503502030'),
(28, '', 'Бдикін', 'Максим', 'Михайлович', 15, NULL, NULL, NULL, NULL, 0, NULL, NULL, NULL, '1997-03-04', '2012-09-01', NULL, 173, NULL, NULL, 'Cвідоцтво про базову загальну середню освіту XM 42', NULL, NULL, NULL, NULL, NULL, NULL, NULL, NULL, NULL, NULL, NULL, NULL, NULL, NULL, NULL, NULL, NULL, NULL, NULL, NULL, 63149, ' Свідоцтво: I-БB 027510 ', '3549208776'),
(29, '', 'Бедриківський', 'Руслан', 'Сергійович', 33, NULL, NULL, NULL, NULL, 0, NULL, NULL, NULL, '1996-06-25', '2011-09-01', NULL, 180, NULL, NULL, 'Cвідоцтво про базову загальну середню освіту XM 40', NULL, NULL, NULL, NULL, NULL, NULL, NULL, NULL, NULL, NULL, NULL, NULL, NULL, NULL, NULL, NULL, NULL, NULL, NULL, NULL, 2056743, ' Свідоцтво: I-БB 046937 ', '3524010497'),
(30, '', 'Беленчук', 'Олександр', 'Олександрович', 32, NULL, NULL, NULL, NULL, 0, NULL, NULL, NULL, '1996-04-22', '2012-09-01', NULL, 173, NULL, NULL, 'Cвідоцтво про базову загальну середню освіту KX 42', NULL, NULL, NULL, NULL, NULL, NULL, NULL, NULL, NULL, NULL, NULL, NULL, NULL, NULL, NULL, NULL, NULL, NULL, NULL, NULL, 567555, ' Свідоцтво: I-БB 034935 ', NULL),
(31, '', 'Белкот', 'Андрій', 'Павлович', 31, NULL, NULL, NULL, NULL, 0, NULL, NULL, NULL, '1996-02-28', '2012-09-01', NULL, 173, NULL, NULL, 'Cвідоцтво про базову загальну середню освіту XM 42', NULL, NULL, NULL, NULL, NULL, NULL, NULL, NULL, NULL, NULL, NULL, NULL, NULL, NULL, NULL, NULL, NULL, NULL, NULL, NULL, 386764, ' Свідоцтво: I-БB 034747 ', NULL),
(32, '', 'Беляк', 'Роман', 'Болеславович', 28, NULL, NULL, NULL, NULL, 0, NULL, NULL, NULL, '1996-08-18', '2012-09-01', NULL, 173, NULL, NULL, 'Cвідоцтво про базову загальну середню освіту XM 42', NULL, NULL, NULL, NULL, NULL, NULL, NULL, NULL, NULL, NULL, NULL, NULL, NULL, NULL, NULL, NULL, NULL, NULL, NULL, NULL, 306374, ' Свідоцтво: I-БB 046358 ', NULL),
(33, '', 'Береговий', 'Андрій', 'Миколайович', 29, NULL, NULL, NULL, NULL, 0, NULL, NULL, NULL, '1997-01-10', '2003-09-01', NULL, 0, NULL, NULL, 'Атестат про повну загальну середню освіту XM 44569', NULL, NULL, NULL, NULL, NULL, NULL, NULL, NULL, NULL, NULL, NULL, NULL, NULL, NULL, NULL, NULL, NULL, NULL, NULL, NULL, 2644656, 'Паспорт: HB 660314   ', NULL),
(34, '', 'Береговий', 'Максим', 'Миколайович', 35, NULL, NULL, NULL, NULL, 0, NULL, NULL, NULL, '1995-03-23', '2012-09-01', NULL, 173, NULL, NULL, 'Атестат про повну загальну середню освіту XM 42582', NULL, NULL, NULL, NULL, NULL, NULL, NULL, NULL, NULL, NULL, NULL, NULL, NULL, NULL, NULL, NULL, NULL, NULL, NULL, NULL, 101495, 'Паспорт: HB 601028   ', NULL),
(35, '', 'Бережецький', 'Альбін', 'Альбінович', 30, NULL, NULL, NULL, NULL, 0, NULL, NULL, NULL, '1997-05-24', '2012-09-01', NULL, 173, NULL, NULL, 'Cвідоцтво про базову загальну середню освіту XM 42', NULL, NULL, NULL, NULL, NULL, NULL, NULL, NULL, NULL, NULL, NULL, NULL, NULL, NULL, NULL, NULL, NULL, NULL, NULL, NULL, 334135, ' Свідоцтво: I-БB 049597 ', '3557308956'),
(36, '', 'Березюк', 'Вячеслав', 'Валерійович', 22, NULL, NULL, NULL, NULL, 0, NULL, NULL, NULL, '1998-02-24', '2013-09-01', NULL, 0, NULL, NULL, 'Cвідоцтво про базову загальну середню освіту XM 44', NULL, NULL, NULL, NULL, NULL, NULL, NULL, NULL, NULL, NULL, NULL, NULL, NULL, NULL, NULL, NULL, NULL, NULL, NULL, NULL, 2523804, ' Свідоцтво: I-БB 065532 ', '3584906311'),
(37, '', 'Бернацький', 'Вадим', 'Михайлович', 12, NULL, NULL, NULL, NULL, 0, NULL, NULL, NULL, '1997-03-12', '2013-09-01', NULL, 0, NULL, NULL, 'Cвідоцтво про базову загальну середню освіту XM 44', NULL, NULL, NULL, NULL, NULL, NULL, NULL, NULL, NULL, NULL, NULL, NULL, NULL, NULL, NULL, NULL, NULL, NULL, NULL, NULL, 2432390, 'Паспорт: HB 667619   ', '3550012795'),
(38, '', 'Бернацький', 'Владислав', 'Олегович', 23, NULL, NULL, NULL, NULL, 0, NULL, NULL, NULL, '1997-12-23', '2013-09-01', NULL, 0, NULL, NULL, 'Cвідоцтво про базову загальну середню освіту XM 44', NULL, NULL, NULL, NULL, NULL, NULL, NULL, NULL, NULL, NULL, NULL, NULL, NULL, NULL, NULL, NULL, NULL, NULL, NULL, NULL, 2704998, ' Свідоцтво: I-БB 077039 ', NULL),
(39, '', 'Берчук', 'Денис', 'Вікторович', 15, NULL, NULL, NULL, NULL, 0, NULL, NULL, NULL, '1996-09-13', '2012-09-01', NULL, 173, NULL, NULL, 'Cвідоцтво про базову загальну середню освіту XM 42', NULL, NULL, NULL, NULL, NULL, NULL, NULL, NULL, NULL, NULL, NULL, NULL, NULL, NULL, NULL, NULL, NULL, NULL, NULL, NULL, 491719, ' Свідоцтво: I-БB 053342 ', '3532004077'),
(40, '', 'Біленький', 'Костянтин', 'Вікторович', 14, NULL, NULL, NULL, NULL, 0, NULL, NULL, NULL, '1997-05-29', '2012-09-01', NULL, 173, NULL, NULL, 'Cвідоцтво про базову загальну середню освіту XM 42', NULL, NULL, NULL, NULL, NULL, NULL, NULL, NULL, NULL, NULL, NULL, NULL, NULL, NULL, NULL, NULL, NULL, NULL, NULL, NULL, 329683, ' Свідоцтво: I-БB 064226 ', '3557808615'),
(41, '', 'Білий', 'Павло', 'Володимирович', 10, NULL, NULL, NULL, NULL, 0, NULL, NULL, NULL, '1996-07-25', '2011-09-01', NULL, 173, NULL, NULL, 'Cвідоцтво про базову загальну середню освіту XM 40', NULL, NULL, NULL, NULL, NULL, NULL, NULL, NULL, NULL, NULL, NULL, NULL, NULL, NULL, NULL, NULL, NULL, NULL, NULL, NULL, 1662026, ' Свідоцтво: I-БB 046183 ', '3527003797'),
(42, '', 'Білик', 'Павло', 'Русланович', 6, NULL, NULL, NULL, NULL, 0, NULL, NULL, NULL, '1997-02-06', '2012-09-01', NULL, 173, NULL, NULL, 'Cвідоцтво про базову загальну середню освіту XM 42', NULL, NULL, NULL, NULL, NULL, NULL, NULL, NULL, NULL, NULL, NULL, NULL, NULL, NULL, NULL, NULL, NULL, NULL, NULL, NULL, 483190, ' Свідоцтво: I-БB 151916 ', '3546610815'),
(43, '', 'Білоус', 'Борис', 'Олександрович', 24, NULL, NULL, NULL, NULL, 0, NULL, NULL, NULL, '1997-12-24', '2013-09-01', NULL, 0, NULL, NULL, 'Cвідоцтво про базову загальну середню освіту XM 44', NULL, NULL, NULL, NULL, NULL, NULL, NULL, NULL, NULL, NULL, NULL, NULL, NULL, NULL, NULL, NULL, NULL, NULL, NULL, NULL, 2624537, ' Свідоцтво: I-БB 055224 ', '3578700610'),
(44, '', 'Біляков', 'Дмитро', 'Володимирович', 23, NULL, NULL, NULL, NULL, 0, NULL, NULL, NULL, '1997-11-07', '2013-09-01', NULL, 0, NULL, NULL, 'Cвідоцтво про базову загальну середню освіту XM 44', NULL, NULL, NULL, NULL, NULL, NULL, NULL, NULL, NULL, NULL, NULL, NULL, NULL, NULL, NULL, NULL, NULL, NULL, NULL, NULL, 2788716, ' Свідоцтво: I-БB 070609 ', NULL),
(45, '', 'Бірюков', 'Олександр', 'Віталійович', 31, NULL, NULL, NULL, NULL, 0, NULL, NULL, NULL, '1997-07-03', '2012-09-01', NULL, 173, NULL, NULL, 'Cвідоцтво про базову загальну середню освіту XM 42', NULL, NULL, NULL, NULL, NULL, NULL, NULL, NULL, NULL, NULL, NULL, NULL, NULL, NULL, NULL, NULL, NULL, NULL, NULL, NULL, 389981, ' Свідоцтво: I-БB 055771 ', '3561309414'),
(46, '', 'Блажієвський', 'Роман', 'Олегович', 25, NULL, NULL, NULL, NULL, 0, NULL, NULL, NULL, '1998-03-21', '2013-09-01', NULL, 0, NULL, NULL, 'Cвідоцтво про базову загальну середню освіту XM 44', NULL, NULL, NULL, NULL, NULL, NULL, NULL, NULL, NULL, NULL, NULL, NULL, NULL, NULL, NULL, NULL, NULL, NULL, NULL, NULL, 2434037, ' Свідоцтво: I-БB 077876 ', '3587407457'),
(47, '', 'Блажкун', 'Ігор', 'Ігорович', 30, NULL, NULL, NULL, NULL, 0, NULL, NULL, NULL, '1997-02-27', '2012-09-01', NULL, 173, NULL, NULL, 'Cвідоцтво про базову загальну середню освіту XM 42', NULL, NULL, NULL, NULL, NULL, NULL, NULL, NULL, NULL, NULL, NULL, NULL, NULL, NULL, NULL, NULL, NULL, NULL, NULL, NULL, 491698, ' Свідоцтво: I-БB 061039 ', '3548710815'),
(48, '', 'Бобра', 'Роман', 'Андрійович', 28, NULL, NULL, NULL, NULL, 0, NULL, NULL, NULL, '1997-04-03', '2012-09-01', NULL, 173, NULL, NULL, 'Cвідоцтво про базову загальну середню освіту XM 42', NULL, NULL, NULL, NULL, NULL, NULL, NULL, NULL, NULL, NULL, NULL, NULL, NULL, NULL, NULL, NULL, NULL, NULL, NULL, NULL, 166282, ' Свідоцтво: I-БB 060870 ', '3552203792'),
(49, '', 'Боднар', 'Дмитро', 'Едуардович', 36, NULL, NULL, NULL, NULL, 0, NULL, NULL, NULL, '1996-07-17', '2011-09-01', NULL, 173, NULL, NULL, 'Cвідоцтво про базову загальну середню освіту XM 40', NULL, NULL, NULL, NULL, NULL, NULL, NULL, NULL, NULL, NULL, NULL, NULL, NULL, NULL, NULL, NULL, NULL, NULL, NULL, NULL, 1225090, ' Свідоцтво: I-БB 046137 ', '3526211559'),
(50, '', 'Боднар', 'Максим', 'Павлович', 23, NULL, NULL, NULL, NULL, 0, NULL, NULL, NULL, '1997-10-21', '2013-09-01', NULL, 0, NULL, NULL, 'Cвідоцтво про базову загальну середню освіту XM 42', NULL, NULL, NULL, NULL, NULL, NULL, NULL, NULL, NULL, NULL, NULL, NULL, NULL, NULL, NULL, NULL, NULL, NULL, NULL, NULL, 2562973, ' Свідоцтво: I-БB 039618 ', NULL),
(51, '', 'Божаковський', 'Владислав', 'Анатолійович', 23, NULL, NULL, NULL, NULL, 0, NULL, NULL, NULL, '1998-04-16', '2013-09-01', NULL, 0, NULL, NULL, 'Cвідоцтво про базову загальну середню освіту XM 44', NULL, NULL, NULL, NULL, NULL, NULL, NULL, NULL, NULL, NULL, NULL, NULL, NULL, NULL, NULL, NULL, NULL, NULL, NULL, NULL, 2623034, ' Свідоцтво: I-БB 276580 ', '3590009975'),
(52, '', 'Бойко', 'Андрій', 'Володимирович', 13, NULL, NULL, NULL, NULL, 0, NULL, NULL, NULL, '1998-07-14', '2013-09-01', NULL, 0, NULL, NULL, 'Cвідоцтво про базову загальну середню освіту XM 44', NULL, NULL, NULL, NULL, NULL, NULL, NULL, NULL, NULL, NULL, NULL, NULL, NULL, NULL, NULL, NULL, NULL, NULL, NULL, NULL, 2616515, ' Свідоцтво: I-БB 287009 ', '3598910357'),
(53, '', 'Бойцун', 'Валерій', 'Михайлович', 12, NULL, NULL, NULL, NULL, 0, NULL, NULL, NULL, '1998-04-01', '2013-09-01', NULL, 0, NULL, NULL, 'Cвідоцтво про базову загальну середню освіту XM 44', NULL, NULL, NULL, NULL, NULL, NULL, NULL, NULL, NULL, NULL, NULL, NULL, NULL, NULL, NULL, NULL, NULL, NULL, NULL, NULL, 2558827, ' Свідоцтво: I-БB 077918 ', NULL),
(54, '', 'Боклажко', 'Ігор', 'Миколайович', 37, NULL, NULL, NULL, NULL, 0, NULL, NULL, NULL, '1995-06-28', '2011-09-01', NULL, 173, NULL, NULL, 'Cвідоцтво про базову загальну середню освіту XM 40', NULL, NULL, NULL, NULL, NULL, NULL, NULL, NULL, NULL, NULL, NULL, NULL, NULL, NULL, NULL, NULL, NULL, NULL, NULL, NULL, 2205239, 'Паспорт: HB 613769   ', '3487713779'),
(55, '', 'Бондар', 'Віталій', 'Олександрович', 7, NULL, NULL, NULL, NULL, 0, NULL, NULL, NULL, '1997-06-14', '2012-09-01', NULL, 173, NULL, NULL, 'Cвідоцтво про базову загальну середню освіту XM 43', NULL, NULL, NULL, NULL, NULL, NULL, NULL, NULL, NULL, NULL, NULL, NULL, NULL, NULL, NULL, NULL, NULL, NULL, NULL, NULL, 568595, ' Свідоцтво: I-БB 049774 ', '355940995'),
(56, '', 'Бондар', 'Євгеній', 'Юрійович', 18, NULL, NULL, NULL, NULL, 0, NULL, NULL, NULL, '1995-09-18', '2011-09-01', NULL, 173, NULL, NULL, 'Cвідоцтво про базову загальну середню освіту XM 41', NULL, NULL, NULL, NULL, NULL, NULL, NULL, NULL, NULL, NULL, NULL, NULL, NULL, NULL, NULL, NULL, NULL, NULL, NULL, NULL, 1757199, 'Паспорт: HB 621761   ', '3495911076'),
(57, '', 'Бондар', 'Олег', 'Вячеславович', 25, NULL, NULL, NULL, NULL, 0, NULL, NULL, NULL, '1997-11-28', '2013-09-01', NULL, 0, NULL, NULL, 'Cвідоцтво про базову загальну середню освіту XM 44', NULL, NULL, NULL, NULL, NULL, NULL, NULL, NULL, NULL, NULL, NULL, NULL, NULL, NULL, NULL, NULL, NULL, NULL, NULL, NULL, 2438048, ' Свідоцтво: I-БB 039959 ', '3576108391'),
(58, '', 'Бондар', 'Олег', 'Миколайович', 17, NULL, NULL, NULL, NULL, 0, NULL, NULL, NULL, '1995-12-10', '2011-09-01', NULL, 173, NULL, NULL, 'Cвідоцтво про базову загальну середню освіту XM 40', NULL, NULL, NULL, NULL, NULL, NULL, NULL, NULL, NULL, NULL, NULL, NULL, NULL, NULL, NULL, NULL, NULL, NULL, NULL, NULL, 1053454, ' Свідоцтво: I-БB 012203 ', '3504201296'),
(59, '', 'Бондар', 'Олександр', 'Вікторович', 35, NULL, NULL, NULL, NULL, 0, NULL, NULL, NULL, '1996-02-29', '2011-09-01', NULL, 173, NULL, NULL, 'Cвідоцтво про базову загальну середню освіту XM 40', NULL, NULL, NULL, NULL, NULL, NULL, NULL, NULL, NULL, NULL, NULL, NULL, NULL, NULL, NULL, NULL, NULL, NULL, NULL, NULL, 2167783, ' Свідоцтво: I-БB 029456 ', '3512306178'),
(60, '', 'Бондаренко', 'Ілля', 'Олегович', 16, NULL, NULL, NULL, NULL, 0, NULL, NULL, NULL, '1997-07-31', '2012-09-01', NULL, 173, NULL, NULL, 'Cвідоцтво про базову загальну середню освіту XM 42', NULL, NULL, NULL, NULL, NULL, NULL, NULL, NULL, NULL, NULL, NULL, NULL, NULL, NULL, NULL, NULL, NULL, NULL, NULL, NULL, 329363, ' Свідоцтво: I-БB 276475 ', NULL),
(61, '', 'Бондарук', 'Дмитро', 'Олександрович', 36, NULL, NULL, NULL, NULL, 0, NULL, NULL, NULL, '1995-02-25', '2011-09-01', NULL, 172, NULL, NULL, 'Cвідоцтво про базову загальну середню освіту XM 40', NULL, NULL, NULL, NULL, NULL, NULL, NULL, NULL, NULL, NULL, NULL, NULL, NULL, NULL, NULL, NULL, NULL, NULL, NULL, NULL, 1223737, ' Свідоцтво: I-БB 023700 ', '3511906674'),
(62, '', 'Бондарук', 'Наталія', 'Вікторівна', 21, NULL, NULL, NULL, NULL, 1, NULL, NULL, NULL, '1998-06-21', '2013-09-01', NULL, 0, NULL, NULL, 'Cвідоцтво про базову загальну середню освіту XM 44', NULL, NULL, NULL, NULL, NULL, NULL, NULL, NULL, NULL, NULL, NULL, NULL, NULL, NULL, NULL, NULL, NULL, NULL, NULL, NULL, 2745629, ' Свідоцтво: I-БB 230020 ', '3596607423'),
(63, '', 'Бондарчук', 'Богдан', 'Вадимович', 25, NULL, NULL, NULL, NULL, 0, NULL, NULL, NULL, '1998-08-11', '2013-09-01', NULL, 0, NULL, NULL, 'Cвідоцтво про базову загальну середню освіту XM 44', NULL, NULL, NULL, NULL, NULL, NULL, NULL, NULL, NULL, NULL, NULL, NULL, NULL, NULL, NULL, NULL, NULL, NULL, NULL, NULL, 2774905, ' Свідоцтво: I-БB 050894 ', '3601705033'),
(64, '', 'Бондарчук', 'Костянтин', 'Павлович', 27, NULL, NULL, NULL, NULL, 0, NULL, NULL, NULL, '1997-11-15', '2012-09-01', NULL, 173, NULL, NULL, 'Cвідоцтво про базову загальну середню освіту XM 42', NULL, NULL, NULL, NULL, NULL, NULL, NULL, NULL, NULL, NULL, NULL, NULL, NULL, NULL, NULL, NULL, NULL, NULL, NULL, NULL, 482990, ' Свідоцтво: I-БB 057336 ', NULL),
(65, '', 'Боровський', 'Артем', 'Вікторович', 18, NULL, NULL, NULL, NULL, 0, NULL, NULL, NULL, '1996-05-23', '2011-09-01', NULL, 173, NULL, NULL, 'Cвідоцтво про базову загальну середню освіту XM 40', NULL, NULL, NULL, NULL, NULL, NULL, NULL, NULL, NULL, NULL, NULL, NULL, NULL, NULL, NULL, NULL, NULL, NULL, NULL, NULL, 1737281, 'Паспорт: AT 004625   ', '3520710992'),
(66, '', 'Боролюк', 'Володимир', 'Сергійович', 28, NULL, NULL, NULL, NULL, 0, NULL, NULL, NULL, '1995-12-09', '2003-09-01', NULL, 0, NULL, NULL, 'Атестат про повну загальну середню освіту XM 44564', NULL, NULL, NULL, NULL, NULL, NULL, NULL, NULL, NULL, NULL, NULL, NULL, NULL, NULL, NULL, NULL, NULL, NULL, NULL, NULL, 2759662, 'Паспорт: HB 628237   ', NULL),
(67, '', 'Брандебура', 'Роман', 'Миколайович', 30, NULL, NULL, NULL, NULL, 0, NULL, NULL, NULL, '1996-11-09', '2012-09-01', NULL, 173, NULL, NULL, 'Cвідоцтво про базову загальну середню освіту XM 42', NULL, NULL, NULL, NULL, NULL, NULL, NULL, NULL, NULL, NULL, NULL, NULL, NULL, NULL, NULL, NULL, NULL, NULL, NULL, NULL, 427726, ' Свідоцтво: I-БB 046889 ', '3537708736'),
(68, '', 'Брилко', 'Андрій', 'Євгенович', 31, NULL, NULL, NULL, NULL, 0, NULL, NULL, NULL, '1997-09-04', '2012-09-01', NULL, 173, NULL, NULL, 'Cвідоцтво про базову загальну середню освіту XM 43', NULL, NULL, NULL, NULL, NULL, NULL, NULL, NULL, NULL, NULL, NULL, NULL, NULL, NULL, NULL, NULL, NULL, NULL, NULL, NULL, 308504, ' Свідоцтво: I-БB 055222 ', '3567607895'),
(69, '', 'Брітов', 'Олександр', 'Вікторович', 8, NULL, NULL, NULL, NULL, 0, NULL, NULL, NULL, '1998-07-15', '2013-09-01', NULL, 0, NULL, NULL, 'Cвідоцтво про базову загальну середню освіту XM 44', NULL, NULL, NULL, NULL, NULL, NULL, NULL, NULL, NULL, NULL, NULL, NULL, NULL, NULL, NULL, NULL, NULL, NULL, NULL, NULL, 2692653, ' Свідоцтво: I-БB 287060 ', '3599009394'),
(70, '', 'Брушневський', 'Микита', 'Ростиславович', 11, NULL, NULL, NULL, NULL, 0, NULL, NULL, NULL, '1996-03-13', '2011-09-01', NULL, 173, NULL, NULL, 'Cвідоцтво про базову загальну середню освіту XM 40', NULL, NULL, NULL, NULL, NULL, NULL, NULL, NULL, NULL, NULL, NULL, NULL, NULL, NULL, NULL, NULL, NULL, NULL, NULL, NULL, 1886882, 'Паспорт: HB 644986   ', '3513610413'),
(71, '', 'Буданов', 'Євгеній', 'Олегович', 28, NULL, NULL, NULL, NULL, 0, NULL, NULL, NULL, '1997-03-16', '2012-09-01', NULL, 175, NULL, NULL, 'Cвідоцтво про базову загальну середню освіту XM 42', NULL, NULL, NULL, NULL, NULL, NULL, NULL, NULL, NULL, NULL, NULL, NULL, NULL, NULL, NULL, NULL, NULL, NULL, NULL, NULL, 563423, ' Свідоцтво: I-БB 164032 ', '3550403472'),
(72, '', 'Буй', 'Богдан', 'Володимирович', 31, NULL, NULL, NULL, NULL, 0, NULL, NULL, NULL, '1997-02-18', '2012-09-01', NULL, 173, NULL, NULL, 'Cвідоцтво про базову загальну середню освіту XM 42', NULL, NULL, NULL, NULL, NULL, NULL, NULL, NULL, NULL, NULL, NULL, NULL, NULL, NULL, NULL, NULL, NULL, NULL, NULL, NULL, 30117, ' Свідоцтво: I-БB 060209 ', '3547809115'),
(73, '', 'Бульба', 'Олег', 'Васильович', 24, NULL, NULL, NULL, NULL, 0, NULL, NULL, NULL, '1998-05-04', '2013-09-01', NULL, 0, NULL, NULL, 'Cвідоцтво про базову загальну середню освіту XM 45', NULL, NULL, NULL, NULL, NULL, NULL, NULL, NULL, NULL, NULL, NULL, NULL, NULL, NULL, NULL, NULL, NULL, NULL, NULL, NULL, 2616871, ' Свідоцтво: I-БB 068103 ', '3591804872'),
(74, '', 'Буров', 'Андрій', 'Юрійович', 9, NULL, NULL, NULL, NULL, 0, NULL, NULL, NULL, '1997-09-19', '2013-09-01', NULL, 0, NULL, NULL, 'Cвідоцтво про базову загальну середню освіту XM 44', NULL, NULL, NULL, NULL, NULL, NULL, NULL, NULL, NULL, NULL, NULL, NULL, NULL, NULL, NULL, NULL, NULL, NULL, NULL, NULL, 2460234, ' Свідоцтво: I-БB 070310 ', '3569110872'),
(75, '', 'Бусарєв', 'Роман', 'Андрійович', 7, NULL, NULL, NULL, NULL, 0, NULL, NULL, NULL, '1996-07-26', '2003-09-01', NULL, 0, NULL, NULL, 'Атестат про повну загальну середню освіту XM 44566', NULL, NULL, NULL, NULL, NULL, NULL, NULL, NULL, NULL, NULL, NULL, NULL, NULL, NULL, NULL, NULL, NULL, NULL, NULL, NULL, 2509182, '   ', NULL),
(76, '', 'Бут', 'Андрій', 'Андрійович', 23, NULL, NULL, NULL, NULL, 0, NULL, NULL, NULL, '1998-03-21', '2013-09-01', NULL, 0, NULL, NULL, 'Cвідоцтво про базову загальну середню освіту XM 44', NULL, NULL, NULL, NULL, NULL, NULL, NULL, NULL, NULL, NULL, NULL, NULL, NULL, NULL, NULL, NULL, NULL, NULL, NULL, NULL, 2562344, ' Свідоцтво: I-БB 156906 ', '3587407995'),
(77, '', 'Вакуленко', 'Денис', 'Олександрович', 24, NULL, NULL, NULL, NULL, 0, NULL, NULL, NULL, '1997-03-18', '2013-09-01', NULL, 0, NULL, NULL, 'Cвідоцтво про базову загальну середню освіту XM 44', NULL, NULL, NULL, NULL, NULL, NULL, NULL, NULL, NULL, NULL, NULL, NULL, NULL, NULL, NULL, NULL, NULL, NULL, NULL, NULL, 2536724, ' Свідоцтво: I-БB 120983 ', '3550610694'),
(78, '', 'Валівоць', 'Сергій', 'Ігорович', 32, NULL, NULL, NULL, NULL, 0, NULL, NULL, NULL, '1997-03-12', '2012-09-01', NULL, 173, NULL, NULL, 'Cвідоцтво про базову загальну середню освіту XM 42', NULL, NULL, NULL, NULL, NULL, NULL, NULL, NULL, NULL, NULL, NULL, NULL, NULL, NULL, NULL, NULL, NULL, NULL, NULL, NULL, 340461, ' Свідоцтво: I-БB 064224 ', NULL),
(79, '', 'Варук', 'Владислав', 'Костянтинович', 11, NULL, NULL, NULL, NULL, 0, NULL, NULL, NULL, '1996-07-22', '2011-09-01', NULL, 173, NULL, NULL, 'Cвідоцтво про базову загальну середню освіту XM 40', NULL, NULL, NULL, NULL, NULL, NULL, NULL, NULL, NULL, NULL, NULL, NULL, NULL, NULL, NULL, NULL, NULL, NULL, NULL, NULL, 1838651, 'Паспорт: HB 646474   ', '3526710078'),
(80, '', 'Васільєв', 'Владислав', 'Сергійович', 32, NULL, NULL, NULL, NULL, 0, NULL, NULL, NULL, '1997-02-17', '2012-09-01', NULL, 173, NULL, NULL, 'Cвідоцтво про базову загальну середню освіту XM 42', NULL, NULL, NULL, NULL, NULL, NULL, NULL, NULL, NULL, NULL, NULL, NULL, NULL, NULL, NULL, NULL, NULL, NULL, NULL, NULL, 63895, ' Свідоцтво: I-БB 027660 ', '3547703737'),
(81, '', 'Васюра', 'Артем', 'Юрійович', 38, NULL, NULL, NULL, NULL, 0, NULL, NULL, NULL, '1996-04-16', '2011-09-01', NULL, 173, NULL, NULL, 'Cвідоцтво про базову загальну середню освіту XM 40', NULL, NULL, NULL, NULL, NULL, NULL, NULL, NULL, NULL, NULL, NULL, NULL, NULL, NULL, NULL, NULL, NULL, NULL, NULL, NULL, 2211706, 'Паспорт: HB 639248   ', '3517002815'),
(82, '', 'Васюра', 'Юрій', 'Юрійович', 24, NULL, NULL, NULL, NULL, 0, NULL, NULL, NULL, '1997-10-22', '2013-09-01', NULL, 0, NULL, NULL, 'Cвідоцтво про базову загальну середню освіту XM 44', NULL, NULL, NULL, NULL, NULL, NULL, NULL, NULL, NULL, NULL, NULL, NULL, NULL, NULL, NULL, NULL, NULL, NULL, NULL, NULL, 2536490, ' Свідоцтво: I-БB 049980 ', '3572409353'),
(83, '', 'Ватюк', 'Юрій', 'Віталійович', 14, NULL, NULL, NULL, NULL, 0, NULL, NULL, NULL, '1997-05-05', '2012-09-01', NULL, 173, NULL, NULL, 'Cвідоцтво про базову загальну середню освіту XM 42', NULL, NULL, NULL, NULL, NULL, NULL, NULL, NULL, NULL, NULL, NULL, NULL, NULL, NULL, NULL, NULL, NULL, NULL, NULL, NULL, 426247, ' Свідоцтво: I-БB 047638 ', '3555404992'),
(84, '', 'Верхняцька', 'Олена', 'Миколаївна', 27, NULL, NULL, NULL, NULL, 1, NULL, NULL, NULL, '1997-08-15', '2012-09-01', NULL, 173, NULL, NULL, 'Cвідоцтво про базову загальну середню освіту XM 42', NULL, NULL, NULL, NULL, NULL, NULL, NULL, NULL, NULL, NULL, NULL, NULL, NULL, NULL, NULL, NULL, NULL, NULL, NULL, NULL, 63433, ' Свідоцтво: I-БB 064973 ', NULL),
(85, '', 'Відаєвич', 'Сергій', 'Анатолійович', 6, NULL, NULL, NULL, NULL, 0, NULL, NULL, NULL, '1997-04-20', '2012-09-01', NULL, 173, NULL, NULL, 'Cвідоцтво про базову загальну середню освіту XM 42', NULL, NULL, NULL, NULL, NULL, NULL, NULL, NULL, NULL, NULL, NULL, NULL, NULL, NULL, NULL, NULL, NULL, NULL, NULL, NULL, 131835, ' Свідоцтво: I-БB 033295 ', '3553908136'),
(86, '', 'Віноградов', 'Олексій', 'Юрійович', 23, NULL, NULL, NULL, NULL, 0, NULL, NULL, NULL, '1998-04-14', '2013-09-01', NULL, 0, NULL, NULL, 'Cвідоцтво про базову загальну середню освіту XM 44', NULL, NULL, NULL, NULL, NULL, NULL, NULL, NULL, NULL, NULL, NULL, NULL, NULL, NULL, NULL, NULL, NULL, NULL, NULL, NULL, 2619873, ' Свідоцтво: I-БB 283219 ', '3589809374'),
(87, '', 'Вітка', 'Сергій', 'Валерійович', 28, NULL, NULL, NULL, NULL, 0, NULL, NULL, NULL, '1996-02-14', '2012-09-01', NULL, 173, NULL, NULL, 'Cвідоцтво про базову загальну середню освіту XM 40', NULL, NULL, NULL, NULL, NULL, NULL, NULL, NULL, NULL, NULL, NULL, NULL, NULL, NULL, NULL, NULL, NULL, NULL, NULL, NULL, 567768, ' Свідоцтво: I-БB 004059 ', '3510809856'),
(88, '', 'Вітязь', 'Едгар', 'Ігорович', 8, NULL, NULL, NULL, NULL, 0, NULL, NULL, NULL, '1997-08-16', '2013-09-01', NULL, 0, NULL, NULL, 'Cвідоцтво про базову загальну середню освіту XM 44', NULL, NULL, NULL, NULL, NULL, NULL, NULL, NULL, NULL, NULL, NULL, NULL, NULL, NULL, NULL, NULL, NULL, NULL, NULL, NULL, 2462511, ' Свідоцтво: I-БB 027789 ', NULL),
(89, '', 'Віхтюк', 'Владислав', 'Анатолійович', 9, NULL, NULL, NULL, NULL, 0, NULL, NULL, NULL, '1998-08-16', '2013-09-01', NULL, 0, NULL, NULL, 'Cвідоцтво про базову загальну середню освіту XM 44', NULL, NULL, NULL, NULL, NULL, NULL, NULL, NULL, NULL, NULL, NULL, NULL, NULL, NULL, NULL, NULL, NULL, NULL, NULL, NULL, 2616650, ' Свідоцтво: I-БB 071477 ', '3602207557'),
(90, '', 'Власов', 'Валерій', 'Ігорович', 37, NULL, NULL, NULL, NULL, 0, NULL, NULL, NULL, '1996-07-25', '2011-09-01', NULL, 161, NULL, NULL, 'Cвідоцтво про базову загальну середню освіту XM 40', NULL, NULL, NULL, NULL, NULL, NULL, NULL, NULL, NULL, NULL, NULL, NULL, NULL, NULL, NULL, NULL, NULL, NULL, NULL, NULL, 2205244, ' Свідоцтво: I-БB 039064 ', '3527010397'),
(91, '', 'Вовк', 'Олександр', 'Олександрович', 36, NULL, NULL, NULL, NULL, 0, NULL, NULL, NULL, '1996-04-21', '2011-09-01', NULL, 173, NULL, NULL, 'Cвідоцтво про базову загальну середню освіту XM 40', NULL, NULL, NULL, NULL, NULL, NULL, NULL, NULL, NULL, NULL, NULL, NULL, NULL, NULL, NULL, NULL, NULL, NULL, NULL, NULL, 1291907, ' Свідоцтво: I-БB 029582 ', '3517509559'),
(92, '', 'Вовк', 'Юрій', 'Володимирович', 32, NULL, NULL, NULL, NULL, 0, NULL, NULL, NULL, '1996-05-02', '2012-09-01', NULL, 173, NULL, NULL, 'Cвідоцтво про базову загальну середню освіту XM 42', NULL, NULL, NULL, NULL, NULL, NULL, NULL, NULL, NULL, NULL, NULL, NULL, NULL, NULL, NULL, NULL, NULL, NULL, NULL, NULL, 41426, ' Свідоцтво: I-БB 040152 ', '3518611599'),
(93, '', 'Возний', 'Павло', 'Олександрович', 16, NULL, NULL, NULL, NULL, 0, NULL, NULL, NULL, '1996-05-23', '2003-09-01', NULL, 0, NULL, NULL, 'Атестат про повну загальну середню освіту XM 44561', NULL, NULL, NULL, NULL, NULL, NULL, NULL, NULL, NULL, NULL, NULL, NULL, NULL, NULL, NULL, NULL, NULL, NULL, NULL, NULL, 2540782, 'Паспорт: HB 641578   ', NULL),
(94, '', 'Войтко', 'Дмитро', 'Олександрович', 26, NULL, NULL, NULL, NULL, 0, NULL, NULL, NULL, '1997-01-12', '2012-09-01', NULL, 173, NULL, NULL, 'Cвідоцтво про базову загальну середню освіту XM 42', NULL, NULL, NULL, NULL, NULL, NULL, NULL, NULL, NULL, NULL, NULL, NULL, NULL, NULL, NULL, NULL, NULL, NULL, NULL, NULL, 556729, ' Свідоцтво: I-CP 006781 ', '3544108595'),
(95, '', 'Войтович', 'Вадим', 'Миколайович', 18, NULL, NULL, NULL, NULL, 0, NULL, NULL, NULL, '1996-04-22', '2011-09-01', NULL, 173, NULL, NULL, 'Cвідоцтво про базову загальну середню освіту XM 40', NULL, NULL, NULL, NULL, NULL, NULL, NULL, NULL, NULL, NULL, NULL, NULL, NULL, NULL, NULL, NULL, NULL, NULL, NULL, NULL, 1766529, 'Паспорт: HB 639920   ', '3517609856'),
(96, '', 'Войцехівський', 'Владислав', 'Ігорович', 9, NULL, NULL, NULL, NULL, 0, NULL, NULL, NULL, '1998-01-26', '2013-09-01', NULL, 0, NULL, NULL, 'Cвідоцтво про базову загальну середню освіту XM 44', NULL, NULL, NULL, NULL, NULL, NULL, NULL, NULL, NULL, NULL, NULL, NULL, NULL, NULL, NULL, NULL, NULL, NULL, NULL, NULL, 2613590, ' Свідоцтво: I-БB 063804 ', '3582004196'),
(97, '', 'Войцехівський', 'Владислав', 'Олександрович', 8, NULL, NULL, NULL, NULL, 0, NULL, NULL, NULL, '1997-12-11', '2013-09-01', NULL, 0, NULL, NULL, 'Cвідоцтво про базову загальну середню освіту XM 45', NULL, NULL, NULL, NULL, NULL, NULL, NULL, NULL, NULL, NULL, NULL, NULL, NULL, NULL, NULL, NULL, NULL, NULL, NULL, NULL, 2616284, ' Свідоцтво: I-БB 055804 ', '3577404816'),
(98, '', 'Волик', 'Ігор', 'Юрійович', 31, NULL, NULL, NULL, NULL, 0, NULL, NULL, NULL, '1997-07-08', '2012-09-01', NULL, 173, NULL, NULL, 'Cвідоцтво про базову загальну середню освіту XM 42', NULL, NULL, NULL, NULL, NULL, NULL, NULL, NULL, NULL, NULL, NULL, NULL, NULL, NULL, NULL, NULL, NULL, NULL, NULL, NULL, 533265, ' Свідоцтво: I-БB 070001 ', '3561811356'),
(99, '', 'Волоско', 'Олександра', 'Вячеславівна', 7, NULL, NULL, NULL, NULL, 1, NULL, NULL, NULL, '1997-01-28', '2012-09-01', NULL, 173, NULL, NULL, 'Cвідоцтво про базову загальну середню освіту XM 42', NULL, NULL, NULL, NULL, NULL, NULL, NULL, NULL, NULL, NULL, NULL, NULL, NULL, NULL, NULL, NULL, NULL, NULL, NULL, NULL, 426428, ' Свідоцтво: I-БB 064113 ', '3545709653'),
(100, '', 'Волошин', 'Андрій', 'Олександрович', 14, NULL, NULL, NULL, NULL, 0, NULL, NULL, NULL, '1997-09-21', '2012-09-01', NULL, 173, NULL, NULL, 'Cвідоцтво про базову загальну середню освіту XM 42', NULL, NULL, NULL, NULL, NULL, NULL, NULL, NULL, NULL, NULL, NULL, NULL, NULL, NULL, NULL, NULL, NULL, NULL, NULL, NULL, 491483, ' Свідоцтво: I-БB 137119 ', NULL),
(101, '', 'Волошин', 'Володимир', 'Олександрович', 17, NULL, NULL, NULL, NULL, 0, NULL, NULL, NULL, '1995-12-01', '2011-09-01', NULL, 173, NULL, NULL, 'Cвідоцтво про базову загальну середню освіту XM 40', NULL, NULL, NULL, NULL, NULL, NULL, NULL, NULL, NULL, NULL, NULL, NULL, NULL, NULL, NULL, NULL, NULL, NULL, NULL, NULL, 1053945, ' Свідоцтво: I-БB 025640 ', '3503310591'),
(102, '', 'Волощук', 'Ярослав', 'Олегович', 13, NULL, NULL, NULL, NULL, 0, NULL, NULL, NULL, '1998-05-31', '2013-09-01', NULL, 0, NULL, NULL, 'Cвідоцтво про базову загальну середню освіту XM 44', NULL, NULL, NULL, NULL, NULL, NULL, NULL, NULL, NULL, NULL, NULL, NULL, NULL, NULL, NULL, NULL, NULL, NULL, NULL, NULL, 2495994, ' Свідоцтво: I-БB 057624 ', NULL),
(103, '', 'Гаврилюк', 'Артем', 'Вікторович', 25, NULL, NULL, NULL, NULL, 0, NULL, NULL, NULL, '1998-07-01', '2013-09-01', NULL, 0, NULL, NULL, 'Cвідоцтво про базову загальну середню освіту XM 44', NULL, NULL, NULL, NULL, NULL, NULL, NULL, NULL, NULL, NULL, NULL, NULL, NULL, NULL, NULL, NULL, NULL, NULL, NULL, NULL, 2630761, ' Свідоцтво: I-БB 055329 ', '3597609038'),
(104, '', 'Гаврилюк', 'Денис', 'Анатолійович', 36, NULL, NULL, NULL, NULL, 0, NULL, NULL, NULL, '1995-12-20', '2011-09-01', NULL, 173, NULL, NULL, 'Cвідоцтво про базову загальну середню освіту XM 40', NULL, NULL, NULL, NULL, NULL, NULL, NULL, NULL, NULL, NULL, NULL, NULL, NULL, NULL, NULL, NULL, NULL, NULL, NULL, NULL, 1295097, ' Свідоцтво: I-БB 257868 ', '3505209216'),
(105, '', 'Гаврилюк', 'Олександр', 'Миколайович', 18, NULL, NULL, NULL, NULL, 0, NULL, NULL, NULL, '1996-02-21', '2011-09-01', NULL, 173, NULL, NULL, 'Cвідоцтво про базову загальну середню освіту XM 40', NULL, NULL, NULL, NULL, NULL, NULL, NULL, NULL, NULL, NULL, NULL, NULL, NULL, NULL, NULL, NULL, NULL, NULL, NULL, NULL, 1766901, ' Свідоцтво: I-БB 034489 ', '3511508971'),
(106, '', 'Гадайчук', 'Юрій', 'Вікторович', 11, NULL, NULL, NULL, NULL, 0, NULL, NULL, NULL, '1995-01-23', '2012-09-01', NULL, 173, NULL, NULL, 'Атестат про повну загальну середню освіту XM 42597', NULL, NULL, NULL, NULL, NULL, NULL, NULL, NULL, NULL, NULL, NULL, NULL, NULL, NULL, NULL, NULL, NULL, NULL, NULL, NULL, 100076, 'Паспорт: HB 590383   ', NULL),
(107, '', 'Гайдай', 'Вадим', 'Геннадійович', 8, NULL, NULL, NULL, NULL, 0, NULL, NULL, NULL, '1998-09-30', '2013-09-01', NULL, 0, NULL, NULL, 'Cвідоцтво про базову загальну середню освіту XM 44', NULL, NULL, NULL, NULL, NULL, NULL, NULL, NULL, NULL, NULL, NULL, NULL, NULL, NULL, NULL, NULL, NULL, NULL, NULL, NULL, 2461457, ' Свідоцтво: I-БB 068233 ', '3606707991'),
(108, '', 'Гайдай', 'Іван', 'Олегович', 24, NULL, NULL, NULL, NULL, 0, NULL, NULL, NULL, '1997-06-23', '2013-09-01', NULL, 0, NULL, NULL, 'Cвідоцтво про базову загальну середню освіту XM 43', NULL, NULL, NULL, NULL, NULL, NULL, NULL, NULL, NULL, NULL, NULL, NULL, NULL, NULL, NULL, NULL, NULL, NULL, NULL, NULL, 2463158, ' Свідоцтво: I-БB 027754 ', '3560311350'),
(109, '', 'Галецький', 'Олександр', 'Миколайович', 24, NULL, NULL, NULL, NULL, 0, NULL, NULL, NULL, '1998-08-23', '2013-09-01', NULL, 0, NULL, NULL, 'Cвідоцтво про базову загальну середню освіту XM 44', NULL, NULL, NULL, NULL, NULL, NULL, NULL, NULL, NULL, NULL, NULL, NULL, NULL, NULL, NULL, NULL, NULL, NULL, NULL, NULL, 2463961, ' Свідоцтво: I-БB 076793 ', '3602907050'),
(110, '', 'Галкін', 'Владислав', 'Вадимович', 23, NULL, NULL, NULL, NULL, 0, NULL, NULL, NULL, '1997-07-07', '2013-09-01', NULL, 0, NULL, NULL, 'Cвідоцтво про базову загальну середню освіту XM 44', NULL, NULL, NULL, NULL, NULL, NULL, NULL, NULL, NULL, NULL, NULL, NULL, NULL, NULL, NULL, NULL, NULL, NULL, NULL, NULL, 2616782, ' Свідоцтво: I-БB 090395 ', NULL),
(111, '', 'Гальміз', 'Роман', 'Вікторович', 23, NULL, NULL, NULL, NULL, 0, NULL, NULL, NULL, '1997-12-05', '2013-09-01', NULL, 0, NULL, NULL, 'Cвідоцтво про базову загальну середню освіту XM 44', NULL, NULL, NULL, NULL, NULL, NULL, NULL, NULL, NULL, NULL, NULL, NULL, NULL, NULL, NULL, NULL, NULL, NULL, NULL, NULL, 2720224, ' Свідоцтво: I-БB 028935 ', '3576804039'),
(112, '', 'Гарліцький', 'Роман', 'Валерійович', 16, NULL, NULL, NULL, NULL, 0, NULL, NULL, NULL, '1996-05-29', '2003-09-01', NULL, 0, NULL, NULL, 'Атестат про повну загальну середню освіту XM 44564', NULL, NULL, NULL, NULL, NULL, NULL, NULL, NULL, NULL, NULL, NULL, NULL, NULL, NULL, NULL, NULL, NULL, NULL, NULL, NULL, 2538297, 'Паспорт: HB 641933   ', NULL);
INSERT INTO `student` (`id`, `code`, `last_name`, `first_name`, `middle_name`, `group_id`, `phone_number`, `mobile_number`, `mother_name`, `father_name`, `gender`, `official_address`, `characteristics`, `factual_address`, `birth_date`, `admission_date`, `tuition_payment`, `admission_order_number`, `admission_semester`, `entry_exams`, `education_document`, `contract`, `math_mark`, `ua_language_mark`, `mother_workplace`, `mother_position`, `mother_workphone`, `mother_boss_workphone`, `father_workplace`, `father_position`, `father_workphone`, `father_boss_workphone`, `graduated`, `graduation_date`, `graduation_basis`, `graduation_semester`, `graduation_order_number`, `diploma`, `direction`, `misc_data`, `hobby`, `sseed_id`, `document`, `identification_code`) VALUES
(113, '', 'Гащук', 'Олег', 'Валерійович', 15, NULL, NULL, NULL, NULL, 0, NULL, NULL, NULL, '1997-03-21', '2012-09-01', NULL, 22, NULL, NULL, 'Cвідоцтво про базову загальну середню освіту XM 42', NULL, NULL, NULL, NULL, NULL, NULL, NULL, NULL, NULL, NULL, NULL, NULL, NULL, NULL, NULL, NULL, NULL, NULL, NULL, NULL, 329430, ' Свідоцтво: I-БB 060419 ', NULL),
(114, '', 'Гензера', 'Дмитро', 'Олександрович', 21, NULL, NULL, NULL, NULL, 0, NULL, NULL, NULL, '1998-05-08', '2013-09-01', NULL, 0, NULL, NULL, 'Cвідоцтво про базову загальну середню освіту XM 44', NULL, NULL, NULL, NULL, NULL, NULL, NULL, NULL, NULL, NULL, NULL, NULL, NULL, NULL, NULL, NULL, NULL, NULL, NULL, NULL, 2751736, ' Свідоцтво: I-БB 283392 ', '3592210330'),
(115, '', 'Герасименко', 'Дмитро', 'Вікторович', 16, NULL, NULL, NULL, NULL, 0, NULL, NULL, NULL, '1996-11-18', '2012-09-01', NULL, 180, NULL, NULL, 'Cвідоцтво про базову загальну середню освіту XM 42', NULL, NULL, NULL, NULL, NULL, NULL, NULL, NULL, NULL, NULL, NULL, NULL, NULL, NULL, NULL, NULL, NULL, NULL, NULL, NULL, 212942, ' Свідоцтво: I-БB 035866 ', '3538609250'),
(116, '', 'Герасименюк', 'Богдан', 'Володимирович', 25, NULL, NULL, NULL, NULL, 0, NULL, NULL, NULL, '1998-06-17', '2013-09-01', NULL, 0, NULL, NULL, 'Cвідоцтво про базову загальну середню освіту XM 44', NULL, NULL, NULL, NULL, NULL, NULL, NULL, NULL, NULL, NULL, NULL, NULL, NULL, NULL, NULL, NULL, NULL, NULL, NULL, NULL, 2616914, ' Свідоцтво: I-БB 283994 ', '3696208715'),
(117, '', 'Герасімюк', 'Іван', 'Олександрович', 34, NULL, NULL, NULL, NULL, 0, NULL, NULL, NULL, '1995-06-06', '2012-09-01', NULL, 198, NULL, NULL, 'Атестат про повну загальну середню освіту XM 42583', NULL, NULL, NULL, NULL, NULL, NULL, NULL, NULL, NULL, NULL, NULL, NULL, NULL, NULL, NULL, NULL, NULL, NULL, NULL, NULL, 20438, 'Паспорт: HB 617653   ', NULL),
(118, '', 'Гетьман', 'Михайло', 'Володимирович', 38, NULL, NULL, NULL, NULL, 0, NULL, NULL, NULL, '1996-03-24', '2011-09-01', NULL, 175, NULL, NULL, 'Cвідоцтво про базову загальну середню освіту XM 40', NULL, NULL, NULL, NULL, NULL, NULL, NULL, NULL, NULL, NULL, NULL, NULL, NULL, NULL, NULL, NULL, NULL, NULL, NULL, NULL, 2211750, 'Паспорт: HB 644993   ', '3514703393'),
(119, '', 'Гикавчук', 'Андрій', 'Віталійович', 10, NULL, NULL, NULL, NULL, 0, NULL, NULL, NULL, '1995-10-13', '2011-09-01', NULL, 173, NULL, NULL, 'Cвідоцтво про базову загальну середню освіту XM 40', NULL, NULL, NULL, NULL, NULL, NULL, NULL, NULL, NULL, NULL, NULL, NULL, NULL, NULL, NULL, NULL, NULL, NULL, NULL, NULL, 1741514, 'Паспорт: HB 621576   ', '3498405599'),
(120, '', 'Гича', 'Едуард', 'Михайлович', 34, NULL, NULL, NULL, NULL, 0, NULL, NULL, NULL, '1996-01-24', '2011-09-01', NULL, 173, NULL, NULL, 'Cвідоцтво про базову загальну середню освіту XM 40', NULL, NULL, NULL, NULL, NULL, NULL, NULL, NULL, NULL, NULL, NULL, NULL, NULL, NULL, NULL, NULL, NULL, NULL, NULL, NULL, 1120157, ' Свідоцтво: I-БB 034220 ', '3508709851'),
(121, '', 'Гладищук', 'Дмитро', 'Володимирович', 9, NULL, NULL, NULL, NULL, 0, NULL, NULL, NULL, '1998-01-31', '2013-09-01', NULL, 0, NULL, NULL, 'Cвідоцтво про базову загальну середню освіту XM 44', NULL, NULL, NULL, NULL, NULL, NULL, NULL, NULL, NULL, NULL, NULL, NULL, NULL, NULL, NULL, NULL, NULL, NULL, NULL, NULL, 2680220, ' Свідоцтво: I-БB 059056 ', '3582508798'),
(122, '', 'Глуговський', 'Артем', 'Олегович', 6, NULL, NULL, NULL, NULL, 0, NULL, NULL, NULL, '1997-05-30', '2012-09-01', NULL, 173, NULL, NULL, 'Cвідоцтво про базову загальну середню освіту XM 42', NULL, NULL, NULL, NULL, NULL, NULL, NULL, NULL, NULL, NULL, NULL, NULL, NULL, NULL, NULL, NULL, NULL, NULL, NULL, NULL, 426643, ' Свідоцтво: I-БB 014885 ', '3557910318'),
(123, '', 'Глушку', 'Микола', 'Миколайович', 17, NULL, NULL, NULL, NULL, 0, NULL, NULL, NULL, '1996-06-01', '2011-09-01', NULL, 173, NULL, NULL, 'Cвідоцтво про базову загальну середню освіту XM 40', NULL, NULL, NULL, NULL, NULL, NULL, NULL, NULL, NULL, NULL, NULL, NULL, NULL, NULL, NULL, NULL, NULL, NULL, NULL, NULL, 996906, ' Свідоцтво: I-AM 310723 ', '3521609034'),
(124, '', 'Глущак', 'Олександр', 'Вікторович', 18, NULL, NULL, NULL, NULL, 0, NULL, NULL, NULL, '1996-06-01', '2011-09-01', NULL, 173, NULL, NULL, 'Cвідоцтво про базову загальну середню освіту XM 40', NULL, NULL, NULL, NULL, NULL, NULL, NULL, NULL, NULL, NULL, NULL, NULL, NULL, NULL, NULL, NULL, NULL, NULL, NULL, NULL, 1767407, ' Свідоцтво: I-БB 028572 ', '3521608316'),
(125, '', 'Гоба', 'Олександр', 'Анатолійович', 29, NULL, NULL, NULL, NULL, 0, NULL, NULL, NULL, '1997-01-05', '2012-09-01', NULL, 173, NULL, NULL, 'Cвідоцтво про базову загальну середню освіту XM 42', NULL, NULL, NULL, NULL, NULL, NULL, NULL, NULL, NULL, NULL, NULL, NULL, NULL, NULL, NULL, NULL, NULL, NULL, NULL, NULL, 426786, ' Свідоцтво: I-БB 039290 ', '3543409352'),
(126, '', 'Голанов', 'Андрій', 'Олегович', 31, NULL, NULL, NULL, NULL, 0, NULL, NULL, NULL, '1997-01-25', '2012-09-01', NULL, 173, NULL, NULL, 'Cвідоцтво про базову загальну середню освіту XM 42', NULL, NULL, NULL, NULL, NULL, NULL, NULL, NULL, NULL, NULL, NULL, NULL, NULL, NULL, NULL, NULL, NULL, NULL, NULL, NULL, 329732, ' Свідоцтво: I-БB 055066 ', '3545402051'),
(127, '', 'Гончар', 'Вадим', 'Васильович', 37, NULL, NULL, NULL, NULL, 0, NULL, NULL, NULL, '1995-04-12', '2011-09-01', NULL, 173, NULL, NULL, 'Cвідоцтво про базову загальну середню освіту XM 40', NULL, NULL, NULL, NULL, NULL, NULL, NULL, NULL, NULL, NULL, NULL, NULL, NULL, NULL, NULL, NULL, NULL, NULL, NULL, NULL, 2205256, 'Паспорт: HB 596062   ', '3480012777'),
(128, '', 'Гончаров', 'Дмитро', 'Олександрович', 7, NULL, NULL, NULL, NULL, 0, NULL, NULL, NULL, '1996-10-25', '2012-09-01', NULL, 173, NULL, NULL, 'Cвідоцтво про базову загальну середню освіту XM 42', NULL, NULL, NULL, NULL, NULL, NULL, NULL, NULL, NULL, NULL, NULL, NULL, NULL, NULL, NULL, NULL, NULL, NULL, NULL, NULL, 62328, ' Свідоцтво: I-БB 046925 ', NULL),
(129, '', 'Гончарук', 'Олександр', 'Миколайович', 30, NULL, NULL, NULL, NULL, 0, NULL, NULL, NULL, '1996-05-15', '2003-09-01', NULL, 0, NULL, NULL, 'Атестат про повну загальну середню освіту XM 44564', NULL, NULL, NULL, NULL, NULL, NULL, NULL, NULL, NULL, NULL, NULL, NULL, NULL, NULL, NULL, NULL, NULL, NULL, NULL, NULL, 2597707, 'Паспорт: HB 641826   ', NULL),
(130, '', 'Гончарук', 'Роман', 'Юрійович', 31, NULL, NULL, NULL, NULL, 0, NULL, NULL, NULL, '1997-07-06', '2012-09-01', NULL, 173, NULL, NULL, 'Cвідоцтво про базову загальну середню освіту XM 42', NULL, NULL, NULL, NULL, NULL, NULL, NULL, NULL, NULL, NULL, NULL, NULL, NULL, NULL, NULL, NULL, NULL, NULL, NULL, NULL, 412952, ' Свідоцтво: I-БB 031919 ', '3561608755'),
(131, '', 'Горбатюк', 'Іван', 'Володимирович', 8, NULL, NULL, NULL, NULL, 0, NULL, NULL, NULL, '1998-07-07', '2013-09-01', NULL, 0, NULL, NULL, 'Cвідоцтво про базову загальну середню освіту XM 44', NULL, NULL, NULL, NULL, NULL, NULL, NULL, NULL, NULL, NULL, NULL, NULL, NULL, NULL, NULL, NULL, NULL, NULL, NULL, NULL, 2559736, ' Свідоцтво: I-БB 287049 ', '3598209756'),
(132, '', 'Горілий', 'Сергій', 'Віталійович', 12, NULL, NULL, NULL, NULL, 0, NULL, NULL, NULL, '1997-09-20', '2013-09-01', NULL, 0, NULL, NULL, 'Cвідоцтво про базову загальну середню освіту XM 44', NULL, NULL, NULL, NULL, NULL, NULL, NULL, NULL, NULL, NULL, NULL, NULL, NULL, NULL, NULL, NULL, NULL, NULL, NULL, NULL, 2470842, ' Свідоцтво: I-БB 070309 ', '3569209275'),
(133, '', 'Горобець', 'Володимир', 'Володимирович', 18, NULL, NULL, NULL, NULL, 0, NULL, NULL, NULL, '1996-01-07', '2011-09-01', NULL, 173, NULL, NULL, 'Cвідоцтво про базову загальну середню освіту XM 40', NULL, NULL, NULL, NULL, NULL, NULL, NULL, NULL, NULL, NULL, NULL, NULL, NULL, NULL, NULL, NULL, NULL, NULL, NULL, NULL, 1768192, 'Паспорт: HB 631378   ', '3507007392'),
(134, '', 'Горошко', 'Владислав', 'Михайлович', 12, NULL, NULL, NULL, NULL, 0, NULL, NULL, NULL, '1997-12-25', '2013-09-01', NULL, 0, NULL, NULL, 'Cвідоцтво про базову загальну середню освіту XM 44', NULL, NULL, NULL, NULL, NULL, NULL, NULL, NULL, NULL, NULL, NULL, NULL, NULL, NULL, NULL, NULL, NULL, NULL, NULL, NULL, 2559951, ' Свідоцтво: I-БB 199743 ', '3578808498'),
(135, '', 'Горчилов', 'Іван', 'Іванович', 9, NULL, NULL, NULL, NULL, 0, NULL, NULL, NULL, '1998-07-14', '2013-09-01', NULL, 0, NULL, NULL, 'Cвідоцтво про базову загальну середню освіту XM 44', NULL, NULL, NULL, NULL, NULL, NULL, NULL, NULL, NULL, NULL, NULL, NULL, NULL, NULL, NULL, NULL, NULL, NULL, NULL, NULL, 2746568, ' Свідоцтво: I-БB 059276 ', '3598910638'),
(136, '', 'Горшечнік', 'Олександр', 'Андрійович', 14, NULL, NULL, NULL, NULL, 0, NULL, NULL, NULL, '1996-04-06', '2012-09-01', NULL, 173, NULL, NULL, 'Cвідоцтво про базову загальну середню освіту XM 40', NULL, NULL, NULL, NULL, NULL, NULL, NULL, NULL, NULL, NULL, NULL, NULL, NULL, NULL, NULL, NULL, NULL, NULL, NULL, NULL, 21373, ' Свідоцтво: I-БB 035332 ', '3516009774'),
(137, '', 'Горяк', 'Дмитро', 'Вікторович', 8, NULL, NULL, NULL, NULL, 0, NULL, NULL, NULL, '1998-08-20', '2013-09-01', NULL, 0, NULL, NULL, 'Cвідоцтво про базову загальну середню освіту XM 44', NULL, NULL, NULL, NULL, NULL, NULL, NULL, NULL, NULL, NULL, NULL, NULL, NULL, NULL, NULL, NULL, NULL, NULL, NULL, NULL, 2570761, ' Свідоцтво: I-БB 287371 ', '3602602099'),
(138, '', 'Гостімський', 'Максим', 'Анатолійович', 32, NULL, NULL, NULL, NULL, 0, NULL, NULL, NULL, '1997-05-24', '2012-09-01', NULL, 173, NULL, NULL, 'Cвідоцтво про базову загальну середню освіту XM 42', NULL, NULL, NULL, NULL, NULL, NULL, NULL, NULL, NULL, NULL, NULL, NULL, NULL, NULL, NULL, NULL, NULL, NULL, NULL, NULL, 168463, ' Свідоцтво: I-БB 064090 ', '3557308874'),
(139, '', 'Гоцалюк', 'Владислав', 'Анатолійович', 15, NULL, NULL, NULL, NULL, 0, NULL, NULL, NULL, '1997-03-17', '2012-09-01', NULL, 173, NULL, NULL, 'Cвідоцтво про базову загальну середню освіту XM 42', NULL, NULL, NULL, NULL, NULL, NULL, NULL, NULL, NULL, NULL, NULL, NULL, NULL, NULL, NULL, NULL, NULL, NULL, NULL, NULL, 386958, ' Свідоцтво: I-БB 060384 ', '3550509791'),
(140, '', 'Гоя', 'Олександр', 'Олегович', 32, NULL, NULL, NULL, NULL, 0, NULL, NULL, NULL, '1997-07-24', '2012-09-01', NULL, 173, NULL, NULL, 'Cвідоцтво про базову загальну середню освіту XM 42', NULL, NULL, NULL, NULL, NULL, NULL, NULL, NULL, NULL, NULL, NULL, NULL, NULL, NULL, NULL, NULL, NULL, NULL, NULL, NULL, 33502, ' Свідоцтво: I-БB 049856 ', NULL),
(141, '', 'Гречка', 'Михайло', 'Вячеславович', 38, NULL, NULL, NULL, NULL, 0, NULL, NULL, NULL, '1996-03-23', '2011-09-01', NULL, 173, NULL, NULL, 'Cвідоцтво про базову загальну середню освіту XM 40', NULL, NULL, NULL, NULL, NULL, NULL, NULL, NULL, NULL, NULL, NULL, NULL, NULL, NULL, NULL, NULL, NULL, NULL, NULL, NULL, 2211758, 'Паспорт: HB 630635   ', '3514608431'),
(142, '', 'Грубий', 'Валентин', 'Миколайович', 10, NULL, NULL, NULL, NULL, 0, NULL, NULL, NULL, '1995-10-22', '2011-09-01', NULL, 173, NULL, NULL, 'Cвідоцтво про базову загальну середню освіту XM 40', NULL, NULL, NULL, NULL, NULL, NULL, NULL, NULL, NULL, NULL, NULL, NULL, NULL, NULL, NULL, NULL, NULL, NULL, NULL, NULL, 1741023, ' Свідоцтво: I-БB 025586 ', '3499308379'),
(143, '', 'Гула', 'Роман', 'Васильович', 27, NULL, NULL, NULL, NULL, 0, NULL, NULL, NULL, '1995-07-08', '2011-09-01', NULL, 175, NULL, NULL, 'Cвідоцтво про базову загальну середню освіту XM 40', NULL, NULL, NULL, NULL, NULL, NULL, NULL, NULL, NULL, NULL, NULL, NULL, NULL, NULL, NULL, NULL, NULL, NULL, NULL, NULL, 1887218, 'Паспорт: HB 621435   ', '3488711697'),
(144, '', 'Гуменний', 'Богдан', 'Олександрович', 12, NULL, NULL, NULL, NULL, 0, NULL, NULL, NULL, '1998-07-11', '2013-09-01', NULL, 0, NULL, NULL, 'Cвідоцтво про базову загальну середню освіту XM 44', NULL, NULL, NULL, NULL, NULL, NULL, NULL, NULL, NULL, NULL, NULL, NULL, NULL, NULL, NULL, NULL, NULL, NULL, NULL, NULL, 2682053, ' Свідоцтво: I-БB 118341 ', '3598608692'),
(145, '', 'Гуменний', 'Віталій', 'Олександрович', 13, NULL, NULL, NULL, NULL, 0, NULL, NULL, NULL, '1998-04-23', '2013-09-01', NULL, 0, NULL, NULL, 'Cвідоцтво про базову загальну середню освіту XM 44', NULL, NULL, NULL, NULL, NULL, NULL, NULL, NULL, NULL, NULL, NULL, NULL, NULL, NULL, NULL, NULL, NULL, NULL, NULL, NULL, 2635633, ' Свідоцтво: I-БB 282008 ', '3590709396'),
(146, '', 'Гуменний', 'Микола', 'Вікторович', 26, NULL, NULL, NULL, NULL, 0, NULL, NULL, NULL, '1996-11-30', '2012-09-01', NULL, 173, NULL, NULL, 'Cвідоцтво про базову загальну середню освіту XM 42', NULL, NULL, NULL, NULL, NULL, NULL, NULL, NULL, NULL, NULL, NULL, NULL, NULL, NULL, NULL, NULL, NULL, NULL, NULL, NULL, 172048, ' Свідоцтво: I-БB 011809 ', '3539807714'),
(147, '', 'Гуменюк', 'Дмитро', 'Вікторович', 24, NULL, NULL, NULL, NULL, 0, NULL, NULL, NULL, '1998-07-19', '2013-09-01', NULL, 0, NULL, NULL, 'Cвідоцтво про базову загальну середню освіту XM 44', NULL, NULL, NULL, NULL, NULL, NULL, NULL, NULL, NULL, NULL, NULL, NULL, NULL, NULL, NULL, NULL, NULL, NULL, NULL, NULL, 2433040, ' Свідоцтво: I-БB 290594 ', '3599404417'),
(148, '', 'Гуменюк', 'Олександр', 'Васильович', 37, NULL, NULL, NULL, NULL, 0, NULL, NULL, NULL, '1996-05-13', '2011-09-01', NULL, 173, NULL, NULL, 'Cвідоцтво про базову загальну середню освіту XM 40', NULL, NULL, NULL, NULL, NULL, NULL, NULL, NULL, NULL, NULL, NULL, NULL, NULL, NULL, NULL, NULL, NULL, NULL, NULL, NULL, 2205260, ' Свідоцтво: I-БB 040404 ', '3519710053'),
(149, '', 'Гураль', 'Артур', 'Сергійович', 12, NULL, NULL, NULL, NULL, 0, NULL, NULL, NULL, '1997-07-09', '2013-09-01', NULL, 0, NULL, NULL, 'Cвідоцтво про базову загальну середню освіту XM 44', NULL, NULL, NULL, NULL, NULL, NULL, NULL, NULL, NULL, NULL, NULL, NULL, NULL, NULL, NULL, NULL, NULL, NULL, NULL, NULL, 2746023, ' Свідоцтво: I-БB 064518 ', '3561910993'),
(150, '', 'Гурницький', 'Андрій', 'Олександрович', 38, NULL, NULL, NULL, NULL, 0, NULL, NULL, NULL, '1996-07-16', '2011-09-01', NULL, 173, NULL, NULL, 'Cвідоцтво про базову загальну середню освіту XM 40', NULL, NULL, NULL, NULL, NULL, NULL, NULL, NULL, NULL, NULL, NULL, NULL, NULL, NULL, NULL, NULL, NULL, NULL, NULL, NULL, 2211772, 'Паспорт: HB 646226   ', '3526110099'),
(151, '', 'Гурський', 'Ярослав', 'Володимирович', 21, NULL, NULL, NULL, NULL, 0, NULL, NULL, NULL, '1998-05-13', '2013-09-01', NULL, 0, NULL, NULL, 'Cвідоцтво про базову загальну середню освіту XM 44', NULL, NULL, NULL, NULL, NULL, NULL, NULL, NULL, NULL, NULL, NULL, NULL, NULL, NULL, NULL, NULL, NULL, NULL, NULL, NULL, 2745827, ' Свідоцтво: I-БB 133816 ', '3592708932'),
(152, '', 'Гут', 'Андрій', 'Олегович', 11, NULL, NULL, NULL, NULL, 0, NULL, NULL, NULL, '1996-06-24', '2011-09-01', NULL, 173, NULL, NULL, 'Cвідоцтво про базову загальну середню освіту XM 40', NULL, NULL, NULL, NULL, NULL, NULL, NULL, NULL, NULL, NULL, NULL, NULL, NULL, NULL, NULL, NULL, NULL, NULL, NULL, NULL, 1838541, 'Паспорт: HB 646005   ', '3523910890'),
(153, '', 'Гуцал', 'Артьом', 'Андрійович', 26, NULL, NULL, NULL, NULL, 0, NULL, NULL, NULL, '1996-02-27', '2013-09-01', NULL, 0, NULL, NULL, 'Атестат про повну загальну середню освіту XM 44563', NULL, NULL, NULL, NULL, NULL, NULL, NULL, NULL, NULL, NULL, NULL, NULL, NULL, NULL, NULL, NULL, NULL, NULL, NULL, NULL, 2537708, 'Паспорт: HB 635325   ', NULL),
(154, '', 'Гуцалюк', 'Олександр', 'Сергійович', 35, NULL, NULL, NULL, NULL, 0, NULL, NULL, NULL, '1996-05-23', '2011-09-01', NULL, 173, NULL, NULL, 'Cвідоцтво про базову загальну середню освіту XM 40', NULL, NULL, NULL, NULL, NULL, NULL, NULL, NULL, NULL, NULL, NULL, NULL, NULL, NULL, NULL, NULL, NULL, NULL, NULL, NULL, 2180318, ' Свідоцтво: I-БB 014285 ', '3520709859'),
(155, '', 'Данілов', 'Олександр', 'Богданович', 12, NULL, NULL, NULL, NULL, 0, NULL, NULL, NULL, '1998-03-04', '2013-09-01', NULL, 0, NULL, NULL, 'Cвідоцтво про базову загальну середню освіту XM 44', NULL, NULL, NULL, NULL, NULL, NULL, NULL, NULL, NULL, NULL, NULL, NULL, NULL, NULL, NULL, NULL, NULL, NULL, NULL, NULL, 2471096, ' Свідоцтво: I-БB 071302 ', '3585705010'),
(156, '', 'Дац', 'Артем', 'Вадимович', 25, NULL, NULL, NULL, NULL, 0, NULL, NULL, NULL, '1997-08-01', '2013-09-01', NULL, 0, NULL, NULL, 'Cвідоцтво про базову загальну середню освіту XM 44', NULL, NULL, NULL, NULL, NULL, NULL, NULL, NULL, NULL, NULL, NULL, NULL, NULL, NULL, NULL, NULL, NULL, NULL, NULL, NULL, 2733159, ' Свідоцтво: I-KГ 061862 ', '3564206032'),
(157, '', 'Даценко', 'Кирил', 'Андрійович', 13, NULL, NULL, NULL, NULL, 0, NULL, NULL, NULL, '1997-11-26', '2013-09-01', NULL, 0, NULL, NULL, 'Cвідоцтво про базову загальну середню освіту XM 44', NULL, NULL, NULL, NULL, NULL, NULL, NULL, NULL, NULL, NULL, NULL, NULL, NULL, NULL, NULL, NULL, NULL, NULL, NULL, NULL, 2681694, ' Свідоцтво: I-БB 070866 ', '3575908954'),
(158, '', 'Дацій', 'Олег', 'Васильович', 23, NULL, NULL, NULL, NULL, 0, NULL, NULL, NULL, '1998-02-27', '2013-09-01', NULL, 0, NULL, NULL, 'Cвідоцтво про базову загальну середню освіту XM 44', NULL, NULL, NULL, NULL, NULL, NULL, NULL, NULL, NULL, NULL, NULL, NULL, NULL, NULL, NULL, NULL, NULL, NULL, NULL, NULL, 2540032, ' Свідоцтво: I-БB 062103 ', NULL),
(159, '', 'Дацьків', 'Андрій', 'Олексійович', 29, NULL, NULL, NULL, NULL, 0, NULL, NULL, NULL, '1997-03-06', '2012-09-01', NULL, 173, NULL, NULL, 'Cвідоцтво про базову загальну середню освіту XM 42', NULL, NULL, NULL, NULL, NULL, NULL, NULL, NULL, NULL, NULL, NULL, NULL, NULL, NULL, NULL, NULL, NULL, NULL, NULL, NULL, 387887, ' Свідоцтво: I-БB 060711 ', '3549409035'),
(160, '', 'Дацько', 'Василь', 'Анатолійович', 8, NULL, NULL, NULL, NULL, 0, NULL, NULL, NULL, '1997-12-24', '2013-09-01', NULL, 0, NULL, NULL, 'Cвідоцтво про базову загальну середню освіту XM 44', NULL, NULL, NULL, NULL, NULL, NULL, NULL, NULL, NULL, NULL, NULL, NULL, NULL, NULL, NULL, NULL, NULL, NULL, NULL, NULL, 2487847, ' Свідоцтво: I-БB 061805 ', '3578708612'),
(161, '', 'Девлиш', 'Віталій', 'Андрійович', 24, NULL, NULL, NULL, NULL, 0, NULL, NULL, NULL, '1998-05-03', '2013-09-01', NULL, 0, NULL, NULL, 'Cвідоцтво про базову загальну середню освіту XM 44', NULL, NULL, NULL, NULL, NULL, NULL, NULL, NULL, NULL, NULL, NULL, NULL, NULL, NULL, NULL, NULL, NULL, NULL, NULL, NULL, 2747416, ' Свідоцтво: I-БB 164242 ', NULL),
(162, '', 'Демчишин', 'Володимир', 'Вікторович', 30, NULL, NULL, NULL, NULL, 0, NULL, NULL, NULL, '1997-01-28', '2012-09-01', NULL, 173, NULL, NULL, 'Cвідоцтво про базову загальну середню освіту XM 42', NULL, NULL, NULL, NULL, NULL, NULL, NULL, NULL, NULL, NULL, NULL, NULL, NULL, NULL, NULL, NULL, NULL, NULL, NULL, NULL, 385838, ' Свідоцтво: I-БB 027122 ', '3545708550'),
(163, '', 'Демчишин', 'Руслан', 'Павлович', 33, NULL, NULL, NULL, NULL, 0, NULL, NULL, NULL, '1995-06-01', '2011-09-01', NULL, 173, NULL, NULL, 'Cвідоцтво про базову загальну середню освіту XM 38', NULL, NULL, NULL, NULL, NULL, NULL, NULL, NULL, NULL, NULL, NULL, NULL, NULL, NULL, NULL, NULL, NULL, NULL, NULL, NULL, 2084379, ' Свідоцтво: I-БB 257770 ', '3485011616'),
(164, '', 'Демчук', 'Аліна', 'Володимирівна', 21, NULL, NULL, NULL, NULL, 1, NULL, NULL, NULL, '1998-06-24', '2013-09-01', NULL, 0, NULL, NULL, 'Cвідоцтво про базову загальну середню освіту XM 45', NULL, NULL, NULL, NULL, NULL, NULL, NULL, NULL, NULL, NULL, NULL, NULL, NULL, NULL, NULL, NULL, NULL, NULL, NULL, NULL, 2614589, ' Свідоцтво: I-БB 282311 ', '3596910028'),
(165, '', 'Демчук', 'Богдан', 'Русланович', 12, NULL, NULL, NULL, NULL, 0, NULL, NULL, NULL, '1997-08-10', '2013-09-01', NULL, 0, NULL, NULL, 'Cвідоцтво про базову загальну середню освіту XM 44', NULL, NULL, NULL, NULL, NULL, NULL, NULL, NULL, NULL, NULL, NULL, NULL, NULL, NULL, NULL, NULL, NULL, NULL, NULL, NULL, 2440479, ' Свідоцтво: I-БB 064926 ', '3565110096'),
(166, '', 'Демчук', 'Іван', 'Сергійович', 29, NULL, NULL, NULL, NULL, 0, NULL, NULL, NULL, '1996-06-04', '2003-09-01', NULL, 0, NULL, NULL, 'Атестат про повну загальну середню освіту XM 44567', NULL, NULL, NULL, NULL, NULL, NULL, NULL, NULL, NULL, NULL, NULL, NULL, NULL, NULL, NULL, NULL, NULL, NULL, NULL, NULL, 2748502, 'Паспорт: HB 693273   ', NULL),
(167, '', 'Денін', 'Євген', 'Олександрович', 11, NULL, NULL, NULL, NULL, 0, NULL, NULL, NULL, '1996-02-12', '2011-09-01', NULL, 175, NULL, NULL, 'Cвідоцтво про базову загальну середню освіту XM 40', NULL, NULL, NULL, NULL, NULL, NULL, NULL, NULL, NULL, NULL, NULL, NULL, NULL, NULL, NULL, NULL, NULL, NULL, NULL, NULL, 1839570, 'Паспорт: HB 639949   ', '3510610372'),
(168, '', 'Дзюбак', 'Владислав', 'Валентинович', 8, NULL, NULL, NULL, NULL, 0, NULL, NULL, NULL, '1998-02-02', '2013-09-01', NULL, 0, NULL, NULL, 'Cвідоцтво про базову загальну середню освіту XM 45', NULL, NULL, NULL, NULL, NULL, NULL, NULL, NULL, NULL, NULL, NULL, NULL, NULL, NULL, NULL, NULL, NULL, NULL, NULL, NULL, 2678139, ' Свідоцтво: I-БB 077897 ', '3582710693'),
(169, '', 'Дзюбій', 'Дмитро', 'Вікторович', 11, NULL, NULL, NULL, NULL, 0, NULL, NULL, NULL, '1996-03-10', '2011-09-01', NULL, 173, NULL, NULL, 'Cвідоцтво про базову загальну середню освіту XM 41', NULL, NULL, NULL, NULL, NULL, NULL, NULL, NULL, NULL, NULL, NULL, NULL, NULL, NULL, NULL, NULL, NULL, NULL, NULL, NULL, 1839691, 'Паспорт: HB 640093   ', '3513308759'),
(170, '', 'Дзядик', 'Антон', 'Анатолійович', 23, NULL, NULL, NULL, NULL, 0, NULL, NULL, NULL, '1997-10-18', '2013-09-01', NULL, 0, NULL, NULL, 'Cвідоцтво про базову загальну середню освіту XM 44', NULL, NULL, NULL, NULL, NULL, NULL, NULL, NULL, NULL, NULL, NULL, NULL, NULL, NULL, NULL, NULL, NULL, NULL, NULL, NULL, 2556091, ' Свідоцтво: I-БB 039878 ', NULL),
(171, '', 'Дзян', 'Владислав', 'Володимирович', 31, NULL, NULL, NULL, NULL, 0, NULL, NULL, NULL, '1997-09-01', '2012-09-01', NULL, 173, NULL, NULL, 'Cвідоцтво про базову загальну середню освіту XM 42', NULL, NULL, NULL, NULL, NULL, NULL, NULL, NULL, NULL, NULL, NULL, NULL, NULL, NULL, NULL, NULL, NULL, NULL, NULL, NULL, 63997, ' Свідоцтво: I-БB 042593 ', '3567308613'),
(172, '', 'Довгалюк', 'Максим', 'Олександрович', 29, NULL, NULL, NULL, NULL, 0, NULL, NULL, NULL, '1996-10-27', '2012-09-01', NULL, 173, NULL, NULL, 'Cвідоцтво про базову загальну середню освіту XM 42', NULL, NULL, NULL, NULL, NULL, NULL, NULL, NULL, NULL, NULL, NULL, NULL, NULL, NULL, NULL, NULL, NULL, NULL, NULL, NULL, 483004, ' Свідоцтво: I-БB 049018 ', '3536408117'),
(173, '', 'Дозорець', 'Денис', 'Олегович', 23, NULL, NULL, NULL, NULL, 0, NULL, NULL, NULL, '1998-02-19', '2013-09-01', NULL, 0, NULL, NULL, 'Cвідоцтво про базову загальну середню освіту XM 44', NULL, NULL, NULL, NULL, NULL, NULL, NULL, NULL, NULL, NULL, NULL, NULL, NULL, NULL, NULL, NULL, NULL, NULL, NULL, NULL, 2632655, ' Свідоцтво: I-БB 07733 ', NULL),
(174, '', 'Докунін', 'Валерій', 'Кирилович', 16, NULL, NULL, NULL, NULL, 0, NULL, NULL, NULL, '1997-10-28', '2012-09-01', NULL, 180, NULL, NULL, 'Cвідоцтво про базову загальну середню освіту XM 42', NULL, NULL, NULL, NULL, NULL, NULL, NULL, NULL, NULL, NULL, NULL, NULL, NULL, NULL, NULL, NULL, NULL, NULL, NULL, NULL, 130345, ' Свідоцтво: I-ЖД 114294 ', '3573001339'),
(175, '', 'Долинський', 'Богдан', 'Олегович', 10, NULL, NULL, NULL, NULL, 0, NULL, NULL, NULL, '1996-05-14', '2011-09-01', NULL, 173, NULL, NULL, 'Cвідоцтво про базову загальну середню освіту XM 40', NULL, NULL, NULL, NULL, NULL, NULL, NULL, NULL, NULL, NULL, NULL, NULL, NULL, NULL, NULL, NULL, NULL, NULL, NULL, NULL, 1741615, 'Паспорт: HB 639967   ', '3519812130'),
(176, '', 'Донець', 'Андрій', 'Олександрович', 10, NULL, NULL, NULL, NULL, 0, NULL, NULL, NULL, '1995-12-07', '2011-09-01', NULL, 173, NULL, NULL, 'Cвідоцтво про базову загальну середню освіту XM 40', NULL, NULL, NULL, NULL, NULL, NULL, NULL, NULL, NULL, NULL, NULL, NULL, NULL, NULL, NULL, NULL, NULL, NULL, NULL, NULL, 1741183, 'Паспорт: HB 630117   ', '3503909238'),
(177, '', 'Дорожанський', 'Олексій', 'Олегович', 8, NULL, NULL, NULL, NULL, 0, NULL, NULL, NULL, '1998-03-11', '2013-09-01', NULL, 0, NULL, NULL, 'Cвідоцтво про базову загальну середню освіту XM 44', NULL, NULL, NULL, NULL, NULL, NULL, NULL, NULL, NULL, NULL, NULL, NULL, NULL, NULL, NULL, NULL, NULL, NULL, NULL, NULL, 2748945, ' Свідоцтво: I-БB 077827 ', '3586406694'),
(178, '', 'Драч', 'Олена', 'Сергіївна', 21, NULL, NULL, NULL, NULL, 1, NULL, NULL, NULL, '1998-10-29', '2013-09-01', NULL, 0, NULL, NULL, 'Cвідоцтво про базову загальну середню освіту XM 44', NULL, NULL, NULL, NULL, NULL, NULL, NULL, NULL, NULL, NULL, NULL, NULL, NULL, NULL, NULL, NULL, NULL, NULL, NULL, NULL, 2487553, ' Свідоцтво: I-БB 071518 ', '3609606707'),
(179, '', 'Думанський', 'Олександр', 'Русланович', 36, NULL, NULL, NULL, NULL, 0, NULL, NULL, NULL, '1995-10-12', '2011-09-01', NULL, 173, NULL, NULL, 'Cвідоцтво про базову загальну середню освіту XM 40', NULL, NULL, NULL, NULL, NULL, NULL, NULL, NULL, NULL, NULL, NULL, NULL, NULL, NULL, NULL, NULL, NULL, NULL, NULL, NULL, 1294623, ' Свідоцтво: I-БB 025271 ', '3498304610'),
(180, '', 'Дунаєвський', 'Денис', 'Леонідович', 17, NULL, NULL, NULL, NULL, 0, NULL, NULL, NULL, '1996-06-05', '2011-09-01', NULL, 173, NULL, NULL, 'Cвідоцтво про базову загальну середню освіту XM 40', NULL, NULL, NULL, NULL, NULL, NULL, NULL, NULL, NULL, NULL, NULL, NULL, NULL, NULL, NULL, NULL, NULL, NULL, NULL, NULL, 1054184, ' Свідоцтво: I-БB 040720 ', '3522005537'),
(181, '', 'Дячок', 'Віталій', 'Сергійович', 22, NULL, NULL, NULL, NULL, 0, NULL, NULL, NULL, '1998-08-27', '2013-09-01', NULL, 0, NULL, NULL, 'Cвідоцтво про базову загальну середню освіту XM 44', NULL, NULL, NULL, NULL, NULL, NULL, NULL, NULL, NULL, NULL, NULL, NULL, NULL, NULL, NULL, NULL, NULL, NULL, NULL, NULL, 2644939, ' Свідоцтво: I-БB 287718 ', NULL),
(182, '', 'Дячук', 'Сергій', 'Олександрович', 13, NULL, NULL, NULL, NULL, 0, NULL, NULL, NULL, '1997-12-12', '2013-09-01', NULL, 0, NULL, NULL, 'Cвідоцтво про базову загальну середню освіту XM 44', NULL, NULL, NULL, NULL, NULL, NULL, NULL, NULL, NULL, NULL, NULL, NULL, NULL, NULL, NULL, NULL, NULL, NULL, NULL, NULL, 2525033, ' Свідоцтво: I-БB 050592 ', '3577505058'),
(183, '', 'Євтодій', 'Максим', 'Сергійович', 35, NULL, NULL, NULL, NULL, 0, NULL, NULL, NULL, '1995-09-12', '2011-09-01', NULL, 173, NULL, NULL, 'Cвідоцтво про базову загальну середню освіту XM 38', NULL, NULL, NULL, NULL, NULL, NULL, NULL, NULL, NULL, NULL, NULL, NULL, NULL, NULL, NULL, NULL, NULL, NULL, NULL, NULL, 2180323, 'Паспорт: HB 621087   ', NULL),
(184, '', 'Євчун', 'Антон', 'Іванович', 34, NULL, NULL, NULL, NULL, 0, NULL, NULL, NULL, '1995-12-29', '2011-09-01', NULL, 173, NULL, NULL, 'Cвідоцтво про базову загальну середню освіту XM 40', NULL, NULL, NULL, NULL, NULL, NULL, NULL, NULL, NULL, NULL, NULL, NULL, NULL, NULL, NULL, NULL, NULL, NULL, NULL, NULL, 1406595, 'Паспорт: HB 645180   ', '3506108234'),
(185, '', 'Єгоров', 'Павло', 'Андрійович', 34, NULL, NULL, NULL, NULL, 0, NULL, NULL, NULL, '1996-07-18', '2011-09-01', NULL, 173, NULL, NULL, 'Cвідоцтво про базову загальну середню освіту XM 40', NULL, NULL, NULL, NULL, NULL, NULL, NULL, NULL, NULL, NULL, NULL, NULL, NULL, NULL, NULL, NULL, NULL, NULL, NULL, NULL, 1120586, ' Свідоцтво: I-БB 046305 ', '3526310436'),
(186, '', 'Єременко', 'Сергій', 'Олександрович', 38, NULL, NULL, NULL, NULL, 0, NULL, NULL, NULL, '1996-06-24', '2011-09-01', NULL, 173, NULL, NULL, 'Cвідоцтво про базову загальну середню освіту XM 40', NULL, NULL, NULL, NULL, NULL, NULL, NULL, NULL, NULL, NULL, NULL, NULL, NULL, NULL, NULL, NULL, NULL, NULL, NULL, NULL, 2211798, 'Паспорт: HB 648029   ', '3523910316'),
(187, '', 'Єресько', 'Віталій', 'Олександрович', 16, NULL, NULL, NULL, NULL, 0, NULL, NULL, NULL, '1997-06-04', '2012-09-01', NULL, 173, NULL, NULL, 'Cвідоцтво про базову загальну середню освіту XM 42', NULL, NULL, NULL, NULL, NULL, NULL, NULL, NULL, NULL, NULL, NULL, NULL, NULL, NULL, NULL, NULL, NULL, NULL, NULL, NULL, 129808, ' Свідоцтво: I-БB 161548 ', '3558409992'),
(188, '', 'Жарчинська', 'Настасія', 'Юріївна', 26, NULL, NULL, NULL, NULL, 1, NULL, NULL, NULL, '1996-08-13', '2012-09-01', NULL, 173, NULL, NULL, 'Cвідоцтво про базову загальну середню освіту XM 40', NULL, NULL, NULL, NULL, NULL, NULL, NULL, NULL, NULL, NULL, NULL, NULL, NULL, NULL, NULL, NULL, NULL, NULL, NULL, NULL, 523993, ' Свідоцтво: I-БB 033662 ', '3528909800'),
(189, '', 'Живелюк', 'Євгеній', 'Сергійович', 6, NULL, NULL, NULL, NULL, 0, NULL, NULL, NULL, '1997-10-01', '2012-09-01', NULL, 160, NULL, NULL, 'Cвідоцтво про базову загальну середню освіту BH 42', NULL, NULL, NULL, NULL, NULL, NULL, NULL, NULL, NULL, NULL, NULL, NULL, NULL, NULL, NULL, NULL, NULL, NULL, NULL, NULL, 133998, ' Свідоцтво: I-AM 213448 ', NULL),
(190, '', 'Жмурко', 'Едуард', 'Олегович', 9, NULL, NULL, NULL, NULL, 0, NULL, NULL, NULL, '1997-10-24', '2013-09-01', NULL, 29, NULL, NULL, 'Cвідоцтво про базову загальну середню освіту XM 44', NULL, NULL, NULL, NULL, NULL, NULL, NULL, NULL, NULL, NULL, NULL, NULL, NULL, NULL, NULL, NULL, NULL, NULL, NULL, NULL, 2496820, ' Свідоцтво: I-БB 070530 ', '3572608339'),
(191, '', 'Жолкевський', 'Євгеній', 'Олегович', 6, NULL, NULL, NULL, NULL, 0, NULL, NULL, NULL, '1997-06-14', '2012-09-01', NULL, 173, NULL, NULL, 'Cвідоцтво про базову загальну середню освіту XM 42', NULL, NULL, NULL, NULL, NULL, NULL, NULL, NULL, NULL, NULL, NULL, NULL, NULL, NULL, NULL, NULL, NULL, NULL, NULL, NULL, 133880, ' Свідоцтво: I-БB 064455 ', NULL),
(192, '', 'Жубинський', 'Олег', 'Олегович', 30, NULL, NULL, NULL, NULL, 0, NULL, NULL, NULL, '1997-05-31', '2011-09-01', NULL, 175, NULL, NULL, 'Cвідоцтво про базову загальну середню освіту XM 40', NULL, NULL, NULL, NULL, NULL, NULL, NULL, NULL, NULL, NULL, NULL, NULL, NULL, NULL, NULL, NULL, NULL, NULL, NULL, NULL, 2180326, ' Свідоцтво: I-БB 039033 ', '3558005558'),
(193, '', 'Жуковський', 'Павло', 'Олегович', 6, NULL, NULL, NULL, NULL, 0, NULL, NULL, NULL, '1997-04-27', '2012-09-01', NULL, 173, NULL, NULL, 'Cвідоцтво про базову загальну середню освіту XM 42', NULL, NULL, NULL, NULL, NULL, NULL, NULL, NULL, NULL, NULL, NULL, NULL, NULL, NULL, NULL, NULL, NULL, NULL, NULL, NULL, 483162, ' Свідоцтво: I-БB 064429 ', '3554603210'),
(194, '', 'Заболотний', 'Ростислав', 'Анатолійович', 34, NULL, NULL, NULL, NULL, 0, NULL, NULL, NULL, '1994-09-28', '2011-09-01', NULL, 173, NULL, NULL, 'Cвідоцтво про базову загальну середню освіту XM 38', NULL, NULL, NULL, NULL, NULL, NULL, NULL, NULL, NULL, NULL, NULL, NULL, NULL, NULL, NULL, NULL, NULL, NULL, NULL, NULL, 1120837, 'Паспорт: HB 592518   ', '3460411675'),
(195, '', 'Загоранський', 'Максим', 'Ігорович', 18, NULL, NULL, NULL, NULL, 0, NULL, NULL, NULL, '1995-12-08', '2011-09-01', NULL, 173, NULL, NULL, 'Cвідоцтво про базову загальну середню освіту XM 40', NULL, NULL, NULL, NULL, NULL, NULL, NULL, NULL, NULL, NULL, NULL, NULL, NULL, NULL, NULL, NULL, NULL, NULL, NULL, NULL, 1769124, ' Свідоцтво: I-БB 025714 ', '3504010250'),
(196, '', 'Задорожний', 'Андрій', 'Олександрович', 31, NULL, NULL, NULL, NULL, 0, NULL, NULL, NULL, '1997-03-06', '2012-09-01', NULL, 173, NULL, NULL, 'Cвідоцтво про базову загальну середню освіту XM 42', NULL, NULL, NULL, NULL, NULL, NULL, NULL, NULL, NULL, NULL, NULL, NULL, NULL, NULL, NULL, NULL, NULL, NULL, NULL, NULL, 63395, ' Свідоцтво: I-БB 039404 ', '3549409198'),
(197, '', 'Зазуляк', 'Крістіна', 'Любомирівна', 33, NULL, NULL, NULL, NULL, 1, NULL, NULL, NULL, '1996-05-20', '2011-09-01', NULL, 173, NULL, NULL, 'Cвідоцтво про базову загальну середню освіту XM 40', NULL, NULL, NULL, NULL, NULL, NULL, NULL, NULL, NULL, NULL, NULL, NULL, NULL, NULL, NULL, NULL, NULL, NULL, NULL, NULL, 2056837, ' Свідоцтво: I-БB 059367 ', '3520408666'),
(198, '', 'Зайчук', 'Богдана', 'Миколаївна', 8, NULL, NULL, NULL, NULL, 1, NULL, NULL, NULL, '1998-02-28', '2013-09-01', NULL, 0, NULL, NULL, 'Cвідоцтво про базову загальну середню освіту XM 45', NULL, NULL, NULL, NULL, NULL, NULL, NULL, NULL, NULL, NULL, NULL, NULL, NULL, NULL, NULL, NULL, NULL, NULL, NULL, NULL, 2616708, ' Свідоцтво: I-БB 050674 ', '3585301165'),
(199, '', 'Закуренко', 'Дмитро', 'Олександрович', 15, NULL, NULL, NULL, NULL, 0, NULL, NULL, NULL, '1997-01-10', '2012-09-01', NULL, 173, NULL, NULL, 'Cвідоцтво про базову загальну середню освіту XM 42', NULL, NULL, NULL, NULL, NULL, NULL, NULL, NULL, NULL, NULL, NULL, NULL, NULL, NULL, NULL, NULL, NULL, NULL, NULL, NULL, 176068, ' Свідоцтво: I-БB 054697 ', '3543910155'),
(200, '', 'Залуський', 'Андрій', 'Вікторович', 18, NULL, NULL, NULL, NULL, 0, NULL, NULL, NULL, '1995-10-14', '2011-09-01', NULL, 175, NULL, NULL, 'Cвідоцтво про базову загальну середню освіту XM 40', NULL, NULL, NULL, NULL, NULL, NULL, NULL, NULL, NULL, NULL, NULL, NULL, NULL, NULL, NULL, NULL, NULL, NULL, NULL, NULL, 1796332, 'Паспорт: HB 621532   ', '3498303490'),
(201, '', 'Заремба', 'Андрій', 'Володимирович', 38, NULL, NULL, NULL, NULL, 0, NULL, NULL, NULL, '1995-12-13', '2011-09-01', NULL, 173, NULL, NULL, 'Cвідоцтво про базову загальну середню освіту XM 40', NULL, NULL, NULL, NULL, NULL, NULL, NULL, NULL, NULL, NULL, NULL, NULL, NULL, NULL, NULL, NULL, NULL, NULL, NULL, NULL, 2211801, 'Паспорт: HB 621720   ', '3504504716'),
(202, '', 'Заремба', 'Віталій', 'Сергійович', 10, NULL, NULL, NULL, NULL, 0, NULL, NULL, NULL, '1996-04-01', '2011-09-01', NULL, 173, NULL, NULL, 'Cвідоцтво про базову загальну середню освіту XM 40', NULL, NULL, NULL, NULL, NULL, NULL, NULL, NULL, NULL, NULL, NULL, NULL, NULL, NULL, NULL, NULL, NULL, NULL, NULL, NULL, 1774658, 'Паспорт: HB 650758   ', '3515510018'),
(203, '', 'Захаревич', 'Анастасія', 'Віталіївна', 26, NULL, NULL, NULL, NULL, 1, NULL, NULL, NULL, '1997-08-20', '2012-09-01', NULL, 173, NULL, NULL, 'Cвідоцтво про базову загальну середню освіту XM 42', NULL, NULL, NULL, NULL, NULL, NULL, NULL, NULL, NULL, NULL, NULL, NULL, NULL, NULL, NULL, NULL, NULL, NULL, NULL, NULL, 524322, ' Свідоцтво: I-CP 020046 ', '3566108040'),
(204, '', 'Захаров', 'Дмитро', 'Володимирович', 37, NULL, NULL, NULL, NULL, 0, NULL, NULL, NULL, '1995-05-04', '2011-09-01', NULL, 173, NULL, NULL, 'Cвідоцтво про базову загальну середню освіту XM 40', NULL, NULL, NULL, NULL, NULL, NULL, NULL, NULL, NULL, NULL, NULL, NULL, NULL, NULL, NULL, NULL, NULL, NULL, NULL, NULL, 2205263, 'Паспорт: HB 602692   ', '3482213172'),
(205, '', 'Захарчишин', 'Богдан', 'Андрійович', 14, NULL, NULL, NULL, NULL, 0, NULL, NULL, NULL, '1996-07-25', '2012-09-01', NULL, 173, NULL, NULL, 'Cвідоцтво про базову загальну середню освіту XM 40', NULL, NULL, NULL, NULL, NULL, NULL, NULL, NULL, NULL, NULL, NULL, NULL, NULL, NULL, NULL, NULL, NULL, NULL, NULL, NULL, 491727, ' Свідоцтво: I-БB 046390 ', '3527010913'),
(206, '', 'Захарян', 'Артур', 'Арбакович', 14, NULL, NULL, NULL, NULL, 0, NULL, NULL, NULL, '1997-02-05', '2012-09-01', NULL, 173, NULL, NULL, 'Cвідоцтво про базову загальну середню освіту XM 42', NULL, NULL, NULL, NULL, NULL, NULL, NULL, NULL, NULL, NULL, NULL, NULL, NULL, NULL, NULL, NULL, NULL, NULL, NULL, NULL, 425997, ' Свідоцтво: I-БB 054818 ', '35650819'),
(207, '', 'Заярнюк', 'Анастасія', 'Володимирівна', 26, NULL, NULL, NULL, NULL, 1, NULL, NULL, NULL, '1997-04-11', '2012-09-01', NULL, 173, NULL, NULL, 'Cвідоцтво про базову загальну середню освіту XM 42', NULL, NULL, NULL, NULL, NULL, NULL, NULL, NULL, NULL, NULL, NULL, NULL, NULL, NULL, NULL, NULL, NULL, NULL, NULL, NULL, 215183, ' Свідоцтво: I-БB 063037 ', '3553004669'),
(208, '', 'Зданевич', 'Віктор', 'Вікторович', 32, NULL, NULL, NULL, NULL, 0, NULL, NULL, NULL, '1996-10-04', '2012-09-01', NULL, 173, NULL, NULL, 'Cвідоцтво про базову загальну середню освіту XM 42', NULL, NULL, NULL, NULL, NULL, NULL, NULL, NULL, NULL, NULL, NULL, NULL, NULL, NULL, NULL, NULL, NULL, NULL, NULL, NULL, 491356, ' Свідоцтво: I-БB 028299 ', NULL),
(209, '', 'Зелінський', 'Вадим', 'Петрович', 32, NULL, NULL, NULL, NULL, 0, NULL, NULL, NULL, '1997-06-20', '2012-09-01', NULL, 176, NULL, NULL, 'Cвідоцтво про базову загальну середню освіту XM 42', NULL, NULL, NULL, NULL, NULL, NULL, NULL, NULL, NULL, NULL, NULL, NULL, NULL, NULL, NULL, NULL, NULL, NULL, NULL, NULL, 168765, ' Свідоцтво: I-БB 064472 ', NULL),
(210, '', 'Зенковський', 'Денис', 'Русланович', 30, NULL, NULL, NULL, NULL, 0, NULL, NULL, NULL, '1996-11-28', '2012-09-01', NULL, 173, NULL, NULL, 'Cвідоцтво про базову загальну середню освіту XM 42', NULL, NULL, NULL, NULL, NULL, NULL, NULL, NULL, NULL, NULL, NULL, NULL, NULL, NULL, NULL, NULL, NULL, NULL, NULL, NULL, 623484, ' Свідоцтво: I-БB 039429 ', NULL),
(211, '', 'Зінько', 'Ярослав', 'Станіславович', 18, NULL, NULL, NULL, NULL, 0, NULL, NULL, NULL, '1995-12-08', '2011-09-01', NULL, 173, NULL, NULL, 'Cвідоцтво про базову загальну середню освіту XM 40', NULL, NULL, NULL, NULL, NULL, NULL, NULL, NULL, NULL, NULL, NULL, NULL, NULL, NULL, NULL, NULL, NULL, NULL, NULL, NULL, 1796840, 'Паспорт: HB 535914   ', '3504009878'),
(212, '', 'Зозуля', 'Артем', 'Валерійович', 24, NULL, NULL, NULL, NULL, 0, NULL, NULL, NULL, '1998-05-25', '2013-09-01', NULL, 0, NULL, NULL, 'Cвідоцтво про базову загальну середню освіту XM 44', NULL, NULL, NULL, NULL, NULL, NULL, NULL, NULL, NULL, NULL, NULL, NULL, NULL, NULL, NULL, NULL, NULL, NULL, NULL, NULL, 2537437, ' Свідоцтво: I-БB 067411 ', '2218130038'),
(213, '', 'Іванов', 'Андрій', 'Віталійович', 17, NULL, NULL, NULL, NULL, 0, NULL, NULL, NULL, '1996-04-24', '2011-09-01', NULL, 173, NULL, NULL, 'Cвідоцтво про базову загальну середню освіту XM 40', NULL, NULL, NULL, NULL, NULL, NULL, NULL, NULL, NULL, NULL, NULL, NULL, NULL, NULL, NULL, NULL, NULL, NULL, NULL, NULL, 996189, ' Свідоцтво: I-БB 023652 ', '3517805331'),
(214, '', 'Іванов', 'Максим', 'Володимирович', 12, NULL, NULL, NULL, NULL, 0, NULL, NULL, NULL, '1997-05-02', '2013-09-01', NULL, 0, NULL, NULL, 'Cвідоцтво про базову загальну середню освіту XM 44', NULL, NULL, NULL, NULL, NULL, NULL, NULL, NULL, NULL, NULL, NULL, NULL, NULL, NULL, NULL, NULL, NULL, NULL, NULL, NULL, 2539508, ' Свідоцтво: I-БB 130856 ', NULL),
(215, '', 'Івановський', 'Артем', 'Олегович', 15, NULL, NULL, NULL, NULL, 0, NULL, NULL, NULL, '1997-08-05', '2012-09-01', NULL, 173, NULL, NULL, 'Cвідоцтво про базову загальну середню освіту HK 42', NULL, NULL, NULL, NULL, NULL, NULL, NULL, NULL, NULL, NULL, NULL, NULL, NULL, NULL, NULL, NULL, NULL, NULL, NULL, NULL, 594308, ' Свідоцтво: I-HO 032875 ', '3564601639'),
(216, '', 'Іванощук', 'Аліна', 'Володимирівна', 33, NULL, NULL, NULL, NULL, 1, NULL, NULL, NULL, '1996-06-29', '2011-09-01', NULL, 173, NULL, NULL, 'Cвідоцтво про базову загальну середню освіту XM 40', NULL, NULL, NULL, NULL, NULL, NULL, NULL, NULL, NULL, NULL, NULL, NULL, NULL, NULL, NULL, NULL, NULL, NULL, NULL, NULL, 2056878, ' Свідоцтво: I-БB 041243 ', '3524407660'),
(217, '', 'Іващишин', 'Володимир', 'Володимирович', 24, NULL, NULL, NULL, NULL, 0, NULL, NULL, NULL, '1997-07-27', '2013-09-01', NULL, 0, NULL, NULL, 'Cвідоцтво про базову загальну середню освіту XM 44', NULL, NULL, NULL, NULL, NULL, NULL, NULL, NULL, NULL, NULL, NULL, NULL, NULL, NULL, NULL, NULL, NULL, NULL, NULL, NULL, 2673046, ' Свідоцтво: I-БB 064581 ', '3563708217'),
(218, '', 'Іліницький', 'Юрій', 'Олександрович', 16, NULL, NULL, NULL, NULL, 0, NULL, NULL, NULL, '1996-12-07', '2012-09-01', NULL, 9, NULL, NULL, 'Cвідоцтво про базову загальну середню освіту XM 42', NULL, NULL, NULL, NULL, NULL, NULL, NULL, NULL, NULL, NULL, NULL, NULL, NULL, NULL, NULL, NULL, NULL, NULL, NULL, NULL, 483009, ' Свідоцтво: I-БB 054373 ', NULL),
(219, '', 'Казаков', 'Олександр', 'Олександрович', 9, NULL, NULL, NULL, NULL, 0, NULL, NULL, NULL, '1998-02-09', '2013-09-01', NULL, 0, NULL, NULL, 'Cвідоцтво про базову загальну середню освіту XM 45', NULL, NULL, NULL, NULL, NULL, NULL, NULL, NULL, NULL, NULL, NULL, NULL, NULL, NULL, NULL, NULL, NULL, NULL, NULL, NULL, 2471708, ' Свідоцтво: I-БB 042628 ', '3583408476'),
(220, '', 'Казнодій', 'Тетяна', 'Броніславівна', 27, NULL, NULL, NULL, NULL, 1, NULL, NULL, NULL, '1997-04-27', '2012-09-01', NULL, 173, NULL, NULL, 'Cвідоцтво про базову загальну середню освіту XM 43', NULL, NULL, NULL, NULL, NULL, NULL, NULL, NULL, NULL, NULL, NULL, NULL, NULL, NULL, NULL, NULL, NULL, NULL, NULL, NULL, 109561, ' Свідоцтво: I-БB 063019 ', '3554605600'),
(221, '', 'Калита', 'Юрій', 'Русланович', 15, NULL, NULL, NULL, NULL, 0, NULL, NULL, NULL, '1996-11-17', '2012-09-01', NULL, 173, NULL, NULL, 'Cвідоцтво про базову загальну середню освіту XM 42', NULL, NULL, NULL, NULL, NULL, NULL, NULL, NULL, NULL, NULL, NULL, NULL, NULL, NULL, NULL, NULL, NULL, NULL, NULL, NULL, 569836, ' Свідоцтво: I-БB 179164 ', '3538504998'),
(222, '', 'Каліта', 'Каріна', 'Вікторівна', 21, NULL, NULL, NULL, NULL, 1, NULL, NULL, NULL, '1997-12-24', '2013-09-01', NULL, 0, NULL, NULL, 'Cвідоцтво про базову загальну середню освіту XM 44', NULL, NULL, NULL, NULL, NULL, NULL, NULL, NULL, NULL, NULL, NULL, NULL, NULL, NULL, NULL, NULL, NULL, NULL, NULL, NULL, 2608489, ' Свідоцтво: I-БB 077009 ', '3578703940'),
(223, '', 'Калюк', 'Микола', 'Іванович', 29, NULL, NULL, NULL, NULL, 0, NULL, NULL, NULL, '1996-05-25', '2003-09-01', NULL, 0, NULL, NULL, 'Атестат про повну загальну середню освіту XM 44564', NULL, NULL, NULL, NULL, NULL, NULL, NULL, NULL, NULL, NULL, NULL, NULL, NULL, NULL, NULL, NULL, NULL, NULL, NULL, NULL, 2684118, 'Паспорт: HB 641884   ', NULL),
(224, '', 'Канарський', 'Дмитро', 'Вячеславович', 15, NULL, NULL, NULL, NULL, 0, NULL, NULL, NULL, '1996-11-08', '2012-09-01', NULL, 173, NULL, NULL, 'Cвідоцтво про базову загальну середню освіту XM 42', NULL, NULL, NULL, NULL, NULL, NULL, NULL, NULL, NULL, NULL, NULL, NULL, NULL, NULL, NULL, NULL, NULL, NULL, NULL, NULL, 175335, ' Свідоцтво: I-БB 046935 ', '3537607019');
INSERT INTO `student` (`id`, `code`, `last_name`, `first_name`, `middle_name`, `group_id`, `phone_number`, `mobile_number`, `mother_name`, `father_name`, `gender`, `official_address`, `characteristics`, `factual_address`, `birth_date`, `admission_date`, `tuition_payment`, `admission_order_number`, `admission_semester`, `entry_exams`, `education_document`, `contract`, `math_mark`, `ua_language_mark`, `mother_workplace`, `mother_position`, `mother_workphone`, `mother_boss_workphone`, `father_workplace`, `father_position`, `father_workphone`, `father_boss_workphone`, `graduated`, `graduation_date`, `graduation_basis`, `graduation_semester`, `graduation_order_number`, `diploma`, `direction`, `misc_data`, `hobby`, `sseed_id`, `document`, `identification_code`) VALUES
(225, '', 'Капелюшок', 'Андрій', 'Володимирович', 37, NULL, NULL, NULL, NULL, 0, NULL, NULL, NULL, '1995-05-27', '2011-09-01', NULL, 173, NULL, NULL, 'Cвідоцтво про базову загальну середню освіту XM 38', NULL, NULL, NULL, NULL, NULL, NULL, NULL, NULL, NULL, NULL, NULL, NULL, NULL, NULL, NULL, NULL, NULL, NULL, NULL, NULL, 2205264, 'Паспорт: HB 613150   ', '3484504513'),
(226, '', 'Карвацький', 'Максим', 'Олегович', 9, NULL, NULL, NULL, NULL, 0, NULL, NULL, NULL, '1998-03-02', '2013-09-01', NULL, 0, NULL, NULL, 'Cвідоцтво про базову загальну середню освіту XM 44', NULL, NULL, NULL, NULL, NULL, NULL, NULL, NULL, NULL, NULL, NULL, NULL, NULL, NULL, NULL, NULL, NULL, NULL, NULL, NULL, 2521465, ' Свідоцтво: I-БB 027959 ', '3585505093'),
(227, '', 'Кардаш', 'Євгеній', 'Вікторович', 9, NULL, NULL, NULL, NULL, 0, NULL, NULL, NULL, '1998-06-02', '2013-09-01', NULL, 14, NULL, NULL, 'Cвідоцтво про базову загальну середню освіту XM 44', NULL, NULL, NULL, NULL, NULL, NULL, NULL, NULL, NULL, NULL, NULL, NULL, NULL, NULL, NULL, NULL, NULL, NULL, NULL, NULL, 2634204, ' Свідоцтво: I-БB 283734 ', '3594707776'),
(228, '', 'Карпенко', 'Юрій', 'Петрович', 6, NULL, NULL, NULL, NULL, 0, NULL, NULL, NULL, '1996-12-08', '2012-09-01', NULL, 178, NULL, NULL, 'Cвідоцтво про базову загальну середню освіту XM 42', NULL, NULL, NULL, NULL, NULL, NULL, NULL, NULL, NULL, NULL, NULL, NULL, NULL, NULL, NULL, NULL, NULL, NULL, NULL, NULL, 62460, ' Свідоцтво: I-БB 133045 ', NULL),
(229, '', 'Качинський', 'Олег', 'Ігорович', 10, NULL, NULL, NULL, NULL, 0, NULL, NULL, NULL, '1996-04-20', '2011-09-01', NULL, 173, NULL, NULL, 'Cвідоцтво про базову загальну середню освіту XM 40', NULL, NULL, NULL, NULL, NULL, NULL, NULL, NULL, NULL, NULL, NULL, NULL, NULL, NULL, NULL, NULL, NULL, NULL, NULL, NULL, 1740813, ' Свідоцтво: I-БB 040463 ', '3517409030'),
(230, '', 'Кемінь', 'Максим', 'Вікторович', 8, NULL, NULL, NULL, NULL, 0, NULL, NULL, NULL, '1997-12-11', '2013-09-01', NULL, 0, NULL, NULL, 'Cвідоцтво про базову загальну середню освіту XM 44', NULL, NULL, NULL, NULL, NULL, NULL, NULL, NULL, NULL, NULL, NULL, NULL, NULL, NULL, NULL, NULL, NULL, NULL, NULL, NULL, 2457218, ' Свідоцтво: I-ФM 033198 ', '3577405077'),
(231, '', 'Кирилюк', 'Олег', 'Іванович', 32, NULL, NULL, NULL, NULL, 0, NULL, NULL, NULL, '1997-02-14', '2012-09-01', NULL, 173, NULL, NULL, 'Cвідоцтво про базову загальну середню освіту XM 42', NULL, NULL, NULL, NULL, NULL, NULL, NULL, NULL, NULL, NULL, NULL, NULL, NULL, NULL, NULL, NULL, NULL, NULL, NULL, NULL, 32597, ' Свідоцтво: I-БB 049004 ', '3547409310'),
(232, '', 'Кирилюк', 'Павло', 'Васальович', 29, NULL, NULL, NULL, NULL, 0, NULL, NULL, NULL, '1997-07-10', '2012-09-01', NULL, 173, NULL, NULL, 'Cвідоцтво про базову загальну середню освіту XM 42', NULL, NULL, NULL, NULL, NULL, NULL, NULL, NULL, NULL, NULL, NULL, NULL, NULL, NULL, NULL, NULL, NULL, NULL, NULL, NULL, 167177, ' Свідоцтво: I-БB 056345 ', NULL),
(233, '', 'Кирилюк', 'Тарас', 'Вікторович', 12, NULL, NULL, NULL, NULL, 0, NULL, NULL, NULL, '1998-01-03', '2013-09-01', NULL, 0, NULL, NULL, 'Cвідоцтво про базову загальну середню освіту XM 44', NULL, NULL, NULL, NULL, NULL, NULL, NULL, NULL, NULL, NULL, NULL, NULL, NULL, NULL, NULL, NULL, NULL, NULL, NULL, NULL, 2670671, ' Свідоцтво: I-БB 077001 ', '3579708071'),
(234, '', 'Кирись', 'Анастасія', 'Віталіївна', 10, NULL, NULL, NULL, NULL, 1, NULL, NULL, NULL, '1996-03-25', '2011-09-01', NULL, 173, NULL, NULL, 'Cвідоцтво про базову загальну середню освіту XM 40', NULL, NULL, NULL, NULL, NULL, NULL, NULL, NULL, NULL, NULL, NULL, NULL, NULL, NULL, NULL, NULL, NULL, NULL, NULL, NULL, 1774221, 'Паспорт: HB 639228   ', '3514808468'),
(235, '', 'Кіріченко', 'Ігор', 'Ігорович', 18, NULL, NULL, NULL, NULL, 0, NULL, NULL, NULL, '1995-09-07', '2011-09-01', NULL, 173, NULL, NULL, 'Cвідоцтво про базову загальну середню освіту XM 40', NULL, NULL, NULL, NULL, NULL, NULL, NULL, NULL, NULL, NULL, NULL, NULL, NULL, NULL, NULL, NULL, NULL, NULL, NULL, NULL, 1797076, 'Паспорт: HB 616075   ', '3494811074'),
(236, '', 'Кісліцин', 'Олександр', 'Сергійович', 30, NULL, NULL, NULL, NULL, 0, NULL, NULL, NULL, '1996-03-01', '2011-09-01', NULL, 175, NULL, NULL, 'Cвідоцтво про базову загальну середню освіту XM 40', NULL, NULL, NULL, NULL, NULL, NULL, NULL, NULL, NULL, NULL, NULL, NULL, NULL, NULL, NULL, NULL, NULL, NULL, NULL, NULL, 2180331, ' Свідоцтво: I-БB 630605 ', '3512408438'),
(237, '', 'Кліменко', 'Дмитро', 'Володимирович', 31, NULL, NULL, NULL, NULL, 0, NULL, NULL, NULL, '1997-07-30', '2012-09-01', NULL, 173, NULL, NULL, 'Cвідоцтво про базову загальну середню освіту XM 42', NULL, NULL, NULL, NULL, NULL, NULL, NULL, NULL, NULL, NULL, NULL, NULL, NULL, NULL, NULL, NULL, NULL, NULL, NULL, NULL, 167879, ' Свідоцтво: I-БB 064649 ', '3564009839'),
(238, '', 'Клімов', 'Роман', 'Русланович', 9, NULL, NULL, NULL, NULL, 0, NULL, NULL, NULL, '1997-11-23', '2013-09-01', NULL, 0, NULL, NULL, 'Cвідоцтво про базову загальну середню освіту XM 44', NULL, NULL, NULL, NULL, NULL, NULL, NULL, NULL, NULL, NULL, NULL, NULL, NULL, NULL, NULL, NULL, NULL, NULL, NULL, NULL, 2503766, ' Свідоцтво: I-БB 062396 ', '3575602433'),
(239, '', 'Кметь', 'Максим', 'Олегович', 27, NULL, NULL, NULL, NULL, 0, NULL, NULL, NULL, '1997-03-08', '2012-09-01', NULL, 173, NULL, NULL, 'Cвідоцтво про базову загальну середню освіту XM 43', NULL, NULL, NULL, NULL, NULL, NULL, NULL, NULL, NULL, NULL, NULL, NULL, NULL, NULL, NULL, NULL, NULL, NULL, NULL, NULL, 27912, ' Свідоцтво: I-БB 039510 ', NULL),
(240, '', 'Книш', 'Олександр', 'Олександрович', 12, NULL, NULL, NULL, NULL, 0, NULL, NULL, NULL, '1998-02-09', '2013-09-01', NULL, 0, NULL, NULL, 'Cвідоцтво про базову загальну середню освіту XM 45', NULL, NULL, NULL, NULL, NULL, NULL, NULL, NULL, NULL, NULL, NULL, NULL, NULL, NULL, NULL, NULL, NULL, NULL, NULL, NULL, 2786078, ' Свідоцтво: I-БB 017016 ', '3583404972'),
(241, '', 'Кобильник', 'Андрій', 'Миколайович', 24, NULL, NULL, NULL, NULL, 0, NULL, NULL, NULL, '1997-11-30', '2013-09-01', NULL, 300, NULL, NULL, 'Cвідоцтво про базову загальну середню освіту XM 44', NULL, NULL, NULL, NULL, NULL, NULL, NULL, NULL, NULL, NULL, NULL, NULL, NULL, NULL, NULL, NULL, NULL, NULL, NULL, NULL, 2749170, ' Свідоцтво: I-БB 061005 ', '3576307471'),
(242, '', 'Ковалик', 'Святослав', 'Анатолійович', 11, NULL, NULL, NULL, NULL, 0, NULL, NULL, NULL, '1996-03-14', '2011-09-01', NULL, 173, NULL, NULL, 'Cвідоцтво про базову загальну середню освіту XM 41', NULL, NULL, NULL, NULL, NULL, NULL, NULL, NULL, NULL, NULL, NULL, NULL, NULL, NULL, NULL, NULL, NULL, NULL, NULL, NULL, 1839857, 'Паспорт: HB 630433   ', '3513706076'),
(243, '', 'Коваль', 'Вадим', 'Олександрович', 27, NULL, NULL, NULL, NULL, 0, NULL, NULL, NULL, '1997-06-23', '2012-09-01', NULL, 180, NULL, NULL, 'Cвідоцтво про базову загальну середню освіту XM 42', NULL, NULL, NULL, NULL, NULL, NULL, NULL, NULL, NULL, NULL, NULL, NULL, NULL, NULL, NULL, NULL, NULL, NULL, NULL, NULL, 624692, ' Свідоцтво: I-БB 028827 ', '3560306337'),
(244, '', 'Коваль', 'Владислав', 'Вадимович', 8, NULL, NULL, NULL, NULL, 0, NULL, NULL, NULL, '1997-07-05', '2013-09-01', NULL, 0, NULL, NULL, 'Cвідоцтво про базову загальну середню освіту XM 44', NULL, NULL, NULL, NULL, NULL, NULL, NULL, NULL, NULL, NULL, NULL, NULL, NULL, NULL, NULL, NULL, NULL, NULL, NULL, NULL, 2532471, ' Свідоцтво: I-БB 064363 ', '3561510532'),
(245, '', 'Коваль', 'Олег', 'Ігорович', 9, NULL, NULL, NULL, NULL, 0, NULL, NULL, NULL, '1998-05-14', '2013-09-01', NULL, 0, NULL, NULL, 'Cвідоцтво про базову загальну середню освіту XM 44', NULL, NULL, NULL, NULL, NULL, NULL, NULL, NULL, NULL, NULL, NULL, NULL, NULL, NULL, NULL, NULL, NULL, NULL, NULL, NULL, 2746384, ' Свідоцтво: I-БB 287340 ', '3592303274'),
(246, '', 'Коваль', 'Олексій', 'Олексійович', 35, NULL, NULL, NULL, NULL, 0, NULL, NULL, NULL, '1995-07-27', '2011-09-01', NULL, 173, NULL, NULL, 'Cвідоцтво про базову загальну середню освіту XM 38', NULL, NULL, NULL, NULL, NULL, NULL, NULL, NULL, NULL, NULL, NULL, NULL, NULL, NULL, NULL, NULL, NULL, NULL, NULL, NULL, 2969762, ' Свідоцтво: I-БB 620251 ', NULL),
(247, '', 'Коваль', 'Сергій', 'Сергійович', 8, NULL, NULL, NULL, NULL, 0, NULL, NULL, NULL, '1998-02-17', '2013-09-01', NULL, 0, NULL, NULL, 'Cвідоцтво про базову загальну середню освіту XM 44', NULL, NULL, NULL, NULL, NULL, NULL, NULL, NULL, NULL, NULL, NULL, NULL, NULL, NULL, NULL, NULL, NULL, NULL, NULL, NULL, 2570568, ' Свідоцтво: I-БB 104380 ', '3584209290'),
(248, '', 'Ковальковська', 'Катерина', 'Сергіївна', 7, NULL, NULL, NULL, NULL, 1, NULL, NULL, NULL, '1997-08-29', '2012-09-01', NULL, 173, NULL, NULL, 'Cвідоцтво про базову загальну середню освіту XM 43', NULL, NULL, NULL, NULL, NULL, NULL, NULL, NULL, NULL, NULL, NULL, NULL, NULL, NULL, NULL, NULL, NULL, NULL, NULL, NULL, 386544, ' Свідоцтво: I-БB 070209 ', '3567008560'),
(249, '', 'Ковальов', 'Віталій', 'Вікторович', 38, NULL, NULL, NULL, NULL, 0, NULL, NULL, NULL, '1996-02-15', '2011-09-01', NULL, 173, NULL, NULL, 'Cвідоцтво про базову загальну середню освіту XM 40', NULL, NULL, NULL, NULL, NULL, NULL, NULL, NULL, NULL, NULL, NULL, NULL, NULL, NULL, NULL, NULL, NULL, NULL, NULL, NULL, 2211815, ' Свідоцтво: I-БB 031066 ', '3510906350'),
(250, '', 'Ковальчук', 'Вадим', 'Андрійович', 14, NULL, NULL, NULL, NULL, 0, NULL, NULL, NULL, '1997-01-11', '2012-09-01', NULL, 173, NULL, NULL, 'Cвідоцтво про базову загальну середню освіту XM 42', NULL, NULL, NULL, NULL, NULL, NULL, NULL, NULL, NULL, NULL, NULL, NULL, NULL, NULL, NULL, NULL, NULL, NULL, NULL, NULL, 483002, ' Свідоцтво: I-БB 041130 ', NULL),
(251, '', 'Ковальчук', 'Вадим', 'Володимирович', 31, NULL, NULL, NULL, NULL, 0, NULL, NULL, NULL, '1996-04-24', '2012-09-01', NULL, 173, NULL, NULL, 'Cвідоцтво про базову загальну середню освіту XM 40', NULL, NULL, NULL, NULL, NULL, NULL, NULL, NULL, NULL, NULL, NULL, NULL, NULL, NULL, NULL, NULL, NULL, NULL, NULL, NULL, 326280, 'Паспорт: HB 637239   ', '3517802497'),
(252, '', 'Ковальчук', 'Володимир', 'Васильович', 28, NULL, NULL, NULL, NULL, 0, NULL, NULL, NULL, '1994-09-13', '2003-09-01', NULL, 238, NULL, NULL, 'Атестат про повну загальну середню освіту XM 42588', NULL, NULL, NULL, NULL, NULL, NULL, NULL, NULL, NULL, NULL, NULL, NULL, NULL, NULL, NULL, NULL, NULL, NULL, NULL, NULL, 74390, 'Паспорт: HB 582764   ', NULL),
(253, '', 'Ковальчук', 'Костянтин', 'Валерійович', 9, NULL, NULL, NULL, NULL, 0, NULL, NULL, NULL, '1998-02-24', '2013-09-01', NULL, 0, NULL, NULL, 'Cвідоцтво про базову загальну середню освіту XM 44', NULL, NULL, NULL, NULL, NULL, NULL, NULL, NULL, NULL, NULL, NULL, NULL, NULL, NULL, NULL, NULL, NULL, NULL, NULL, NULL, 2461044, ' Свідоцтво: I-БB 077795 ', NULL),
(254, '', 'Ковальчук', 'Олександр', 'Олегович', 8, NULL, NULL, NULL, NULL, 0, NULL, NULL, NULL, '1997-01-14', '2012-09-01', NULL, 205, NULL, NULL, 'Cвідоцтво про базову загальну середню освіту XM 42', NULL, NULL, NULL, NULL, NULL, NULL, NULL, NULL, NULL, NULL, NULL, NULL, NULL, NULL, NULL, NULL, NULL, NULL, NULL, NULL, 133847, ' Свідоцтво: I-БB 054830 ', NULL),
(255, '', 'Ковальчук', 'Павло', 'Сергійович', 10, NULL, NULL, NULL, NULL, 0, NULL, NULL, NULL, '1996-07-10', '2011-09-01', NULL, 173, NULL, NULL, 'Cвідоцтво про базову загальну середню освіту XM 41', NULL, NULL, NULL, NULL, NULL, NULL, NULL, NULL, NULL, NULL, NULL, NULL, NULL, NULL, NULL, NULL, NULL, NULL, NULL, NULL, 1774543, 'Паспорт: HB 645128   ', '3525510530'),
(256, '', 'Ковпак', 'Владислав', 'Сергійович', 11, NULL, NULL, NULL, NULL, 0, NULL, NULL, NULL, '1996-07-15', '2011-09-01', NULL, 173, NULL, NULL, 'Cвідоцтво про базову загальну середню освіту XM 40', NULL, NULL, NULL, NULL, NULL, NULL, NULL, NULL, NULL, NULL, NULL, NULL, NULL, NULL, NULL, NULL, NULL, NULL, NULL, NULL, 1840012, ' Свідоцтво: I-БB 046201 ', '3526011036'),
(257, '', 'Ковтонюк', 'Анна', 'Михайлівна', 11, NULL, NULL, NULL, NULL, 0, NULL, NULL, NULL, '1995-12-22', '2011-09-01', NULL, 173, NULL, NULL, 'Cвідоцтво про базову загальну середню освіту XM 40', NULL, NULL, NULL, NULL, NULL, NULL, NULL, NULL, NULL, NULL, NULL, NULL, NULL, NULL, NULL, NULL, NULL, NULL, NULL, NULL, 1840188, 'Паспорт: HB 639678   ', '3505409700'),
(258, '', 'Ковтонюк', 'Владислав', 'Васильович', 18, NULL, NULL, NULL, NULL, 0, NULL, NULL, NULL, '1995-08-16', '2011-09-01', NULL, 173, NULL, NULL, 'Cвідоцтво про базову загальну середню освіту XM 40', NULL, NULL, NULL, NULL, NULL, NULL, NULL, NULL, NULL, NULL, NULL, NULL, NULL, NULL, NULL, NULL, NULL, NULL, NULL, NULL, 1797319, 'Паспорт: HB 621237   ', '3492612935'),
(259, '', 'Когут', 'Андрій', 'Олександрович', 6, NULL, NULL, NULL, NULL, 0, NULL, NULL, NULL, '1997-10-24', '2012-09-01', NULL, 173, NULL, NULL, 'Cвідоцтво про базову загальну середню освіту XM 43', NULL, NULL, NULL, NULL, NULL, NULL, NULL, NULL, NULL, NULL, NULL, NULL, NULL, NULL, NULL, NULL, NULL, NULL, NULL, NULL, 353419, ' Свідоцтво: I-БB 061596 ', NULL),
(260, '', 'Когут', 'Василь', 'Сергійович', 9, NULL, NULL, NULL, NULL, 0, NULL, NULL, NULL, '1998-01-08', '2013-09-01', NULL, 0, NULL, NULL, 'Cвідоцтво про базову загальну середню освіту XM 45', NULL, NULL, NULL, NULL, NULL, NULL, NULL, NULL, NULL, NULL, NULL, NULL, NULL, NULL, NULL, NULL, NULL, NULL, NULL, NULL, 2643208, ' Свідоцтво: I-БB 065101 ', '3580208298'),
(261, '', 'Козак', 'Олександр', 'Олександрович', 37, NULL, NULL, NULL, NULL, 0, NULL, NULL, NULL, '1995-11-30', '2011-09-01', NULL, 173, NULL, NULL, 'Cвідоцтво про базову загальну середню освіту XM 40', NULL, NULL, NULL, NULL, NULL, NULL, NULL, NULL, NULL, NULL, NULL, NULL, NULL, NULL, NULL, NULL, NULL, NULL, NULL, NULL, 2205268, 'Паспорт: HB 629353   ', '3503203378'),
(262, '', 'Козачок', 'Іван', 'Ігорович', 11, NULL, NULL, NULL, NULL, 0, NULL, NULL, NULL, '1996-07-07', '2011-09-01', NULL, 173, NULL, NULL, 'Cвідоцтво про базову загальну середню освіту XM 40', NULL, NULL, NULL, NULL, NULL, NULL, NULL, NULL, NULL, NULL, NULL, NULL, NULL, NULL, NULL, NULL, NULL, NULL, NULL, NULL, 1887630, ' Свідоцтво: I-БB 46515 ', '3525210796'),
(263, '', 'Койда', 'Віталій', 'Олександрович', 38, NULL, NULL, NULL, NULL, 0, NULL, NULL, NULL, '1996-01-06', '2011-09-01', NULL, 173, NULL, NULL, 'Cвідоцтво про базову загальну середню освіту XM 40', NULL, NULL, NULL, NULL, NULL, NULL, NULL, NULL, NULL, NULL, NULL, NULL, NULL, NULL, NULL, NULL, NULL, NULL, NULL, NULL, 2211822, 'Паспорт: HB 629722   ', '3506908713'),
(264, '', 'Кокошко', 'Станіслав', 'Андрійович', 7, NULL, NULL, NULL, NULL, 0, NULL, NULL, NULL, '1997-07-25', '2012-09-01', NULL, 173, NULL, NULL, 'Cвідоцтво про базову загальну середню освіту XM 42', NULL, NULL, NULL, NULL, NULL, NULL, NULL, NULL, NULL, NULL, NULL, NULL, NULL, NULL, NULL, NULL, NULL, NULL, NULL, NULL, 426348, ' Свідоцтво: I-БB 064932 ', '353510071'),
(265, '', 'Коломійчук', 'Антон', 'Вікторович', 28, NULL, NULL, NULL, NULL, 0, NULL, NULL, NULL, '1996-11-02', '2012-09-01', NULL, 173, NULL, NULL, 'Cвідоцтво про базову загальну середню освіту BH 42', NULL, NULL, NULL, NULL, NULL, NULL, NULL, NULL, NULL, NULL, NULL, NULL, NULL, NULL, NULL, NULL, NULL, NULL, NULL, NULL, 568956, ' Свідоцтво: I-AM 012390 ', '3534000937'),
(266, '', 'Коломійчук', 'Павло', 'Сергійович', 14, NULL, NULL, NULL, NULL, 0, NULL, NULL, NULL, '1997-07-12', '2012-09-01', NULL, 173, NULL, NULL, 'Cвідоцтво про базову загальну середню освіту XM 42', NULL, NULL, NULL, NULL, NULL, NULL, NULL, NULL, NULL, NULL, NULL, NULL, NULL, NULL, NULL, NULL, NULL, NULL, NULL, NULL, 130658, ' Свідоцтво: I-БB 047842 ', NULL),
(267, '', 'Комарнюк', 'Андрій', 'Миколайович', 16, NULL, NULL, NULL, NULL, 0, NULL, NULL, NULL, '1996-10-24', '2003-09-01', NULL, 9, NULL, NULL, 'Атестат про повну загальну середню освіту XM 44567', NULL, NULL, NULL, NULL, NULL, NULL, NULL, NULL, NULL, NULL, NULL, NULL, NULL, NULL, NULL, NULL, NULL, NULL, NULL, NULL, 2559401, 'Паспорт: HB 655913   ', '3536112292'),
(268, '', 'Кондратюк', 'Василь', 'Васильович', 22, NULL, NULL, NULL, NULL, 0, NULL, NULL, NULL, '1998-03-04', '2013-09-01', NULL, 0, NULL, NULL, 'Cвідоцтво про базову загальну середню освіту XM 44', NULL, NULL, NULL, NULL, NULL, NULL, NULL, NULL, NULL, NULL, NULL, NULL, NULL, NULL, NULL, NULL, NULL, NULL, NULL, NULL, 2616803, ' Свідоцтво: I-БB 169380 ', '3585708473'),
(269, '', 'Конюшенко', 'Дмитро', 'Олександрович', 12, NULL, NULL, NULL, NULL, 0, NULL, NULL, NULL, '1998-11-12', '2013-09-01', NULL, 0, NULL, NULL, 'Cвідоцтво про базову загальну середню освіту XM 44', NULL, NULL, NULL, NULL, NULL, NULL, NULL, NULL, NULL, NULL, NULL, NULL, NULL, NULL, NULL, NULL, NULL, NULL, NULL, NULL, 2657590, ' Свідоцтво: I-БB 057667 ', '3611006350'),
(270, '', 'Кописта', 'Катерина', 'Володимирівна', 33, NULL, NULL, NULL, NULL, 1, NULL, NULL, NULL, '1996-10-11', '2011-09-01', NULL, 173, NULL, NULL, 'Cвідоцтво про базову загальну середню освіту XM 40', NULL, NULL, NULL, NULL, NULL, NULL, NULL, NULL, NULL, NULL, NULL, NULL, NULL, NULL, NULL, NULL, NULL, NULL, NULL, NULL, 2056957, ' Свідоцтво: I-БB 292978 ', '3534807227'),
(271, '', 'Копча', 'Роман-Віталій', 'Романович', 12, NULL, NULL, NULL, NULL, 0, NULL, NULL, NULL, '1998-01-26', '2013-09-01', NULL, 0, NULL, NULL, 'Cвідоцтво про базову загальну середню освіту AK 44', NULL, NULL, NULL, NULL, NULL, NULL, NULL, NULL, NULL, NULL, NULL, NULL, NULL, NULL, NULL, NULL, NULL, NULL, NULL, NULL, 2775257, ' Свідоцтво: I-ФM 083207 ', '3582008719'),
(272, '', 'Корнєєв', 'Назарій', 'Аркадійович', 30, NULL, NULL, NULL, NULL, 0, NULL, NULL, NULL, '1996-05-12', '2003-09-01', NULL, 0, NULL, NULL, 'Атестат про повну загальну середню освіту XM 44569', NULL, NULL, NULL, NULL, NULL, NULL, NULL, NULL, NULL, NULL, NULL, NULL, NULL, NULL, NULL, NULL, NULL, NULL, NULL, NULL, 2668331, 'Паспорт: HB 642224   ', NULL),
(273, '', 'Корнійчук', 'Назар', 'Володимирович', 7, NULL, NULL, NULL, NULL, 0, NULL, NULL, NULL, '1997-04-23', '2012-09-01', NULL, 173, NULL, NULL, 'Cвідоцтво про базову загальну середню освіту XM 42', NULL, NULL, NULL, NULL, NULL, NULL, NULL, NULL, NULL, NULL, NULL, NULL, NULL, NULL, NULL, NULL, NULL, NULL, NULL, NULL, 118993, ' Свідоцтво: I-БB 060860 ', NULL),
(274, '', 'Корнійчук', 'Роман', 'Віталійович', 36, NULL, NULL, NULL, NULL, 0, NULL, NULL, NULL, '1995-10-07', '2011-09-01', NULL, 173, NULL, NULL, 'Cвідоцтво про базову загальну середню освіту XM 40', NULL, NULL, NULL, NULL, NULL, NULL, NULL, NULL, NULL, NULL, NULL, NULL, NULL, NULL, NULL, NULL, NULL, NULL, NULL, NULL, 1295624, ' Свідоцтво: I-БB 253258 ', NULL),
(275, '', 'Корнійчук', 'Юрій', 'Володимирович', 22, NULL, NULL, NULL, NULL, 0, NULL, NULL, NULL, '1998-01-28', '2013-09-01', NULL, 0, NULL, NULL, 'Cвідоцтво про базову загальну середню освіту XM 44', NULL, NULL, NULL, NULL, NULL, NULL, NULL, NULL, NULL, NULL, NULL, NULL, NULL, NULL, NULL, NULL, NULL, NULL, NULL, NULL, 2523380, ' Свідоцтво: I-БB 077750 ', '3582210030'),
(276, '', 'Королюк', 'Андрій', 'Миколайович', 35, NULL, NULL, NULL, NULL, 0, NULL, NULL, NULL, '1995-11-11', '2011-09-01', NULL, 173, NULL, NULL, 'Cвідоцтво про базову загальну середню освіту XM 40', NULL, NULL, NULL, NULL, NULL, NULL, NULL, NULL, NULL, NULL, NULL, NULL, NULL, NULL, NULL, NULL, NULL, NULL, NULL, NULL, 2180334, ' Свідоцтво: I-БB 004578 ', '3501308136'),
(277, '', 'Король', 'Богдан', 'Олександрович', 30, NULL, NULL, NULL, NULL, 0, NULL, NULL, NULL, '1996-11-22', '2012-09-01', NULL, 173, NULL, NULL, 'Cвідоцтво про базову загальну середню освіту XM 42', NULL, NULL, NULL, NULL, NULL, NULL, NULL, NULL, NULL, NULL, NULL, NULL, NULL, NULL, NULL, NULL, NULL, NULL, NULL, NULL, 311451, ' Свідоцтво: I-БB 054437 ', '3539010038'),
(278, '', 'Король', 'Олександр', 'Олександрович', 11, NULL, NULL, NULL, NULL, 0, NULL, NULL, NULL, '1996-08-01', '2011-09-01', NULL, 180, NULL, NULL, 'Cвідоцтво про базову загальну середню освіту XM 40', NULL, NULL, NULL, NULL, NULL, NULL, NULL, NULL, NULL, NULL, NULL, NULL, NULL, NULL, NULL, NULL, NULL, NULL, NULL, NULL, 1853200, ' Свідоцтво: I-БB 054419 ', '3527711192'),
(279, '', 'Корольков', 'Валерій', 'Віталійович', 6, NULL, NULL, NULL, NULL, 0, NULL, NULL, NULL, '1997-04-17', '2012-09-01', NULL, 167, NULL, NULL, 'Cвідоцтво про базову загальну середню освіту XM 42', NULL, NULL, NULL, NULL, NULL, NULL, NULL, NULL, NULL, NULL, NULL, NULL, NULL, NULL, NULL, NULL, NULL, NULL, NULL, NULL, 62440, ' Свідоцтво: I-БB 026603 ', '3553608615'),
(280, '', 'Корольова', 'Вероніка', 'Олександрівна', 26, NULL, NULL, NULL, NULL, 1, NULL, NULL, NULL, '1996-10-10', '2012-09-01', NULL, 173, NULL, NULL, 'Cвідоцтво про базову загальну середню освіту XM 42', NULL, NULL, NULL, NULL, NULL, NULL, NULL, NULL, NULL, NULL, NULL, NULL, NULL, NULL, NULL, NULL, NULL, NULL, NULL, NULL, 63768, ' Свідоцтво: I-БB 046972 ', '3534709185'),
(281, '', 'Косік', 'Інна', 'Сергіївна', 34, NULL, NULL, NULL, NULL, 1, NULL, NULL, NULL, '1996-05-15', '2011-09-01', NULL, 175, NULL, NULL, 'Cвідоцтво про базову загальну середню освіту XM 40', NULL, NULL, NULL, NULL, NULL, NULL, NULL, NULL, NULL, NULL, NULL, NULL, NULL, NULL, NULL, NULL, NULL, NULL, NULL, NULL, 1121345, ' Свідоцтво: I-TП 014305 ', '3519902667'),
(282, '', 'Костинський', 'Нікіта', 'Андрійович', 12, NULL, NULL, NULL, NULL, 0, NULL, NULL, NULL, '1998-04-16', '2013-09-01', NULL, 0, NULL, NULL, 'Cвідоцтво про базову загальну середню освіту XM 44', NULL, NULL, NULL, NULL, NULL, NULL, NULL, NULL, NULL, NULL, NULL, NULL, NULL, NULL, NULL, NULL, NULL, NULL, NULL, NULL, 2657359, ' Свідоцтво: I-БB 283331 ', '3590008871'),
(283, '', 'Костров', 'Ігор', 'Юрійович', 14, NULL, NULL, NULL, NULL, 0, NULL, NULL, NULL, '1997-01-19', '2012-09-01', NULL, 173, NULL, NULL, 'Cвідоцтво про базову загальну середню освіту XM 42', NULL, NULL, NULL, NULL, NULL, NULL, NULL, NULL, NULL, NULL, NULL, NULL, NULL, NULL, NULL, NULL, NULL, NULL, NULL, NULL, 329298, ' Свідоцтво: I-БB 054719 ', '3544809296'),
(284, '', 'Кот', 'Олександр', 'Олександрович', 10, NULL, NULL, NULL, NULL, 0, NULL, NULL, NULL, '1995-11-12', '2011-09-01', NULL, 173, NULL, NULL, 'Cвідоцтво про базову загальну середню освіту XM 40', NULL, NULL, NULL, NULL, NULL, NULL, NULL, NULL, NULL, NULL, NULL, NULL, NULL, NULL, NULL, NULL, NULL, NULL, NULL, NULL, 1774758, 'Паспорт: HB 627601   ', '3501403859'),
(285, '', 'Коцюба', 'Вадим', 'Сергійович', 15, NULL, NULL, NULL, NULL, 0, NULL, NULL, NULL, '1997-08-18', '2012-09-01', NULL, 173, NULL, NULL, 'Cвідоцтво про базову загальну середню освіту XM 42', NULL, NULL, NULL, NULL, NULL, NULL, NULL, NULL, NULL, NULL, NULL, NULL, NULL, NULL, NULL, NULL, NULL, NULL, NULL, NULL, 329612, ' Свідоцтво: I-БB 064865 ', '3565904390'),
(286, '', 'Кочмарський', 'Назарій', 'Валерійович', 12, NULL, NULL, NULL, NULL, 0, NULL, NULL, NULL, '1997-12-30', '2013-09-01', NULL, 0, NULL, NULL, 'Cвідоцтво про базову загальну середню освіту XM 45', NULL, NULL, NULL, NULL, NULL, NULL, NULL, NULL, NULL, NULL, NULL, NULL, NULL, NULL, NULL, NULL, NULL, NULL, NULL, NULL, 2492608, ' Свідоцтво: I-БB 055225 ', '3579307933'),
(287, '', 'Кравець', 'Анастасія', 'Дмитрівна', 22, NULL, NULL, NULL, NULL, 1, NULL, NULL, NULL, '1997-10-26', '2013-09-01', NULL, 0, NULL, NULL, 'Cвідоцтво про базову загальну середню освіту XM 44', NULL, NULL, NULL, NULL, NULL, NULL, NULL, NULL, NULL, NULL, NULL, NULL, NULL, NULL, NULL, NULL, NULL, NULL, NULL, NULL, 2491550, ' Свідоцтво: I-БB 061601 ', '3572806100'),
(288, '', 'Кравець', 'Карина', 'Дмитрівна', 10, NULL, NULL, NULL, NULL, 1, NULL, NULL, NULL, '1995-12-21', '2011-09-01', NULL, 173, NULL, NULL, 'Cвідоцтво про базову загальну середню освіту XM 40', NULL, NULL, NULL, NULL, NULL, NULL, NULL, NULL, NULL, NULL, NULL, NULL, NULL, NULL, NULL, NULL, NULL, NULL, NULL, NULL, 1774443, 'Паспорт: HB 623294   ', '3505309448'),
(289, '', 'Кравець', 'Олександр', 'Вікторович', 16, NULL, NULL, NULL, NULL, 0, NULL, NULL, NULL, '1996-05-03', '2013-09-01', NULL, 0, NULL, NULL, 'Атестат про повну загальну середню освіту TM 44418', NULL, NULL, NULL, NULL, NULL, NULL, NULL, NULL, NULL, NULL, NULL, NULL, NULL, NULL, NULL, NULL, NULL, NULL, NULL, NULL, 2639362, '   ', NULL),
(290, '', 'Кравчук', 'Богдан', 'Миколайович', 35, NULL, NULL, NULL, NULL, 0, NULL, NULL, NULL, '1996-06-11', '2011-09-01', NULL, 173, NULL, NULL, 'Cвідоцтво про базову загальну середню освіту XM 40', NULL, NULL, NULL, NULL, NULL, NULL, NULL, NULL, NULL, NULL, NULL, NULL, NULL, NULL, NULL, NULL, NULL, NULL, NULL, NULL, 2180338, 'Паспорт: HB 639903   ', '3522610516'),
(291, '', 'Кравчук', 'Віталій', 'Васильович', 32, NULL, NULL, NULL, NULL, 0, NULL, NULL, NULL, '1996-11-01', '2012-09-01', NULL, 173, NULL, NULL, 'Cвідоцтво про базову загальну середню освіту XM 42', NULL, NULL, NULL, NULL, NULL, NULL, NULL, NULL, NULL, NULL, NULL, NULL, NULL, NULL, NULL, NULL, NULL, NULL, NULL, NULL, 29182, ' Свідоцтво: I-БB 154052 ', '3536909010'),
(292, '', 'Кравчук', 'Володимир', 'Вікторович', 23, NULL, NULL, NULL, NULL, 0, NULL, NULL, NULL, '1997-07-14', '2013-09-01', NULL, 0, NULL, NULL, 'Cвідоцтво про базову загальну середню освіту XM 44', NULL, NULL, NULL, NULL, NULL, NULL, NULL, NULL, NULL, NULL, NULL, NULL, NULL, NULL, NULL, NULL, NULL, NULL, NULL, NULL, 2437830, ' Свідоцтво: I-БB 064418 ', '3562411419'),
(293, '', 'Кравчук', 'Назар', 'Миколайович', 23, NULL, NULL, NULL, NULL, 0, NULL, NULL, NULL, '1998-04-03', '2013-09-01', NULL, 0, NULL, NULL, 'Cвідоцтво про базову загальну середню освіту XM 44', NULL, NULL, NULL, NULL, NULL, NULL, NULL, NULL, NULL, NULL, NULL, NULL, NULL, NULL, NULL, NULL, NULL, NULL, NULL, NULL, 2616758, ' Свідоцтво: I-БB 283148 ', '3588710131'),
(294, '', 'Краковецький', 'Андрій', 'Васильович', 31, NULL, NULL, NULL, NULL, 0, NULL, NULL, NULL, '1996-12-06', '2012-09-01', NULL, 173, NULL, NULL, 'Cвідоцтво про базову загальну середню освіту XM 42', NULL, NULL, NULL, NULL, NULL, NULL, NULL, NULL, NULL, NULL, NULL, NULL, NULL, NULL, NULL, NULL, NULL, NULL, NULL, NULL, 63858, ' Свідоцтво: I-БB 054489 ', '3540408698'),
(295, '', 'Крамар', 'Владислав', 'Вадимович', 12, NULL, NULL, NULL, NULL, 0, NULL, NULL, NULL, '1998-04-07', '2013-09-01', NULL, 0, NULL, NULL, 'Cвідоцтво про базову загальну середню освіту XM 44', NULL, NULL, NULL, NULL, NULL, NULL, NULL, NULL, NULL, NULL, NULL, NULL, NULL, NULL, NULL, NULL, NULL, NULL, NULL, NULL, 2635261, ' Свідоцтво: I-БB 067327 ', '3589110898'),
(296, '', 'Крамар', 'Владислав', 'Миколайович', 38, NULL, NULL, NULL, NULL, 0, NULL, NULL, NULL, '1996-06-12', '2011-09-01', NULL, 173, NULL, NULL, 'Cвідоцтво про базову загальну середню освіту XM 40', NULL, NULL, NULL, NULL, NULL, NULL, NULL, NULL, NULL, NULL, NULL, NULL, NULL, NULL, NULL, NULL, NULL, NULL, NULL, NULL, 2211827, 'Паспорт: HB 631674   ', '3522711051'),
(297, '', 'Красільніков', 'Іван', 'Кирилович', 11, NULL, NULL, NULL, NULL, 0, NULL, NULL, NULL, '1996-07-07', '2011-09-01', NULL, 173, NULL, NULL, 'Cвідоцтво про базову загальну середню освіту XM 40', NULL, NULL, NULL, NULL, NULL, NULL, NULL, NULL, NULL, NULL, NULL, NULL, NULL, NULL, NULL, NULL, NULL, NULL, NULL, NULL, 1887717, 'Паспорт: HB 651032   ', '3525211772'),
(298, '', 'Крачковський', 'Ярослав', 'Олександрович', 16, NULL, NULL, NULL, NULL, 0, NULL, NULL, NULL, '1997-07-17', '2013-08-29', NULL, 9, NULL, NULL, 'Cвідоцтво про базову загальну середню освіту XM 42', NULL, NULL, NULL, NULL, NULL, NULL, NULL, NULL, NULL, NULL, NULL, NULL, NULL, NULL, NULL, NULL, NULL, NULL, NULL, NULL, 186006, ' Свідоцтво: I-БB 064538 ', NULL),
(299, '', 'Кривдик', 'Михайло', 'Олексійович', 17, NULL, NULL, NULL, NULL, 0, NULL, NULL, NULL, '1995-11-18', '2011-09-01', NULL, 173, NULL, NULL, 'Cвідоцтво про базову загальну середню освіту XM 40', NULL, NULL, NULL, NULL, NULL, NULL, NULL, NULL, NULL, NULL, NULL, NULL, NULL, NULL, NULL, NULL, NULL, NULL, NULL, NULL, 997151, ' Свідоцтво: I-БB 025629 ', '3502004991'),
(300, '', 'Кривцов', 'Дмитро', 'Васильович', 22, NULL, NULL, NULL, NULL, 0, NULL, NULL, NULL, '1998-11-24', '2013-09-01', NULL, 0, NULL, NULL, 'Cвідоцтво про базову загальну середню освіту XM 44', NULL, NULL, NULL, NULL, NULL, NULL, NULL, NULL, NULL, NULL, NULL, NULL, NULL, NULL, NULL, NULL, NULL, NULL, NULL, NULL, 2614706, ' Свідоцтво: I-БB 074328 ', NULL),
(301, '', 'Крищук', 'Денис', 'Олександрович', 7, NULL, NULL, NULL, NULL, 0, NULL, NULL, NULL, '1997-04-14', '2012-09-01', NULL, 173, NULL, NULL, 'Cвідоцтво про базову загальну середню освіту XM 43', NULL, NULL, NULL, NULL, NULL, NULL, NULL, NULL, NULL, NULL, NULL, NULL, NULL, NULL, NULL, NULL, NULL, NULL, NULL, NULL, 215667, ' Свідоцтво: I-БB 033890 ', '3553309858'),
(302, '', 'Крупник', 'Андрій', 'Вікторович', 21, NULL, NULL, NULL, NULL, 0, NULL, NULL, NULL, '1997-12-14', '2013-09-01', NULL, 0, NULL, NULL, 'Cвідоцтво про базову загальну середню освіту XM 44', NULL, NULL, NULL, NULL, NULL, NULL, NULL, NULL, NULL, NULL, NULL, NULL, NULL, NULL, NULL, NULL, NULL, NULL, NULL, NULL, 2475940, ' Свідоцтво: I-БB 037758 ', '3577706873'),
(303, '', 'Кручинін', 'Ілля', 'Михайлович', 18, NULL, NULL, NULL, NULL, 0, NULL, NULL, NULL, '1996-03-04', '2011-09-01', NULL, 173, NULL, NULL, 'Cвідоцтво про базову загальну середню освіту XM 40', NULL, NULL, NULL, NULL, NULL, NULL, NULL, NULL, NULL, NULL, NULL, NULL, NULL, NULL, NULL, NULL, NULL, NULL, NULL, NULL, 1797639, 'Паспорт: HB 630657   ', '3512709918'),
(304, '', 'Кудіна', 'Катерина', 'Вікторівна', 33, NULL, NULL, NULL, NULL, 1, NULL, NULL, NULL, '1995-09-26', '2011-09-01', NULL, 173, NULL, NULL, 'Cвідоцтво про базову загальну середню освіту XM 40', NULL, NULL, NULL, NULL, NULL, NULL, NULL, NULL, NULL, NULL, NULL, NULL, NULL, NULL, NULL, NULL, NULL, NULL, NULL, NULL, 2056975, ' Свідоцтво: I-БB 020866 ', '3496711903'),
(305, '', 'Кузмінський', 'Даниїл', 'Богданович', 32, NULL, NULL, NULL, NULL, 0, NULL, NULL, NULL, '1997-09-06', '2012-09-01', NULL, 173, NULL, NULL, 'Cвідоцтво про базову загальну середню освіту XM 42', NULL, NULL, NULL, NULL, NULL, NULL, NULL, NULL, NULL, NULL, NULL, NULL, NULL, NULL, NULL, NULL, NULL, NULL, NULL, NULL, 491398, ' Свідоцтво: I-БB 064049 ', '3567808213'),
(306, '', 'Кузьмицька', 'Ірина', 'Віталіївна', 33, NULL, NULL, NULL, NULL, 1, NULL, NULL, NULL, '1996-06-22', '2011-09-01', NULL, 173, NULL, NULL, 'Cвідоцтво про базову загальну середню освіту XM 40', NULL, NULL, NULL, NULL, NULL, NULL, NULL, NULL, NULL, NULL, NULL, NULL, NULL, NULL, NULL, NULL, NULL, NULL, NULL, NULL, 2056998, ' Свідоцтво: I-БB 040631 ', '3523709204'),
(307, '', 'Кузьмов', 'Михайло', 'Васильович', 25, NULL, NULL, NULL, NULL, 0, NULL, NULL, NULL, '1998-02-15', '2013-09-01', NULL, 0, NULL, NULL, 'Cвідоцтво про базову загальну середню освіту XM 44', NULL, NULL, NULL, NULL, NULL, NULL, NULL, NULL, NULL, NULL, NULL, NULL, NULL, NULL, NULL, NULL, NULL, NULL, NULL, NULL, 2681830, ' Свідоцтво: I-БB 077764 ', NULL),
(308, '', 'Кукса', 'Дмитро', 'Анатолійович', 35, NULL, NULL, NULL, NULL, 0, NULL, NULL, NULL, '1996-10-29', '2011-09-01', NULL, 173, NULL, NULL, 'Cвідоцтво про базову загальну середню освіту XM 40', NULL, NULL, NULL, NULL, NULL, NULL, NULL, NULL, NULL, NULL, NULL, NULL, NULL, NULL, NULL, NULL, NULL, NULL, NULL, NULL, 2180341, ' Свідоцтво: I-БB 031500 ', '3536607314'),
(309, '', 'Кульчицький', 'Володимир', 'Олегович', 14, NULL, NULL, NULL, NULL, 0, NULL, NULL, NULL, '1997-07-24', '2012-09-01', NULL, 173, NULL, NULL, 'Cвідоцтво про базову загальну середню освіту XM 42', NULL, NULL, NULL, NULL, NULL, NULL, NULL, NULL, NULL, NULL, NULL, NULL, NULL, NULL, NULL, NULL, NULL, NULL, NULL, NULL, 178250, ' Свідоцтво: I-БB 064480 ', '3563409215'),
(310, '', 'Купельський', 'Денис', 'Олександрович', 37, NULL, NULL, NULL, NULL, 0, NULL, NULL, NULL, '1995-10-22', '2011-09-01', NULL, 173, NULL, NULL, 'Cвідоцтво про базову загальну середню освіту XM 40', NULL, NULL, NULL, NULL, NULL, NULL, NULL, NULL, NULL, NULL, NULL, NULL, NULL, NULL, NULL, NULL, NULL, NULL, NULL, NULL, 2205278, 'Паспорт: HB 623227   ', '3499304536'),
(311, '', 'Курейко', 'Руслан', 'Русланович', 23, NULL, NULL, NULL, NULL, 0, NULL, NULL, NULL, '1997-12-24', '2013-09-01', NULL, 0, NULL, NULL, 'Cвідоцтво про базову загальну середню освіту XM 44', NULL, NULL, NULL, NULL, NULL, NULL, NULL, NULL, NULL, NULL, NULL, NULL, NULL, NULL, NULL, NULL, NULL, NULL, NULL, NULL, 2723637, ' Свідоцтво: I-БB 055337 ', '3578700515'),
(312, '', 'Кухарський', 'Дмитро', 'Вадимович', 6, NULL, NULL, NULL, NULL, 0, NULL, NULL, NULL, '1997-09-10', '2012-09-01', NULL, 173, NULL, NULL, 'Cвідоцтво про базову загальну середню освіту XM 42', NULL, NULL, NULL, NULL, NULL, NULL, NULL, NULL, NULL, NULL, NULL, NULL, NULL, NULL, NULL, NULL, NULL, NULL, NULL, NULL, 134100, ' Свідоцтво: I-ИД 088488 ', '3568207713'),
(313, '', 'Кухарський', 'Іван', 'Серійович', 23, NULL, NULL, NULL, NULL, 0, NULL, NULL, NULL, '1998-02-12', '2013-09-01', NULL, 0, NULL, NULL, 'Cвідоцтво про базову загальну середню освіту XM 44', NULL, NULL, NULL, NULL, NULL, NULL, NULL, NULL, NULL, NULL, NULL, NULL, NULL, NULL, NULL, NULL, NULL, NULL, NULL, NULL, 2670809, ' Свідоцтво: I-БB 074102 ', NULL),
(314, '', 'Кухарський', 'Руслан', 'Анатолійович', 6, NULL, NULL, NULL, NULL, 0, NULL, NULL, NULL, '1997-08-02', '2012-09-01', NULL, 173, NULL, NULL, 'Cвідоцтво про базову загальну середню освіту XM 42', NULL, NULL, NULL, NULL, NULL, NULL, NULL, NULL, NULL, NULL, NULL, NULL, NULL, NULL, NULL, NULL, NULL, NULL, NULL, NULL, 134204, ' Свідоцтво: I-БB 267929 ', NULL),
(315, '', 'Кучер', 'Віталій', 'Анатолійович', 15, NULL, NULL, NULL, NULL, 0, NULL, NULL, NULL, '1996-06-20', '2012-09-01', NULL, 173, NULL, NULL, 'Cвідоцтво про базову загальну середню освіту XM 42', NULL, NULL, NULL, NULL, NULL, NULL, NULL, NULL, NULL, NULL, NULL, NULL, NULL, NULL, NULL, NULL, NULL, NULL, NULL, NULL, 177463, ' Свідоцтво: I-БB 040489 ', '3523512472'),
(316, '', 'Кучер', 'Олексій', 'Ігорович', 36, NULL, NULL, NULL, NULL, 0, NULL, NULL, NULL, '1995-08-26', '2011-09-01', NULL, 175, NULL, NULL, 'Cвідоцтво про базову загальну середню освіту XM 40', NULL, NULL, NULL, NULL, NULL, NULL, NULL, NULL, NULL, NULL, NULL, NULL, NULL, NULL, NULL, NULL, NULL, NULL, NULL, NULL, 1296400, ' Свідоцтво: I-БB 020720 ', '3493604130'),
(317, '', 'Кучер', 'Петро', 'Сергійович', 6, NULL, NULL, NULL, NULL, 0, NULL, NULL, NULL, '1996-07-13', '2012-09-01', NULL, 173, NULL, NULL, 'Cвідоцтво про базову загальну середню освіту XM 42', NULL, NULL, NULL, NULL, NULL, NULL, NULL, NULL, NULL, NULL, NULL, NULL, NULL, NULL, NULL, NULL, NULL, NULL, NULL, NULL, 131549, ' Свідоцтво: I-БB 012486 ', NULL),
(318, '', 'Кучерешко', 'Олександр', 'Володимирович', 32, NULL, NULL, NULL, NULL, 0, NULL, NULL, NULL, '1996-08-11', '2012-09-01', NULL, 173, NULL, NULL, 'Cвідоцтво про базову загальну середню освіту XM 42', NULL, NULL, NULL, NULL, NULL, NULL, NULL, NULL, NULL, NULL, NULL, NULL, NULL, NULL, NULL, NULL, NULL, NULL, NULL, NULL, 339276, ' Свідоцтво: I-ГЮ 003087 ', '3528710694'),
(319, '', 'Кучерук', 'Степан', 'Васильович', 31, NULL, NULL, NULL, NULL, 0, NULL, NULL, NULL, '1997-07-31', '2012-09-01', NULL, 173, NULL, NULL, 'Cвідоцтво про базову загальну середню освіту XM 42', NULL, NULL, NULL, NULL, NULL, NULL, NULL, NULL, NULL, NULL, NULL, NULL, NULL, NULL, NULL, NULL, NULL, NULL, NULL, NULL, 64203, ' Свідоцтво: I-БB 064582 ', '3564108915'),
(320, '', 'Кучерява', 'Анастасія', 'Олегівна', 28, NULL, NULL, NULL, NULL, 1, NULL, NULL, NULL, '1997-04-29', '2012-09-01', NULL, 173, NULL, NULL, 'Cвідоцтво про базову загальну середню освіту XM 42', NULL, NULL, NULL, NULL, NULL, NULL, NULL, NULL, NULL, NULL, NULL, NULL, NULL, NULL, NULL, NULL, NULL, NULL, NULL, NULL, 385950, ' Свідоцтво: I-БB 173286 ', NULL),
(321, '', 'Кушнір', 'Олексій', 'Іванович', 32, NULL, NULL, NULL, NULL, 0, NULL, NULL, NULL, '1997-01-17', '2012-09-01', NULL, 173, NULL, NULL, 'Cвідоцтво про базову загальну середню освіту XM 42', NULL, NULL, NULL, NULL, NULL, NULL, NULL, NULL, NULL, NULL, NULL, NULL, NULL, NULL, NULL, NULL, NULL, NULL, NULL, NULL, 41386, ' Свідоцтво: I-БB 054679 ', '3544606092'),
(322, '', 'Кушнірчук', 'Андрій', 'Сергійович', 23, NULL, NULL, NULL, NULL, 0, NULL, NULL, NULL, '1998-07-29', '2013-09-01', NULL, 0, NULL, NULL, 'Cвідоцтво про базову загальну середню освіту XM 44', NULL, NULL, NULL, NULL, NULL, NULL, NULL, NULL, NULL, NULL, NULL, NULL, NULL, NULL, NULL, NULL, NULL, NULL, NULL, NULL, 2613366, ' Свідоцтво: I-CP 028722 ', '3600408592'),
(323, '', 'Куян', 'Ігор', 'Олександрович', 16, NULL, NULL, NULL, NULL, 0, NULL, NULL, NULL, '1997-09-19', '2012-09-01', NULL, 9, NULL, NULL, 'Cвідоцтво про базову загальну середню освіту XM 42', NULL, NULL, NULL, NULL, NULL, NULL, NULL, NULL, NULL, NULL, NULL, NULL, NULL, NULL, NULL, NULL, NULL, NULL, NULL, NULL, 426533, ' Свідоцтво: I-БB 049688 ', NULL),
(324, '', 'Лабунець', 'Вікторія', 'Олександрівна', 27, NULL, NULL, NULL, NULL, 1, NULL, NULL, NULL, '1996-12-20', '2012-09-01', NULL, 173, NULL, NULL, 'Cвідоцтво про базову загальну середню освіту XM 42', NULL, NULL, NULL, NULL, NULL, NULL, NULL, NULL, NULL, NULL, NULL, NULL, NULL, NULL, NULL, NULL, NULL, NULL, NULL, NULL, 349783, ' Свідоцтво: I-БB 054425 ', '354180927'),
(325, '', 'Лабунець', 'Олександра', 'Олександрівна', 27, NULL, NULL, NULL, NULL, 1, NULL, NULL, NULL, '1996-12-20', '2012-09-01', NULL, 173, NULL, NULL, 'Cвідоцтво про базову загальну середню освіту XM 42', NULL, NULL, NULL, NULL, NULL, NULL, NULL, NULL, NULL, NULL, NULL, NULL, NULL, NULL, NULL, NULL, NULL, NULL, NULL, NULL, 348396, ' Свідоцтво: I-БB 054424 ', '3541809403'),
(326, '', 'Лабунський', 'Владислав', 'Сергійович', 32, NULL, NULL, NULL, NULL, 0, NULL, NULL, NULL, '1997-09-07', '2012-09-01', NULL, 173, NULL, NULL, 'Cвідоцтво про базову загальну середню освіту XM 42', NULL, NULL, NULL, NULL, NULL, NULL, NULL, NULL, NULL, NULL, NULL, NULL, NULL, NULL, NULL, NULL, NULL, NULL, NULL, NULL, 31327, ' Свідоцтво: I-БB 052243 ', '3567906512'),
(327, '', 'Лабчук', 'Віталій', 'Андрійович', 12, NULL, NULL, NULL, NULL, 0, NULL, NULL, NULL, '1998-02-05', '2013-09-01', NULL, 0, NULL, NULL, 'Cвідоцтво про базову загальну середню освіту XM 44', NULL, NULL, NULL, NULL, NULL, NULL, NULL, NULL, NULL, NULL, NULL, NULL, NULL, NULL, NULL, NULL, NULL, NULL, NULL, NULL, 2678758, ' Свідоцтво: I-БB 077517 ', '3583009891'),
(328, '', 'Лавренчук', 'Марина', 'Іванівна', 9, NULL, NULL, NULL, NULL, 1, NULL, NULL, NULL, '1997-10-03', '2013-09-01', NULL, 14, NULL, NULL, 'Cвідоцтво про базову загальну середню освіту XM 45', NULL, NULL, NULL, NULL, NULL, NULL, NULL, NULL, NULL, NULL, NULL, NULL, NULL, NULL, NULL, NULL, NULL, NULL, NULL, NULL, 2734218, ' Свідоцтво: I-БB 070233 ', '3570510465'),
(329, '', 'Ландар', 'Костянтин', 'Русланович', 17, NULL, NULL, NULL, NULL, 0, NULL, NULL, NULL, '1996-09-27', '2011-09-01', NULL, 173, NULL, NULL, 'Cвідоцтво про базову загальну середню освіту XM 40', NULL, NULL, NULL, NULL, NULL, NULL, NULL, NULL, NULL, NULL, NULL, NULL, NULL, NULL, NULL, NULL, NULL, NULL, NULL, NULL, 1054592, ' Свідоцтво: I-БB 046833 ', '3533408977'),
(330, '', 'Лапардін', 'Денис', 'Сергійович', 23, NULL, NULL, NULL, NULL, 0, NULL, NULL, NULL, '1997-12-06', '2013-09-01', NULL, 0, NULL, NULL, 'Cвідоцтво про базову загальну середню освіту AH 44', NULL, NULL, NULL, NULL, NULL, NULL, NULL, NULL, NULL, NULL, NULL, NULL, NULL, NULL, NULL, NULL, NULL, NULL, NULL, NULL, 2692410, ' Свідоцтво: I-EЮ 083494 ', '3576907134'),
(331, '', 'Ласлов', 'Валентин', 'Вікторович', 21, NULL, NULL, NULL, NULL, 0, NULL, NULL, NULL, '1997-12-30', '2013-09-01', NULL, 0, NULL, NULL, 'Cвідоцтво про базову загальну середню освіту XM 45', NULL, NULL, NULL, NULL, NULL, NULL, NULL, NULL, NULL, NULL, NULL, NULL, NULL, NULL, NULL, NULL, NULL, NULL, NULL, NULL, 2558317, ' Свідоцтво: I-БB 067154 ', '3579303176'),
(332, '', 'Левчик', 'Тарас', 'Сергійович', 8, NULL, NULL, NULL, NULL, 0, NULL, NULL, NULL, '1998-11-15', '2013-09-01', NULL, 0, NULL, NULL, 'Cвідоцтво про базову загальну середню освіту XM 44', NULL, NULL, NULL, NULL, NULL, NULL, NULL, NULL, NULL, NULL, NULL, NULL, NULL, NULL, NULL, NULL, NULL, NULL, NULL, NULL, 2535080, ' Свідоцтво: I-БB 290244 ', '3611902295'),
(333, '', 'Левчук', 'Тетяна', 'Леонідівна', 21, NULL, NULL, NULL, NULL, 1, NULL, NULL, NULL, '1998-11-21', '2013-09-01', NULL, 0, NULL, NULL, 'Cвідоцтво про базову загальну середню освіту XM 44', NULL, NULL, NULL, NULL, NULL, NULL, NULL, NULL, NULL, NULL, NULL, NULL, NULL, NULL, NULL, NULL, NULL, NULL, NULL, NULL, 2441905, ' Свідоцтво: I-БB 292056 ', '3611905125'),
(334, '', 'Легінчук', 'Олександр', 'Олегович', 32, NULL, NULL, NULL, NULL, 0, NULL, NULL, NULL, '1996-08-22', '2003-09-01', NULL, 0, NULL, NULL, 'Атестат про повну загальну середню освіту XM 44565', NULL, NULL, NULL, NULL, NULL, NULL, NULL, NULL, NULL, NULL, NULL, NULL, NULL, NULL, NULL, NULL, NULL, NULL, NULL, NULL, 2692543, 'Паспорт: HB 646170   ', NULL),
(335, '', 'Лелюк', 'Станіслав', 'Миколайович', 7, NULL, NULL, NULL, NULL, 0, NULL, NULL, NULL, '1997-08-12', '2012-09-01', NULL, 173, NULL, NULL, 'Cвідоцтво про базову загальну середню освіту XM 43', NULL, NULL, NULL, NULL, NULL, NULL, NULL, NULL, NULL, NULL, NULL, NULL, NULL, NULL, NULL, NULL, NULL, NULL, NULL, NULL, 212362, ' Свідоцтво: I-БB 058163 ', '3565309697'),
(336, '', 'Лемешов', 'Віталій', 'Васильович', 34, NULL, NULL, NULL, NULL, 0, NULL, NULL, NULL, '1996-04-11', '2011-09-01', NULL, 173, NULL, NULL, 'Cвідоцтво про базову загальну середню освіту XM 40', NULL, NULL, NULL, NULL, NULL, NULL, NULL, NULL, NULL, NULL, NULL, NULL, NULL, NULL, NULL, NULL, NULL, NULL, NULL, NULL, 1121670, ' Свідоцтво: I-БB 034998 ', '3516510074');
INSERT INTO `student` (`id`, `code`, `last_name`, `first_name`, `middle_name`, `group_id`, `phone_number`, `mobile_number`, `mother_name`, `father_name`, `gender`, `official_address`, `characteristics`, `factual_address`, `birth_date`, `admission_date`, `tuition_payment`, `admission_order_number`, `admission_semester`, `entry_exams`, `education_document`, `contract`, `math_mark`, `ua_language_mark`, `mother_workplace`, `mother_position`, `mother_workphone`, `mother_boss_workphone`, `father_workplace`, `father_position`, `father_workphone`, `father_boss_workphone`, `graduated`, `graduation_date`, `graduation_basis`, `graduation_semester`, `graduation_order_number`, `diploma`, `direction`, `misc_data`, `hobby`, `sseed_id`, `document`, `identification_code`) VALUES
(337, '', 'Ленчицький', 'Олексій', 'Сергійович', 15, NULL, NULL, NULL, NULL, 0, NULL, NULL, NULL, '1996-08-15', '2012-09-01', NULL, 173, NULL, NULL, 'Cвідоцтво про базову загальну середню освіту XM 42', NULL, NULL, NULL, NULL, NULL, NULL, NULL, NULL, NULL, NULL, NULL, NULL, NULL, NULL, NULL, NULL, NULL, NULL, NULL, NULL, 333678, ' Свідоцтво: I-БB 046342 ', '3529112314'),
(338, '', 'Липко', 'Валерій', 'Анатолійович', 31, NULL, NULL, NULL, NULL, 0, NULL, NULL, NULL, '1997-10-27', '2012-09-01', NULL, 173, NULL, NULL, 'Cвідоцтво про базову загальну середню освіту XM 42', NULL, NULL, NULL, NULL, NULL, NULL, NULL, NULL, NULL, NULL, NULL, NULL, NULL, NULL, NULL, NULL, NULL, NULL, NULL, NULL, 168174, ' Свідоцтво: I-БB 070561 ', '3572906494'),
(339, '', 'Лис', 'Микола', 'Леонідович', 29, NULL, NULL, NULL, NULL, 0, NULL, NULL, NULL, '1997-06-09', '2012-09-01', NULL, 173, NULL, NULL, 'Cвідоцтво про базову загальну середню освіту XM 42', NULL, NULL, NULL, NULL, NULL, NULL, NULL, NULL, NULL, NULL, NULL, NULL, NULL, NULL, NULL, NULL, NULL, NULL, NULL, NULL, 337847, ' Свідоцтво: I-БB 033965 ', '355890979'),
(340, '', 'Лисенко', 'Катерина', 'Іванівна', 26, NULL, NULL, NULL, NULL, 1, NULL, NULL, NULL, '1997-07-18', '2012-09-01', NULL, 173, NULL, NULL, 'Cвідоцтво про базову загальну середню освіту XM 42', NULL, NULL, NULL, NULL, NULL, NULL, NULL, NULL, NULL, NULL, NULL, NULL, NULL, NULL, NULL, NULL, NULL, NULL, NULL, NULL, 328349, ' Свідоцтво: I-БB 033388 ', '3562809322'),
(341, '', 'Лисенко', 'Павло', 'Сергійович', 37, NULL, NULL, NULL, NULL, 0, NULL, NULL, NULL, '1995-12-28', '2011-09-01', NULL, 173, NULL, NULL, 'Cвідоцтво про базову загальну середню освіту XM 40', NULL, NULL, NULL, NULL, NULL, NULL, NULL, NULL, NULL, NULL, NULL, NULL, NULL, NULL, NULL, NULL, NULL, NULL, NULL, NULL, 2205279, 'Паспорт: HB 629876   ', '3506009135'),
(342, '', 'Лисюк', 'Дмитро', 'Миколайович', 29, NULL, NULL, NULL, NULL, 0, NULL, NULL, NULL, '1997-10-15', '2012-09-01', NULL, 173, NULL, NULL, 'Cвідоцтво про базову загальну середню освіту XM 42', NULL, NULL, NULL, NULL, NULL, NULL, NULL, NULL, NULL, NULL, NULL, NULL, NULL, NULL, NULL, NULL, NULL, NULL, NULL, NULL, 325860, ' Свідоцтво: I-БB 056758 ', NULL),
(343, '', 'Лівецький', 'Дмитро', 'Анатолійович', 37, NULL, NULL, NULL, NULL, 0, NULL, NULL, NULL, '1996-01-21', '2011-09-01', NULL, 173, NULL, NULL, 'Cвідоцтво про базову загальну середню освіту XM 41', NULL, NULL, NULL, NULL, NULL, NULL, NULL, NULL, NULL, NULL, NULL, NULL, NULL, NULL, NULL, NULL, NULL, NULL, NULL, NULL, 2205282, 'Паспорт: HB 628368   ', '3508407395'),
(344, '', 'Ліповуз', 'Вадим', 'Вікторович', 8, NULL, NULL, NULL, NULL, 0, NULL, NULL, NULL, '1998-01-10', '2013-09-01', NULL, 0, NULL, NULL, 'Cвідоцтво про базову загальну середню освіту XM 45', NULL, NULL, NULL, NULL, NULL, NULL, NULL, NULL, NULL, NULL, NULL, NULL, NULL, NULL, NULL, NULL, NULL, NULL, NULL, NULL, 2638399, ' Свідоцтво: I-БB 071147 ', '3580409215'),
(345, '', 'Лісовий', 'Андрій', 'Валерійович', 18, NULL, NULL, NULL, NULL, 0, NULL, NULL, NULL, '1996-03-17', '2011-09-01', NULL, 9, NULL, NULL, 'Cвідоцтво про базову загальну середню освіту XM 40', NULL, NULL, NULL, NULL, NULL, NULL, NULL, NULL, NULL, NULL, NULL, NULL, NULL, NULL, NULL, NULL, NULL, NULL, NULL, NULL, 1799021, 'Паспорт: HB 630753   ', '3514008498'),
(346, '', 'Лісовий', 'Владислав', 'Олександрович', 17, NULL, NULL, NULL, NULL, 0, NULL, NULL, NULL, '1996-01-31', '2011-09-01', NULL, 173, NULL, NULL, 'Cвідоцтво про базову загальну середню освіту XM 40', NULL, NULL, NULL, NULL, NULL, NULL, NULL, NULL, NULL, NULL, NULL, NULL, NULL, NULL, NULL, NULL, NULL, NULL, NULL, NULL, 1055401, ' Свідоцтво: I-БB 034616 ', '3509409356'),
(347, '', 'Лісовий', 'Юрій', 'Олегович', 7, NULL, NULL, NULL, NULL, 0, NULL, NULL, NULL, '1997-05-04', '2012-09-01', NULL, 173, NULL, NULL, 'Cвідоцтво про базову загальну середню освіту XM 43', NULL, NULL, NULL, NULL, NULL, NULL, NULL, NULL, NULL, NULL, NULL, NULL, NULL, NULL, NULL, NULL, NULL, NULL, NULL, NULL, 332961, ' Свідоцтво: I-БB 039636 ', '3555309234'),
(348, '', 'Літвін', 'Павло', 'Олександрович', 38, NULL, NULL, NULL, NULL, 0, NULL, NULL, NULL, '1996-09-09', '2011-09-01', NULL, 173, NULL, NULL, 'Cвідоцтво про базову загальну середню освіту XM 40', NULL, NULL, NULL, NULL, NULL, NULL, NULL, NULL, NULL, NULL, NULL, NULL, NULL, NULL, NULL, NULL, NULL, NULL, NULL, NULL, 2211842, ' Свідоцтво: I-БB 046714 ', '3531608733'),
(349, '', 'Літинський', 'Владислав', 'Олександрович', 22, NULL, NULL, NULL, NULL, 0, NULL, NULL, NULL, '1998-05-14', '2013-09-01', NULL, 0, NULL, NULL, 'Cвідоцтво про базову загальну середню освіту XM 44', NULL, NULL, NULL, NULL, NULL, NULL, NULL, NULL, NULL, NULL, NULL, NULL, NULL, NULL, NULL, NULL, NULL, NULL, NULL, NULL, 2654391, ' Свідоцтво: I-БB 283494 ', '3592708971'),
(350, '', 'Ліщинський', 'Віталій', 'Петрович', 36, NULL, NULL, NULL, NULL, 0, NULL, NULL, NULL, '1995-08-17', '2012-09-01', NULL, 173, NULL, NULL, 'Атестат про повну загальну середню освіту XM 42587', NULL, NULL, NULL, NULL, NULL, NULL, NULL, NULL, NULL, NULL, NULL, NULL, NULL, NULL, NULL, NULL, NULL, NULL, NULL, NULL, 263661, 'Паспорт: HB 625987   ', NULL),
(351, '', 'Ліщук', 'Артем', 'Юрійович', 30, NULL, NULL, NULL, NULL, 0, NULL, NULL, NULL, '1996-08-20', '2011-09-01', NULL, 175, NULL, NULL, 'Cвідоцтво про базову загальну середню освіту XM 40', NULL, NULL, NULL, NULL, NULL, NULL, NULL, NULL, NULL, NULL, NULL, NULL, NULL, NULL, NULL, NULL, NULL, NULL, NULL, NULL, 2180344, ' Свідоцтво: I-БB 039080 ', '3529604151'),
(352, '', 'Ліщук', 'Максим', 'Віталійович', 33, NULL, NULL, NULL, NULL, 0, NULL, NULL, NULL, '1996-05-22', '2011-09-01', NULL, 173, NULL, NULL, 'Cвідоцтво про базову загальну середню освіту XM 40', NULL, NULL, NULL, NULL, NULL, NULL, NULL, NULL, NULL, NULL, NULL, NULL, NULL, NULL, NULL, NULL, NULL, NULL, NULL, NULL, 2057035, ' Свідоцтво: I-БB 040314 ', '3520609656'),
(353, '', 'Лобода', 'Ігор', 'Юрійович', 18, NULL, NULL, NULL, NULL, 0, NULL, NULL, NULL, '1996-01-09', '2011-09-01', NULL, 196, NULL, NULL, 'Cвідоцтво про базову загальну середню освіту XM 40', NULL, NULL, NULL, NULL, NULL, NULL, NULL, NULL, NULL, NULL, NULL, NULL, NULL, NULL, NULL, NULL, NULL, NULL, NULL, NULL, 1799343, 'Паспорт: HB 629721   ', NULL),
(354, '', 'Логінов', 'Марк', 'Григорович', 29, NULL, NULL, NULL, NULL, 0, NULL, NULL, NULL, '1996-09-04', '2012-09-01', NULL, 173, NULL, NULL, 'Cвідоцтво про базову загальну середню освіту XM 42', NULL, NULL, NULL, NULL, NULL, NULL, NULL, NULL, NULL, NULL, NULL, NULL, NULL, NULL, NULL, NULL, NULL, NULL, NULL, NULL, 41617, ' Свідоцтво: I-БB 046392 ', NULL),
(355, '', 'Лозінський', 'Андрій', 'Володимирович', 24, NULL, NULL, NULL, NULL, 0, NULL, NULL, NULL, '1997-12-10', '2013-09-01', NULL, 0, NULL, NULL, 'Cвідоцтво про базову загальну середню освіту XM 44', NULL, NULL, NULL, NULL, NULL, NULL, NULL, NULL, NULL, NULL, NULL, NULL, NULL, NULL, NULL, NULL, NULL, NULL, NULL, NULL, 2497893, ' Свідоцтво: I-БB 070925 ', '3577308877'),
(356, '', 'Лозінський', 'Руслан', 'Дмитрович', 36, NULL, NULL, NULL, NULL, 0, NULL, NULL, NULL, '1995-08-30', '2012-09-01', NULL, 173, NULL, NULL, 'Атестат про повну загальну середню освіту XM 42588', NULL, NULL, NULL, NULL, NULL, NULL, NULL, NULL, NULL, NULL, NULL, NULL, NULL, NULL, NULL, NULL, NULL, NULL, NULL, NULL, 185862, 'Паспорт: HB 608575   ', NULL),
(357, '', 'Лоран', 'Таїса', 'Владиславівна', 11, NULL, NULL, NULL, NULL, 1, NULL, NULL, NULL, '1996-04-07', '2011-09-01', NULL, 173, NULL, NULL, 'Cвідоцтво про базову загальну середню освіту XM 41', NULL, NULL, NULL, NULL, NULL, NULL, NULL, NULL, NULL, NULL, NULL, NULL, NULL, NULL, NULL, NULL, NULL, NULL, NULL, NULL, 1887802, 'Паспорт: HB 640024   ', '3516108247'),
(358, '', 'Лось', 'Денис', 'Геннадійович', 7, NULL, NULL, NULL, NULL, 0, NULL, NULL, NULL, '1997-03-18', '2012-09-01', NULL, 173, NULL, NULL, 'Cвідоцтво про базову загальну середню освіту XM 42', NULL, NULL, NULL, NULL, NULL, NULL, NULL, NULL, NULL, NULL, NULL, NULL, NULL, NULL, NULL, NULL, NULL, NULL, NULL, NULL, 354046, ' Свідоцтво: I-БB 060395 ', '3550603954'),
(359, '', 'Лось', 'Олександр', 'Андрійович', 14, NULL, NULL, NULL, NULL, 0, NULL, NULL, NULL, '1996-12-25', '2012-09-01', NULL, 7, NULL, NULL, 'Cвідоцтво про базову загальну середню освіту XM 42', NULL, NULL, NULL, NULL, NULL, NULL, NULL, NULL, NULL, NULL, NULL, NULL, NULL, NULL, NULL, NULL, NULL, NULL, NULL, NULL, 62701, ' Свідоцтво: I-БB 049174 ', '3542309432'),
(360, '', 'Лукіянюк', 'Яна', 'Михайлівна', 21, NULL, NULL, NULL, NULL, 1, NULL, NULL, NULL, '1998-04-29', '2013-09-01', NULL, 0, NULL, NULL, 'Cвідоцтво про базову загальну середню освіту XM 44', NULL, NULL, NULL, NULL, NULL, NULL, NULL, NULL, NULL, NULL, NULL, NULL, NULL, NULL, NULL, NULL, NULL, NULL, NULL, NULL, 2529589, ' Свідоцтво: I-БB 283632 ', '3591309103'),
(361, '', 'Любарчук', 'Богдан', 'Володимирович', 16, NULL, NULL, NULL, NULL, 0, NULL, NULL, NULL, '1996-03-23', '2013-09-01', NULL, 0, NULL, NULL, 'Атестат про повну загальну середню освіту XM 44567', NULL, NULL, NULL, NULL, NULL, NULL, NULL, NULL, NULL, NULL, NULL, NULL, NULL, NULL, NULL, NULL, NULL, NULL, NULL, NULL, 2647068, 'Паспорт: HB 634863   ', NULL),
(362, '', 'Магомєдова', 'Олена', 'Гунашівна', 11, NULL, NULL, NULL, NULL, 1, NULL, NULL, NULL, '1989-11-20', '2012-09-01', NULL, 109, NULL, NULL, 'Атестат про повну загальну середню освіту XM 30307', NULL, NULL, NULL, NULL, NULL, NULL, NULL, NULL, NULL, NULL, NULL, NULL, NULL, NULL, NULL, NULL, NULL, NULL, NULL, NULL, 61519, 'Паспорт: HB 427322   ', '3283113582'),
(363, '', 'Мадера', 'Роман', 'Олександрович', 24, NULL, NULL, NULL, NULL, 0, NULL, NULL, NULL, '1998-04-03', '2013-09-01', NULL, 0, NULL, NULL, 'Cвідоцтво про базову загальну середню освіту XM 44', NULL, NULL, NULL, NULL, NULL, NULL, NULL, NULL, NULL, NULL, NULL, NULL, NULL, NULL, NULL, NULL, NULL, NULL, NULL, NULL, 2564375, ' Свідоцтво: I-БB 061815 ', '3588709559'),
(364, '', 'Мазорчук', 'Андрій', 'Сергійович', 28, NULL, NULL, NULL, NULL, 0, NULL, NULL, NULL, '1996-12-11', '2012-09-01', NULL, 173, NULL, NULL, 'Cвідоцтво про базову загальну середню освіту XM 42', NULL, NULL, NULL, NULL, NULL, NULL, NULL, NULL, NULL, NULL, NULL, NULL, NULL, NULL, NULL, NULL, NULL, NULL, NULL, NULL, 176906, ' Свідоцтво: I-БB 024336 ', '3540906336'),
(365, '', 'Мазур', 'Богдан', 'Анатолійович', 32, NULL, NULL, NULL, NULL, 0, NULL, NULL, NULL, '1996-04-26', '2012-09-01', NULL, 173, NULL, NULL, 'Cвідоцтво про базову загальну середню освіту XM 42', NULL, NULL, NULL, NULL, NULL, NULL, NULL, NULL, NULL, NULL, NULL, NULL, NULL, NULL, NULL, NULL, NULL, NULL, NULL, NULL, 64263, 'Паспорт: HB 632310   ', '3518012854'),
(366, '', 'Мазур', 'Вадим', 'Станіславович', 32, NULL, NULL, NULL, NULL, 0, NULL, NULL, NULL, '1997-03-05', '2012-09-01', NULL, 173, NULL, NULL, 'Cвідоцтво про базову загальну середню освіту XM 42', NULL, NULL, NULL, NULL, NULL, NULL, NULL, NULL, NULL, NULL, NULL, NULL, NULL, NULL, NULL, NULL, NULL, NULL, NULL, NULL, 28550, ' Свідоцтво: I-PЛ 301567 ', '3547808070'),
(367, '', 'Мазур', 'Денис', 'Михайлович', 31, NULL, NULL, NULL, NULL, 0, NULL, NULL, NULL, '1997-06-03', '2012-09-01', NULL, 173, NULL, NULL, 'Cвідоцтво про базову загальну середню освіту XM 42', NULL, NULL, NULL, NULL, NULL, NULL, NULL, NULL, NULL, NULL, NULL, NULL, NULL, NULL, NULL, NULL, NULL, NULL, NULL, NULL, 491688, ' Свідоцтво: I-БB 064185 ', '3558304935'),
(368, '', 'Мазур', 'Микола', 'Сергійович', 18, NULL, NULL, NULL, NULL, 0, NULL, NULL, NULL, '1996-06-26', '2011-09-01', NULL, 173, NULL, NULL, 'Cвідоцтво про базову загальну середню освіту XM 40', NULL, NULL, NULL, NULL, NULL, NULL, NULL, NULL, NULL, NULL, NULL, NULL, NULL, NULL, NULL, NULL, NULL, NULL, NULL, NULL, 1800351, 'Паспорт: HB 637126   ', '3524104175'),
(369, '', 'Мазуренко', 'Андрій', 'Володимирович', 8, NULL, NULL, NULL, NULL, 0, NULL, NULL, NULL, '1997-11-24', '2013-09-01', NULL, 0, NULL, NULL, 'Cвідоцтво про базову загальну середню освіту XM 44', NULL, NULL, NULL, NULL, NULL, NULL, NULL, NULL, NULL, NULL, NULL, NULL, NULL, NULL, NULL, NULL, NULL, NULL, NULL, NULL, 2519429, ' Свідоцтво: I-БB 070716 ', '3575708337'),
(370, '', 'Макогон', 'Сергій', 'Іванович', 12, NULL, NULL, NULL, NULL, 0, NULL, NULL, NULL, '1997-06-06', '2013-09-01', NULL, 0, NULL, NULL, 'Cвідоцтво про базову загальну середню освіту XM 44', NULL, NULL, NULL, NULL, NULL, NULL, NULL, NULL, NULL, NULL, NULL, NULL, NULL, NULL, NULL, NULL, NULL, NULL, NULL, NULL, 2687538, ' Свідоцтво: I-БB 064053 ', '3558611735'),
(371, '', 'Максимов', 'Костянтин', 'Валерійович', 30, NULL, NULL, NULL, NULL, 0, NULL, NULL, NULL, '1997-03-13', '2012-09-01', NULL, 173, NULL, NULL, 'Cвідоцтво про базову загальну середню освіту XM 42', NULL, NULL, NULL, NULL, NULL, NULL, NULL, NULL, NULL, NULL, NULL, NULL, NULL, NULL, NULL, NULL, NULL, NULL, NULL, NULL, 242542, ' Свідоцтво: I-БB 060443 ', '3550109530'),
(372, '', 'Малінчук', 'Максим', 'Олексійович', 28, NULL, NULL, NULL, NULL, 0, NULL, NULL, NULL, '1996-06-22', '2012-09-01', NULL, 173, NULL, NULL, 'Cвідоцтво про базову загальну середню освіту XM 42', NULL, NULL, NULL, NULL, NULL, NULL, NULL, NULL, NULL, NULL, NULL, NULL, NULL, NULL, NULL, NULL, NULL, NULL, NULL, NULL, 336410, 'Паспорт: HB 634945   ', '3523711294'),
(373, '', 'Малков', 'Іван', 'Валерійович', 12, NULL, NULL, NULL, NULL, 0, NULL, NULL, NULL, '1997-11-26', '2013-09-01', NULL, 0, NULL, NULL, 'Cвідоцтво про базову загальну середню освіту XM 44', NULL, NULL, NULL, NULL, NULL, NULL, NULL, NULL, NULL, NULL, NULL, NULL, NULL, NULL, NULL, NULL, NULL, NULL, NULL, NULL, 2535759, ' Свідоцтво: I-БB 018849 ', '3575907896'),
(374, '', 'Мамчур', 'Юрій', 'Миколайович', 22, NULL, NULL, NULL, NULL, 0, NULL, NULL, NULL, '1998-01-21', '2013-09-01', NULL, 0, NULL, NULL, 'Cвідоцтво про базову загальну середню освіту XM 44', NULL, NULL, NULL, NULL, NULL, NULL, NULL, NULL, NULL, NULL, NULL, NULL, NULL, NULL, NULL, NULL, NULL, NULL, NULL, NULL, 2687837, ' Свідоцтво: I-БB 077367 ', '3581504738'),
(375, '', 'Манзюк', 'Богдан', 'Ігорович', 10, NULL, NULL, NULL, NULL, 0, NULL, NULL, NULL, '1996-08-13', '2011-09-01', NULL, 173, NULL, NULL, 'Cвідоцтво про базову загальну середню освіту XM 40', NULL, NULL, NULL, NULL, NULL, NULL, NULL, NULL, NULL, NULL, NULL, NULL, NULL, NULL, NULL, NULL, NULL, NULL, NULL, NULL, 1775251, ' Свідоцтво: I-БB 0000000 ', '3528905235'),
(376, '', 'Мантачка', 'Валентин', 'Васильович', 25, NULL, NULL, NULL, NULL, 0, NULL, NULL, NULL, '1997-07-02', '2013-09-01', NULL, 0, NULL, NULL, 'Cвідоцтво про базову загальну середню освіту XM 44', NULL, NULL, NULL, NULL, NULL, NULL, NULL, NULL, NULL, NULL, NULL, NULL, NULL, NULL, NULL, NULL, NULL, NULL, NULL, NULL, 2571293, ' Свідоцтво: I-БB 039305 ', '3561212634'),
(377, '', 'Маринюк', 'Андрій', 'Степанович', 24, NULL, NULL, NULL, NULL, 0, NULL, NULL, NULL, '1998-06-02', '2013-09-01', NULL, 0, NULL, NULL, 'Cвідоцтво про базову загальну середню освіту XM 44', NULL, NULL, NULL, NULL, NULL, NULL, NULL, NULL, NULL, NULL, NULL, NULL, NULL, NULL, NULL, NULL, NULL, NULL, NULL, NULL, 2624193, ' Свідоцтво: I-БB 033424 ', NULL),
(378, '', 'Мариняк', 'Андрій', 'Миколайович', 34, NULL, NULL, NULL, NULL, 0, NULL, NULL, NULL, '1996-07-23', '2011-09-01', NULL, 173, NULL, NULL, 'Cвідоцтво про базову загальну середню освіту XM 40', NULL, NULL, NULL, NULL, NULL, NULL, NULL, NULL, NULL, NULL, NULL, NULL, NULL, NULL, NULL, NULL, NULL, NULL, NULL, NULL, 1121971, ' Свідоцтво: I-БB 011965 ', '3526809535'),
(379, '', 'Маріїн', 'Назарій', 'Сергійович', 24, NULL, NULL, NULL, NULL, 0, NULL, NULL, NULL, '1998-07-17', '2013-09-01', NULL, 0, NULL, NULL, 'Cвідоцтво про базову загальну середню освіту XM 44', NULL, NULL, NULL, NULL, NULL, NULL, NULL, NULL, NULL, NULL, NULL, NULL, NULL, NULL, NULL, NULL, NULL, NULL, NULL, NULL, 2664990, ' Свідоцтво: I-БB 287357 ', '3599208895'),
(380, '', 'Маркітан', 'Максим', 'Олександрович', 8, NULL, NULL, NULL, NULL, 0, NULL, NULL, NULL, '1998-01-02', '2013-09-01', NULL, 0, NULL, NULL, 'Cвідоцтво про базову загальну середню освіту XM 44', NULL, NULL, NULL, NULL, NULL, NULL, NULL, NULL, NULL, NULL, NULL, NULL, NULL, NULL, NULL, NULL, NULL, NULL, NULL, NULL, 2664451, ' Свідоцтво: I-БB 077222 ', '3579608137'),
(381, '', 'Мартинюк', 'Дар''я', 'Вадимівна', 22, NULL, NULL, NULL, NULL, 1, NULL, NULL, NULL, '1997-11-03', '2013-09-01', NULL, 0, NULL, NULL, 'Cвідоцтво про базову загальну середню освіту XM 44', NULL, NULL, NULL, NULL, NULL, NULL, NULL, NULL, NULL, NULL, NULL, NULL, NULL, NULL, NULL, NULL, NULL, NULL, NULL, NULL, 2687976, ' Свідоцтво: I-БB 070639 ', '3573608706'),
(382, '', 'Мартинюк', 'Микола', 'Вікторович', 29, NULL, NULL, NULL, NULL, 0, NULL, NULL, NULL, '1997-05-17', '2012-09-01', NULL, 173, NULL, NULL, 'Cвідоцтво про базову загальну середню освіту XM 42', NULL, NULL, NULL, NULL, NULL, NULL, NULL, NULL, NULL, NULL, NULL, NULL, NULL, NULL, NULL, NULL, NULL, NULL, NULL, NULL, 64781, ' Свідоцтво: I-БB 052303 ', '3556609677'),
(383, '', 'Марусій', 'Олександр', 'Олександрович', 32, NULL, NULL, NULL, NULL, 0, NULL, NULL, NULL, '1997-10-30', '2012-09-01', NULL, 173, NULL, NULL, 'Cвідоцтво про базову загальну середню освіту XM 42', NULL, NULL, NULL, NULL, NULL, NULL, NULL, NULL, NULL, NULL, NULL, NULL, NULL, NULL, NULL, NULL, NULL, NULL, NULL, NULL, 30887, ' Свідоцтво: I-БB 061006 ', '3573205674'),
(384, '', 'Марчук', 'Андрій', 'Іванович', 29, NULL, NULL, NULL, NULL, 0, NULL, NULL, NULL, '1995-06-05', '2013-09-01', NULL, 0, NULL, NULL, 'Диплом кваліфікованого робітника XM 45054099', NULL, NULL, NULL, NULL, NULL, NULL, NULL, NULL, NULL, NULL, NULL, NULL, NULL, NULL, NULL, NULL, NULL, NULL, NULL, NULL, 2501450, 'Паспорт: HB 600918   ', '3485409830'),
(385, '', 'Маскевич', 'Ігор', 'Вікторович', 32, NULL, NULL, NULL, NULL, 0, NULL, NULL, NULL, '1996-10-04', '2012-09-01', NULL, 177, NULL, NULL, 'Cвідоцтво про базову загальну середню освіту XM 42', NULL, NULL, NULL, NULL, NULL, NULL, NULL, NULL, NULL, NULL, NULL, NULL, NULL, NULL, NULL, NULL, NULL, NULL, NULL, NULL, 309955, ' Свідоцтво: I-БB 007938 ', '3534109493'),
(386, '', 'Масловський', 'Олександр', 'Олександрович', 25, NULL, NULL, NULL, NULL, 0, NULL, NULL, NULL, '1997-12-31', '2013-09-01', NULL, 0, NULL, NULL, 'Cвідоцтво про базову загальну середню освіту XM 44', NULL, NULL, NULL, NULL, NULL, NULL, NULL, NULL, NULL, NULL, NULL, NULL, NULL, NULL, NULL, NULL, NULL, NULL, NULL, NULL, 2629785, ' Свідоцтво: I-БB 077122 ', '3579406236'),
(387, '', 'Матвієнко', 'Вадим', 'Анатолійович', 17, NULL, NULL, NULL, NULL, 0, NULL, NULL, NULL, '1996-06-04', '2011-09-01', NULL, 173, NULL, NULL, 'Cвідоцтво про базову загальну середню освіту XM 40', NULL, NULL, NULL, NULL, NULL, NULL, NULL, NULL, NULL, NULL, NULL, NULL, NULL, NULL, NULL, NULL, NULL, NULL, NULL, NULL, 995927, ' Свідоцтво: I-БB 265618 ', '3521909714'),
(388, '', 'Матусяк', 'Артем', 'Андрійович', 12, NULL, NULL, NULL, NULL, 0, NULL, NULL, NULL, '1998-06-07', '2013-09-01', NULL, 0, NULL, NULL, 'Cвідоцтво про базову загальну середню освіту XM 44', NULL, NULL, NULL, NULL, NULL, NULL, NULL, NULL, NULL, NULL, NULL, NULL, NULL, NULL, NULL, NULL, NULL, NULL, NULL, NULL, 2631370, ' Свідоцтво: I-БB 283744 ', '3595208811'),
(389, '', 'Маховська', 'Анастасія', 'Вікторівна', 26, NULL, NULL, NULL, NULL, 1, NULL, NULL, NULL, '1997-06-24', '2012-09-01', NULL, 173, NULL, NULL, 'Cвідоцтво про базову загальну середню освіту XM 42', NULL, NULL, NULL, NULL, NULL, NULL, NULL, NULL, NULL, NULL, NULL, NULL, NULL, NULL, NULL, NULL, NULL, NULL, NULL, NULL, 345425, ' Свідоцтво: I-БB 064319 ', '3560409742'),
(390, '', 'Мацюк', 'Дмитро', 'Віталійович', 11, NULL, NULL, NULL, NULL, 0, NULL, NULL, NULL, '1996-06-24', '2011-09-01', NULL, 175, NULL, NULL, 'Cвідоцтво про базову загальну середню освіту XM 40', NULL, NULL, NULL, NULL, NULL, NULL, NULL, NULL, NULL, NULL, NULL, NULL, NULL, NULL, NULL, NULL, NULL, NULL, NULL, NULL, 1840345, 'Паспорт: HB 646193   ', '3523911092'),
(391, '', 'Мацьков', 'Олександр', 'Петрович', 11, NULL, NULL, NULL, NULL, 0, NULL, NULL, NULL, '1995-12-28', '2011-09-01', NULL, 175, NULL, NULL, 'Cвідоцтво про базову загальну середню освіту XM 40', NULL, NULL, NULL, NULL, NULL, NULL, NULL, NULL, NULL, NULL, NULL, NULL, NULL, NULL, NULL, NULL, NULL, NULL, NULL, NULL, 1887906, 'Паспорт: HB 630550   ', '3506008838'),
(392, '', 'Мацьоха', 'Віталій', 'Леонтійович', 14, NULL, NULL, NULL, NULL, 0, NULL, NULL, NULL, '1997-09-11', '2012-09-01', NULL, 173, NULL, NULL, 'Cвідоцтво про базову загальну середню освіту XM 42', NULL, NULL, NULL, NULL, NULL, NULL, NULL, NULL, NULL, NULL, NULL, NULL, NULL, NULL, NULL, NULL, NULL, NULL, NULL, NULL, 329517, ' Свідоцтво: I-БB 070227 ', NULL),
(393, '', 'Мачковський', 'Павло', 'Володимирович', 6, NULL, NULL, NULL, NULL, 0, NULL, NULL, NULL, '1997-01-25', '2012-09-01', NULL, 0, NULL, NULL, 'Cвідоцтво про базову загальну середню освіту XM 42', NULL, NULL, NULL, NULL, NULL, NULL, NULL, NULL, NULL, NULL, NULL, NULL, NULL, NULL, NULL, NULL, NULL, NULL, NULL, NULL, 62418, ' Свідоцтво: I-БB 054651 ', '3545409195'),
(394, '', 'Мачульський', 'Олег', 'Сергійович', 25, NULL, NULL, NULL, NULL, 0, NULL, NULL, NULL, '1998-07-02', '2013-09-01', NULL, 0, NULL, NULL, 'Cвідоцтво про базову загальну середню освіту XM 44', NULL, NULL, NULL, NULL, NULL, NULL, NULL, NULL, NULL, NULL, NULL, NULL, NULL, NULL, NULL, NULL, NULL, NULL, NULL, NULL, 2636022, ' Свідоцтво: I-БB 280402 ', '3597709534'),
(395, '', 'Медус', 'Дмитро', 'Ігорович', 17, NULL, NULL, NULL, NULL, 0, NULL, NULL, NULL, '1995-10-23', '2011-09-01', NULL, 173, NULL, NULL, 'Cвідоцтво про базову загальну середню освіту XM 40', NULL, NULL, NULL, NULL, NULL, NULL, NULL, NULL, NULL, NULL, NULL, NULL, NULL, NULL, NULL, NULL, NULL, NULL, NULL, NULL, 1055603, ' Свідоцтво: I-БB 025440 ', '3499409617'),
(396, '', 'Медцовський', 'Олег', 'Вікторович', 11, NULL, NULL, NULL, NULL, 0, NULL, NULL, NULL, '1996-01-22', '2011-09-01', NULL, 173, NULL, NULL, 'Cвідоцтво про базову загальну середню освіту XM 40', NULL, NULL, NULL, NULL, NULL, NULL, NULL, NULL, NULL, NULL, NULL, NULL, NULL, NULL, NULL, NULL, NULL, NULL, NULL, NULL, 1840536, 'Паспорт: HB 629930   ', '3508509170'),
(397, '', 'Мелінчук', 'Олександр', 'Юрійович', 38, NULL, NULL, NULL, NULL, 0, NULL, NULL, NULL, '1996-07-15', '2011-09-01', NULL, 173, NULL, NULL, 'Cвідоцтво про базову загальну середню освіту XM 40', NULL, NULL, NULL, NULL, NULL, NULL, NULL, NULL, NULL, NULL, NULL, NULL, NULL, NULL, NULL, NULL, NULL, NULL, NULL, NULL, 2211851, 'Паспорт: HB 646194   ', '3526009490'),
(398, '', 'Мельник', 'Андрій', 'Валерійович', 35, NULL, NULL, NULL, NULL, 0, NULL, NULL, NULL, '1996-03-25', '2011-09-01', NULL, 173, NULL, NULL, 'Cвідоцтво про базову загальну середню освіту XM 40', NULL, NULL, NULL, NULL, NULL, NULL, NULL, NULL, NULL, NULL, NULL, NULL, NULL, NULL, NULL, NULL, NULL, NULL, NULL, NULL, 2180348, 'Паспорт: HB 639273   ', '3514810091'),
(399, '', 'Мельник', 'Андрій', 'Сергійович', 9, NULL, NULL, NULL, NULL, 0, NULL, NULL, NULL, '1997-09-13', '2013-09-01', NULL, 0, NULL, NULL, 'Cвідоцтво про базову загальну середню освіту XM 44', NULL, NULL, NULL, NULL, NULL, NULL, NULL, NULL, NULL, NULL, NULL, NULL, NULL, NULL, NULL, NULL, NULL, NULL, NULL, NULL, 2647007, ' Свідоцтво: I-БB 070188 ', '3568501392'),
(400, '', 'Мельник', 'Антон', 'Олегович', 13, NULL, NULL, NULL, NULL, 0, NULL, NULL, NULL, '1997-12-31', '2013-09-01', NULL, 0, NULL, NULL, 'Cвідоцтво про базову загальну середню освіту XM 44', NULL, NULL, NULL, NULL, NULL, NULL, NULL, NULL, NULL, NULL, NULL, NULL, NULL, NULL, NULL, NULL, NULL, NULL, NULL, NULL, 2790407, ' Свідоцтво: I-БB 077158 ', '3579406716'),
(401, '', 'Мельник', 'Максим', 'Олександрович', 29, NULL, NULL, NULL, NULL, 0, NULL, NULL, NULL, '1997-01-26', '2012-09-01', NULL, 173, NULL, NULL, 'Cвідоцтво про базову загальну середню освіту XM 42', NULL, NULL, NULL, NULL, NULL, NULL, NULL, NULL, NULL, NULL, NULL, NULL, NULL, NULL, NULL, NULL, NULL, NULL, NULL, NULL, 427149, ' Свідоцтво: I-БB 014883 ', NULL),
(402, '', 'Мельник', 'Олександр', 'Васильович', 17, NULL, NULL, NULL, NULL, 0, NULL, NULL, NULL, '1996-03-29', '2011-09-01', NULL, 173, NULL, NULL, 'Cвідоцтво про базову загальну середню освіту XM 40', NULL, NULL, NULL, NULL, NULL, NULL, NULL, NULL, NULL, NULL, NULL, NULL, NULL, NULL, NULL, NULL, NULL, NULL, NULL, NULL, 995697, ' Свідоцтво: I-БB 009270 ', '3515211016'),
(403, '', 'Мельничук', 'Дмитро', 'Сергійович', 15, NULL, NULL, NULL, NULL, 0, NULL, NULL, NULL, '1996-10-29', '2012-09-01', NULL, 173, NULL, NULL, 'Cвідоцтво про базову загальну середню освіту XM 42', NULL, NULL, NULL, NULL, NULL, NULL, NULL, NULL, NULL, NULL, NULL, NULL, NULL, NULL, NULL, NULL, NULL, NULL, NULL, NULL, 303189, ' Свідоцтво: I-БB 024483 ', '3536609077'),
(404, '', 'Мельничук', 'Євген', 'Ярославович', 13, NULL, NULL, NULL, NULL, 0, NULL, NULL, NULL, '1998-02-11', '2013-09-01', NULL, 0, NULL, NULL, 'Cвідоцтво про базову загальну середню освіту XM 44', NULL, NULL, NULL, NULL, NULL, NULL, NULL, NULL, NULL, NULL, NULL, NULL, NULL, NULL, NULL, NULL, NULL, NULL, NULL, NULL, 2761586, ' Свідоцтво: I-БB 077693 ', '358310032'),
(405, '', 'Мельничук', 'Олег', 'Володимирович', 38, NULL, NULL, NULL, NULL, 0, NULL, NULL, NULL, '1996-06-06', '2011-09-01', NULL, 173, NULL, NULL, 'Cвідоцтво про базову загальну середню освіту XM 40', NULL, NULL, NULL, NULL, NULL, NULL, NULL, NULL, NULL, NULL, NULL, NULL, NULL, NULL, NULL, NULL, NULL, NULL, NULL, NULL, 2211861, 'Паспорт: HB 646612   ', '3522110295'),
(406, '', 'Мельничук', 'Ярослав', 'Олегович', 12, NULL, NULL, NULL, NULL, 0, NULL, NULL, NULL, '1998-07-23', '2013-09-01', NULL, 0, NULL, NULL, 'Cвідоцтво про базову загальну середню освіту XM 44', NULL, NULL, NULL, NULL, NULL, NULL, NULL, NULL, NULL, NULL, NULL, NULL, NULL, NULL, NULL, NULL, NULL, NULL, NULL, NULL, 2492313, ' Свідоцтво: I-БB 287076 ', '3599809498'),
(407, '', 'Мельнік', 'Роман', 'Володимирович', 6, NULL, NULL, NULL, NULL, 0, NULL, NULL, NULL, '1997-07-01', '2012-09-01', NULL, 173, NULL, NULL, 'Cвідоцтво про базову загальну середню освіту XM 42', NULL, NULL, NULL, NULL, NULL, NULL, NULL, NULL, NULL, NULL, NULL, NULL, NULL, NULL, NULL, NULL, NULL, NULL, NULL, NULL, 7321, 'Паспорт: ME 650178 Свідоцтво: I-БB 018965 ', '3561109557'),
(408, '', 'Мерва', 'Марія', 'Вікторівна', 21, NULL, NULL, NULL, NULL, 1, NULL, NULL, NULL, '1998-08-10', '2013-09-01', NULL, 0, NULL, NULL, 'Cвідоцтво про базову загальну середню освіту XM 44', NULL, NULL, NULL, NULL, NULL, NULL, NULL, NULL, NULL, NULL, NULL, NULL, NULL, NULL, NULL, NULL, NULL, NULL, NULL, NULL, 2757954, ' Свідоцтво: I-БB 287339 ', NULL),
(409, '', 'Мех', 'Василь', 'Васильович', 32, NULL, NULL, NULL, NULL, 0, NULL, NULL, NULL, '1997-09-10', '2012-09-01', NULL, 173, NULL, NULL, 'Cвідоцтво про базову загальну середню освіту XM 42', NULL, NULL, NULL, NULL, NULL, NULL, NULL, NULL, NULL, NULL, NULL, NULL, NULL, NULL, NULL, NULL, NULL, NULL, NULL, NULL, 64153, ' Свідоцтво: I-БB 033970 ', NULL),
(410, '', 'Микитюк', 'Юлія', 'Олександрівна', 21, NULL, NULL, NULL, NULL, 1, NULL, NULL, NULL, '1998-07-12', '2013-09-01', NULL, 0, NULL, NULL, 'Cвідоцтво про базову загальну середню освіту XM 45', NULL, NULL, NULL, NULL, NULL, NULL, NULL, NULL, NULL, NULL, NULL, NULL, NULL, NULL, NULL, NULL, NULL, NULL, NULL, NULL, 2684924, ' Свідоцтво: I-БB 071379 ', '3598708400'),
(411, '', 'Милещук', 'Павло', 'Богданович', 36, NULL, NULL, NULL, NULL, 0, NULL, NULL, NULL, '1996-07-24', '2011-09-01', NULL, 173, NULL, NULL, 'Cвідоцтво про базову загальну середню освіту XM 40', NULL, NULL, NULL, NULL, NULL, NULL, NULL, NULL, NULL, NULL, NULL, NULL, NULL, NULL, NULL, NULL, NULL, NULL, NULL, NULL, 1291638, ' Свідоцтво: I-БB 046181 ', '3526903299'),
(412, '', 'Мирончук', 'Юрій', 'Володимирович', 24, NULL, NULL, NULL, NULL, 0, NULL, NULL, NULL, '1998-07-28', '2013-09-01', NULL, 103, NULL, NULL, 'Cвідоцтво про базову загальну середню освіту XM 44', NULL, NULL, NULL, NULL, NULL, NULL, NULL, NULL, NULL, NULL, NULL, NULL, NULL, NULL, NULL, NULL, NULL, NULL, NULL, NULL, 2630259, ' Свідоцтво: I-БB 052359 ', '3600309973'),
(413, '', 'Михайлик', 'Віктор', 'Вікторович', 7, NULL, NULL, NULL, NULL, 0, NULL, NULL, NULL, '1996-01-25', '2003-09-01', NULL, 0, NULL, NULL, 'Атестат про повну загальну середню освіту TA 44354', NULL, NULL, NULL, NULL, NULL, NULL, NULL, NULL, NULL, NULL, NULL, NULL, NULL, NULL, NULL, NULL, NULL, NULL, NULL, NULL, 2644772, 'Паспорт: KO 887014   ', NULL),
(414, '', 'Михальський', 'Максим', 'Анатолійович', 18, NULL, NULL, NULL, NULL, 0, NULL, NULL, NULL, '1996-05-30', '2011-09-01', NULL, 173, NULL, NULL, 'Cвідоцтво про базову загальну середню освіту XM 40', NULL, NULL, NULL, NULL, NULL, NULL, NULL, NULL, NULL, NULL, NULL, NULL, NULL, NULL, NULL, NULL, NULL, NULL, NULL, NULL, 1800640, 'Паспорт: HB 640025   ', '3521409938'),
(415, '', 'Михальчишин', 'Максим', 'Михайлович', 34, NULL, NULL, NULL, NULL, 0, NULL, NULL, NULL, '1995-02-13', '2012-09-01', NULL, 173, NULL, NULL, 'Атестат про повну загальну середню освіту XM 42582', NULL, NULL, NULL, NULL, NULL, NULL, NULL, NULL, NULL, NULL, NULL, NULL, NULL, NULL, NULL, NULL, NULL, NULL, NULL, NULL, 497499, 'Паспорт: HB 591095   ', NULL),
(416, '', 'Михальчук', 'Дмитро', 'Іванович', 7, NULL, NULL, NULL, NULL, 0, NULL, NULL, NULL, '1997-09-26', '2012-09-01', NULL, 175, NULL, NULL, 'Cвідоцтво про базову загальну середню освіту XM 42', NULL, NULL, NULL, NULL, NULL, NULL, NULL, NULL, NULL, NULL, NULL, NULL, NULL, NULL, NULL, NULL, NULL, NULL, NULL, NULL, 387129, ' Свідоцтво: I-БB 056008 ', '3569808091'),
(417, '', 'Мізерний', 'Євгеній', 'Володимирович', 22, NULL, NULL, NULL, NULL, 0, NULL, NULL, NULL, '1997-08-24', '2013-09-01', NULL, 0, NULL, NULL, 'Cвідоцтво про базову загальну середню освіту XM 44', NULL, NULL, NULL, NULL, NULL, NULL, NULL, NULL, NULL, NULL, NULL, NULL, NULL, NULL, NULL, NULL, NULL, NULL, NULL, NULL, 2680472, ' Свідоцтво: I-БB 064988 ', '3566510439'),
(418, '', 'Міхалець', 'Богдан', 'Володимирович', 24, NULL, NULL, NULL, NULL, 0, NULL, NULL, NULL, '1998-05-26', '2013-09-01', NULL, 0, NULL, NULL, 'Cвідоцтво про базову загальну середню освіту XM 44', NULL, NULL, NULL, NULL, NULL, NULL, NULL, NULL, NULL, NULL, NULL, NULL, NULL, NULL, NULL, NULL, NULL, NULL, NULL, NULL, 2750693, ' Свідоцтво: I-БB 067613 ', NULL),
(419, '', 'Міхалець', 'Роман', 'Володимирович', 24, NULL, NULL, NULL, NULL, 0, NULL, NULL, NULL, '1998-05-26', '2013-09-01', NULL, 0, NULL, NULL, 'Cвідоцтво про базову загальну середню освіту XM 44', NULL, NULL, NULL, NULL, NULL, NULL, NULL, NULL, NULL, NULL, NULL, NULL, NULL, NULL, NULL, NULL, NULL, NULL, NULL, NULL, 2751692, ' Свідоцтво: I-БB 067614 ', NULL),
(420, '', 'Міщук', 'Василь', 'Олександрович', 30, NULL, NULL, NULL, NULL, 0, NULL, NULL, NULL, '1996-01-14', '2003-09-01', NULL, 0, NULL, NULL, 'Атестат про повну загальну середню освіту XM 44566', NULL, NULL, NULL, NULL, NULL, NULL, NULL, NULL, NULL, NULL, NULL, NULL, NULL, NULL, NULL, NULL, NULL, NULL, NULL, NULL, 2748701, 'Паспорт: HB 647274   ', NULL),
(421, '', 'Мница', 'Роман', 'Сергійович', 29, NULL, NULL, NULL, NULL, 0, NULL, NULL, NULL, '1995-04-11', '2013-09-01', NULL, 0, NULL, NULL, 'Диплом кваліфікованого робітника XM 44748549', NULL, NULL, NULL, NULL, NULL, NULL, NULL, NULL, NULL, NULL, NULL, NULL, NULL, NULL, NULL, NULL, NULL, NULL, NULL, NULL, 2795894, 'Паспорт: HB 619179   ', '3479910534'),
(422, '', 'Молодніцький', 'Євгеній', 'Миколайович', 25, NULL, NULL, NULL, NULL, 0, NULL, NULL, NULL, '1997-03-12', '2013-09-01', NULL, 0, NULL, NULL, 'Cвідоцтво про базову загальну середню освіту XM 44', NULL, NULL, NULL, NULL, NULL, NULL, NULL, NULL, NULL, NULL, NULL, NULL, NULL, NULL, NULL, NULL, NULL, NULL, NULL, NULL, 2469040, 'Паспорт: HB 671069   ', '3550007573'),
(423, '', 'Молотай', 'Олег', 'Сергійович', 16, NULL, NULL, NULL, NULL, 0, NULL, NULL, NULL, '1995-06-13', '2003-09-01', NULL, 0, NULL, NULL, 'Атестат про повну загальну середню освіту XM 44564', NULL, NULL, NULL, NULL, NULL, NULL, NULL, NULL, NULL, NULL, NULL, NULL, NULL, NULL, NULL, NULL, NULL, NULL, NULL, NULL, 2810607, 'Паспорт: HB 602774   ', NULL),
(424, '', 'Момотюк', 'Дмитро', 'Володимирович', 32, NULL, NULL, NULL, NULL, 0, NULL, NULL, NULL, '1997-04-03', '2012-09-01', NULL, 173, NULL, NULL, 'Cвідоцтво про базову загальну середню освіту XM 42', NULL, NULL, NULL, NULL, NULL, NULL, NULL, NULL, NULL, NULL, NULL, NULL, NULL, NULL, NULL, NULL, NULL, NULL, NULL, NULL, 64027, ' Свідоцтво: I-БB 047555 ', '3552203874'),
(425, '', 'Моночков', 'Ігор', 'Олегович', 6, NULL, NULL, NULL, NULL, 0, NULL, NULL, NULL, '1996-10-01', '2012-09-01', NULL, 173, NULL, NULL, 'Cвідоцтво про базову загальну середню освіту XM 42', NULL, NULL, NULL, NULL, NULL, NULL, NULL, NULL, NULL, NULL, NULL, NULL, NULL, NULL, NULL, NULL, NULL, NULL, NULL, NULL, 16806, ' Свідоцтво: I-БB 046855 ', '3533804998'),
(426, '', 'Мороз', 'Андрій', 'Романович', 33, NULL, NULL, NULL, NULL, 0, NULL, NULL, NULL, '1996-01-19', '2011-09-01', NULL, 173, NULL, NULL, 'Cвідоцтво про базову загальну середню освіту XM 40', NULL, NULL, NULL, NULL, NULL, NULL, NULL, NULL, NULL, NULL, NULL, NULL, NULL, NULL, NULL, NULL, NULL, NULL, NULL, NULL, 2057098, ' Свідоцтво: I-БB 025989 ', '3508208795'),
(427, '', 'Мороз', 'Сергій', 'Сергійович', 23, NULL, NULL, NULL, NULL, 0, NULL, NULL, NULL, '1998-01-27', '2013-09-01', NULL, 0, NULL, NULL, 'Cвідоцтво про базову загальну середню освіту XM 44', NULL, NULL, NULL, NULL, NULL, NULL, NULL, NULL, NULL, NULL, NULL, NULL, NULL, NULL, NULL, NULL, NULL, NULL, NULL, NULL, 2764972, ' Свідоцтво: I-БB 093171 ', '3582103576'),
(428, '', 'Москальчук', 'Сергій', 'Олегович', 11, NULL, NULL, NULL, NULL, 0, NULL, NULL, NULL, '1996-09-07', '2011-09-01', NULL, 173, NULL, NULL, 'Cвідоцтво про базову загальну середню освіту XM 40', NULL, NULL, NULL, NULL, NULL, NULL, NULL, NULL, NULL, NULL, NULL, NULL, NULL, NULL, NULL, NULL, NULL, NULL, NULL, NULL, 1888135, ' Свідоцтво: I-БB 24726 ', '3531407750'),
(429, '', 'Мосьондз', 'Віталій', 'Олександрович', 10, NULL, NULL, NULL, NULL, 0, NULL, NULL, NULL, '1996-02-07', '2011-09-01', NULL, 173, NULL, NULL, 'Cвідоцтво про базову загальну середню освіту XM 40', NULL, NULL, NULL, NULL, NULL, NULL, NULL, NULL, NULL, NULL, NULL, NULL, NULL, NULL, NULL, NULL, NULL, NULL, NULL, NULL, 1774071, 'Паспорт: HB 630314   ', '3510106151'),
(430, '', 'Моцний', 'Юрій', 'Ігорович', 12, NULL, NULL, NULL, NULL, 0, NULL, NULL, NULL, '1998-02-09', '2013-09-01', NULL, 0, NULL, NULL, 'Cвідоцтво про базову загальну середню освіту XM 44', NULL, NULL, NULL, NULL, NULL, NULL, NULL, NULL, NULL, NULL, NULL, NULL, NULL, NULL, NULL, NULL, NULL, NULL, NULL, NULL, 2552425, ' Свідоцтво: I-БB 077685 ', '3583404118'),
(431, '', 'Мудрик', 'Назарій', 'Олександрович', 25, NULL, NULL, NULL, NULL, 0, NULL, NULL, NULL, '1998-09-09', '2013-09-01', NULL, 0, NULL, NULL, 'Cвідоцтво про базову загальну середню освіту XM 44', NULL, NULL, NULL, NULL, NULL, NULL, NULL, NULL, NULL, NULL, NULL, NULL, NULL, NULL, NULL, NULL, NULL, NULL, NULL, NULL, 2463624, ' Свідоцтво: I-БB 072740 ', NULL),
(432, '', 'Мудь', 'Дмитро', 'Валерійович', 34, NULL, NULL, NULL, NULL, 0, NULL, NULL, NULL, '1996-06-17', '2011-09-01', NULL, 161, NULL, NULL, 'Cвідоцтво про базову загальну середню освіту XM 40', NULL, NULL, NULL, NULL, NULL, NULL, NULL, NULL, NULL, NULL, NULL, NULL, NULL, NULL, NULL, NULL, NULL, NULL, NULL, NULL, 1134462, ' Свідоцтво: I-БB 044870 ', '3523208856'),
(433, '', 'Муляр', 'Роман', 'Володимирович', 34, NULL, NULL, NULL, NULL, 0, NULL, NULL, NULL, '1996-07-23', '2011-09-01', NULL, 161, NULL, NULL, 'Cвідоцтво про базову загальну середню освіту XM 40', NULL, NULL, NULL, NULL, NULL, NULL, NULL, NULL, NULL, NULL, NULL, NULL, NULL, NULL, NULL, NULL, NULL, NULL, NULL, NULL, 1134805, ' Свідоцтво: I-БB 018474 ', '3526810176'),
(434, '', 'Мурах', 'Богдан', 'Ростилавович', 13, NULL, NULL, NULL, NULL, 0, NULL, NULL, NULL, '1998-04-07', '2013-09-01', NULL, 0, NULL, NULL, 'Cвідоцтво про базову загальну середню освіту XM 44', NULL, NULL, NULL, NULL, NULL, NULL, NULL, NULL, NULL, NULL, NULL, NULL, NULL, NULL, NULL, NULL, NULL, NULL, NULL, NULL, 2669097, ' Свідоцтво: I-БB 048144 ', '3589103795'),
(435, '', 'Мушей', 'Богдан', 'Васильович', 16, NULL, NULL, NULL, NULL, 0, NULL, NULL, NULL, '1995-12-09', '2003-09-01', NULL, 269, NULL, NULL, 'Атестат про повну загальну середню освіту XM 44563', NULL, NULL, NULL, NULL, NULL, NULL, NULL, NULL, NULL, NULL, NULL, NULL, NULL, NULL, NULL, NULL, NULL, NULL, NULL, NULL, 2786577, 'Паспорт: HB 655630   ', NULL),
(436, '', 'М''якотін', 'Владислав', 'Романович', 28, NULL, NULL, NULL, NULL, 0, NULL, NULL, NULL, '1997-04-17', '2012-09-01', NULL, 173, NULL, NULL, 'Cвідоцтво про базову загальну середню освіту XM 42', NULL, NULL, NULL, NULL, NULL, NULL, NULL, NULL, NULL, NULL, NULL, NULL, NULL, NULL, NULL, NULL, NULL, NULL, NULL, NULL, 64463, ' Свідоцтво: II-БK 313794 ', '3553602059'),
(437, '', 'М''ясников', 'Дмитро', 'Григорович', 7, NULL, NULL, NULL, NULL, 0, NULL, NULL, NULL, '1996-11-08', '2012-09-01', NULL, 173, NULL, NULL, 'Cвідоцтво про базову загальну середню освіту XM 42', NULL, NULL, NULL, NULL, NULL, NULL, NULL, NULL, NULL, NULL, NULL, NULL, NULL, NULL, NULL, NULL, NULL, NULL, NULL, NULL, 461919, ' Свідоцтво: I-БB 054193 ', '3537603374'),
(438, '', 'Нагорянський', 'Олег', 'Олегович', 7, NULL, NULL, NULL, NULL, 0, NULL, NULL, NULL, '1997-11-24', '2012-09-01', NULL, 173, NULL, NULL, 'Cвідоцтво про базову загальну середню освіту XM 42', NULL, NULL, NULL, NULL, NULL, NULL, NULL, NULL, NULL, NULL, NULL, NULL, NULL, NULL, NULL, NULL, NULL, NULL, NULL, NULL, 379320, ' Свідоцтво: I-БB 055852 ', '3575705470'),
(439, '', 'Назарець', 'Владислав', 'Ярославович', 18, NULL, NULL, NULL, NULL, 0, NULL, NULL, NULL, '1996-10-22', '2011-09-01', NULL, 173, NULL, NULL, 'Cвідоцтво про базову загальну середню освіту XM 40', NULL, NULL, NULL, NULL, NULL, NULL, NULL, NULL, NULL, NULL, NULL, NULL, NULL, NULL, NULL, NULL, NULL, NULL, NULL, NULL, 1800972, ' Свідоцтво: I-БB 054036 ', '3535907470'),
(440, '', 'Назарчук', 'Роман', 'Олександрович', 15, NULL, NULL, NULL, NULL, 0, NULL, NULL, NULL, '1997-05-19', '2012-09-01', NULL, 173, NULL, NULL, 'Cвідоцтво про базову загальну середню освіту XM 42', NULL, NULL, NULL, NULL, NULL, NULL, NULL, NULL, NULL, NULL, NULL, NULL, NULL, NULL, NULL, NULL, NULL, NULL, NULL, NULL, 525060, ' Свідоцтво: I-БB 064094 ', '3556809896'),
(441, '', 'Наконечна', 'Катерина', 'Олександрівна', 26, NULL, NULL, NULL, NULL, 1, NULL, NULL, NULL, '1997-01-13', '2012-09-01', NULL, 180, NULL, NULL, 'Cвідоцтво про базову загальну середню освіту XM 42', NULL, NULL, NULL, NULL, NULL, NULL, NULL, NULL, NULL, NULL, NULL, NULL, NULL, NULL, NULL, NULL, NULL, NULL, NULL, NULL, 63835, ' Свідоцтво: I-БB 054595 ', '3544208641'),
(442, '', 'Наконечний', 'Ілля', 'Олександрович', 7, NULL, NULL, NULL, NULL, 0, NULL, NULL, NULL, '1997-08-02', '2012-09-01', NULL, 173, NULL, NULL, 'Cвідоцтво про базову загальну середню освіту XM 42', NULL, NULL, NULL, NULL, NULL, NULL, NULL, NULL, NULL, NULL, NULL, NULL, NULL, NULL, NULL, NULL, NULL, NULL, NULL, NULL, 62475, ' Свідоцтво: I-БB 126950 ', '3564306071'),
(443, '', 'Наконечний', 'Роман', 'Олександрович', 6, NULL, NULL, NULL, NULL, 0, NULL, NULL, NULL, '1997-06-17', '2012-09-01', NULL, 173, NULL, NULL, 'Cвідоцтво про базову загальну середню освіту XM 42', NULL, NULL, NULL, NULL, NULL, NULL, NULL, NULL, NULL, NULL, NULL, NULL, NULL, NULL, NULL, NULL, NULL, NULL, NULL, NULL, 62352, ' Свідоцтво: I-БB 064344 ', '3559708477'),
(444, '', 'Наумов', 'Віталій', 'Сергійович', 17, NULL, NULL, NULL, NULL, 0, NULL, NULL, NULL, '1996-07-06', '2011-09-01', NULL, 173, NULL, NULL, 'Cвідоцтво про базову загальну середню освіту XM 40', NULL, NULL, NULL, NULL, NULL, NULL, NULL, NULL, NULL, NULL, NULL, NULL, NULL, NULL, NULL, NULL, NULL, NULL, NULL, NULL, 995312, ' Свідоцтво: I-БB 014522 ', '3525109531'),
(445, '', 'Небеснюк', 'Юрій', 'Іванович', 37, NULL, NULL, NULL, NULL, 0, NULL, NULL, NULL, '1996-05-06', '2011-09-01', NULL, 173, NULL, NULL, 'Cвідоцтво про базову загальну середню освіту XM 40', NULL, NULL, NULL, NULL, NULL, NULL, NULL, NULL, NULL, NULL, NULL, NULL, NULL, NULL, NULL, NULL, NULL, NULL, NULL, NULL, 2205287, 'Паспорт: HB 639231   ', NULL),
(446, '', 'Недайвода', 'Костянтин', 'Борисович', 32, NULL, NULL, NULL, NULL, 0, NULL, NULL, NULL, '1997-06-18', '2012-09-01', NULL, 173, NULL, NULL, 'Cвідоцтво про базову загальну середню освіту CK 42', NULL, NULL, NULL, NULL, NULL, NULL, NULL, NULL, NULL, NULL, NULL, NULL, NULL, NULL, NULL, NULL, NULL, NULL, NULL, NULL, 428675, ' Свідоцтво: I-ЖД 106040 ', '3559811156'),
(447, '', 'Недял', 'Іван', 'Анатолійович', 28, NULL, NULL, NULL, NULL, 0, NULL, NULL, NULL, '1996-10-08', '2012-09-01', NULL, 173, NULL, NULL, 'Cвідоцтво про базову загальну середню освіту XM 42', NULL, NULL, NULL, NULL, NULL, NULL, NULL, NULL, NULL, NULL, NULL, NULL, NULL, NULL, NULL, NULL, NULL, NULL, NULL, NULL, 387641, ' Свідоцтво: I-БB 031385 ', '3534510339'),
(448, '', 'Ненашко', 'Володимир', 'Вадимович', 7, NULL, NULL, NULL, NULL, 0, NULL, NULL, NULL, '1997-02-07', '2012-09-01', NULL, 173, NULL, NULL, 'Cвідоцтво про базову загальну середню освіту XM 42', NULL, NULL, NULL, NULL, NULL, NULL, NULL, NULL, NULL, NULL, NULL, NULL, NULL, NULL, NULL, NULL, NULL, NULL, NULL, NULL, 130994, ' Свідоцтво: I-БB 054987 ', '3546703294');
INSERT INTO `student` (`id`, `code`, `last_name`, `first_name`, `middle_name`, `group_id`, `phone_number`, `mobile_number`, `mother_name`, `father_name`, `gender`, `official_address`, `characteristics`, `factual_address`, `birth_date`, `admission_date`, `tuition_payment`, `admission_order_number`, `admission_semester`, `entry_exams`, `education_document`, `contract`, `math_mark`, `ua_language_mark`, `mother_workplace`, `mother_position`, `mother_workphone`, `mother_boss_workphone`, `father_workplace`, `father_position`, `father_workphone`, `father_boss_workphone`, `graduated`, `graduation_date`, `graduation_basis`, `graduation_semester`, `graduation_order_number`, `diploma`, `direction`, `misc_data`, `hobby`, `sseed_id`, `document`, `identification_code`) VALUES
(449, '', 'Нестеров', 'Олександр', 'Олександрович', 23, NULL, NULL, NULL, NULL, 0, NULL, NULL, NULL, '1998-02-18', '2013-09-01', NULL, 0, NULL, NULL, 'Cвідоцтво про базову загальну середню освіту XM 44', NULL, NULL, NULL, NULL, NULL, NULL, NULL, NULL, NULL, NULL, NULL, NULL, NULL, NULL, NULL, NULL, NULL, NULL, NULL, NULL, 2505365, ' Свідоцтво: I-KГ 042580 ', '3584308376'),
(450, '', 'Нестерова', 'Олена', 'Олександрівна', 33, NULL, NULL, NULL, NULL, 1, NULL, NULL, NULL, '1995-12-30', '2011-09-01', NULL, 173, NULL, NULL, 'Cвідоцтво про базову загальну середню освіту XM 40', NULL, NULL, NULL, NULL, NULL, NULL, NULL, NULL, NULL, NULL, NULL, NULL, NULL, NULL, NULL, NULL, NULL, NULL, NULL, NULL, 2057126, ' Свідоцтво: I-KГ 046659 ', '3506205364'),
(451, '', 'Нечипорук', 'Катерина', 'Олександрівна', 33, NULL, NULL, NULL, NULL, 1, NULL, NULL, NULL, '1995-12-19', '2011-09-01', NULL, 173, NULL, NULL, 'Cвідоцтво про базову загальну середню освіту XM 40', NULL, NULL, NULL, NULL, NULL, NULL, NULL, NULL, NULL, NULL, NULL, NULL, NULL, NULL, NULL, NULL, NULL, NULL, NULL, NULL, 2057142, ' Свідоцтво: I-БB 023300 ', '3505108125'),
(452, '', 'Нечипорук', 'Микола', 'Васильович', 16, NULL, NULL, NULL, NULL, 0, NULL, NULL, NULL, '1995-08-14', '2013-09-01', NULL, 9, NULL, NULL, 'Диплом кваліфікованого робітника XM 45055918', NULL, NULL, NULL, NULL, NULL, NULL, NULL, NULL, NULL, NULL, NULL, NULL, NULL, NULL, NULL, NULL, NULL, NULL, NULL, NULL, 2468474, 'Паспорт: HB 617637   ', '3492406693'),
(453, '', 'Нємова', 'Олена', 'Андріївна', 6, NULL, NULL, NULL, NULL, 1, NULL, NULL, NULL, '1997-05-20', '2012-09-01', NULL, 173, NULL, NULL, 'Cвідоцтво про базову загальну середню освіту XM 42', NULL, NULL, NULL, NULL, NULL, NULL, NULL, NULL, NULL, NULL, NULL, NULL, NULL, NULL, NULL, NULL, NULL, NULL, NULL, NULL, 62483, ' Свідоцтво: I-БB 064028 ', '3556909462'),
(454, '', 'Никифоров', 'Андрій', 'Васильович', 8, NULL, NULL, NULL, NULL, 0, NULL, NULL, NULL, '1998-05-29', '2013-09-01', NULL, 0, NULL, NULL, 'Cвідоцтво про базову загальну середню освіту XM 44', NULL, NULL, NULL, NULL, NULL, NULL, NULL, NULL, NULL, NULL, NULL, NULL, NULL, NULL, NULL, NULL, NULL, NULL, NULL, NULL, 2494845, ' Свідоцтво: I-БB 283649 ', '3594308319'),
(455, '', 'Ніколенко', 'Марина', 'Андріївна', 33, NULL, NULL, NULL, NULL, 1, NULL, NULL, NULL, '1995-08-20', '2011-09-01', NULL, 173, NULL, NULL, 'Cвідоцтво про базову загальну середню освіту HK 40', NULL, NULL, NULL, NULL, NULL, NULL, NULL, NULL, NULL, NULL, NULL, NULL, NULL, NULL, NULL, NULL, NULL, NULL, NULL, NULL, 2058966, ' Свідоцтво: I-БB 077308 ', '3493005985'),
(456, '', 'Нікулін', 'Іван', 'Олександрович', 30, NULL, NULL, NULL, NULL, 0, NULL, NULL, NULL, '1995-10-29', '2013-09-01', NULL, 314, NULL, NULL, 'Диплом кваліфікованого робітника XM 45056913', NULL, NULL, NULL, NULL, NULL, NULL, NULL, NULL, NULL, NULL, NULL, NULL, NULL, NULL, NULL, NULL, NULL, NULL, NULL, NULL, 2796007, 'Паспорт: HB 623363   ', '3500003530'),
(457, '', 'Ніненко', 'Кир', 'Геннадійович', 23, NULL, NULL, NULL, NULL, 0, NULL, NULL, NULL, '1997-12-21', '2013-09-01', NULL, 0, NULL, NULL, 'Cвідоцтво про базову загальну середню освіту XM 44', NULL, NULL, NULL, NULL, NULL, NULL, NULL, NULL, NULL, NULL, NULL, NULL, NULL, NULL, NULL, NULL, NULL, NULL, NULL, NULL, 2505623, ' Свідоцтво: I-БB 141803 ', '3578407576'),
(458, '', 'Новацький', 'Олег', 'Валерійович', 8, NULL, NULL, NULL, NULL, 0, NULL, NULL, NULL, '1998-01-15', '2013-09-01', NULL, 0, NULL, NULL, 'Cвідоцтво про базову загальну середню освіту XM 44', NULL, NULL, NULL, NULL, NULL, NULL, NULL, NULL, NULL, NULL, NULL, NULL, NULL, NULL, NULL, NULL, NULL, NULL, NULL, NULL, 2750352, ' Свідоцтво: I-БB 050443 ', '3580909351'),
(459, '', 'Новіков', 'Олександр', 'Віталійович', 37, NULL, NULL, NULL, NULL, 0, NULL, NULL, NULL, '1996-07-21', '2011-09-01', NULL, 173, NULL, NULL, 'Cвідоцтво про базову загальну середню освіту XM 40', NULL, NULL, NULL, NULL, NULL, NULL, NULL, NULL, NULL, NULL, NULL, NULL, NULL, NULL, NULL, NULL, NULL, NULL, NULL, NULL, 2205289, 'Паспорт: HB 646373   ', '3526607634'),
(460, '', 'Новожилов', 'Артем', 'Анатолійович', 23, NULL, NULL, NULL, NULL, 0, NULL, NULL, NULL, '1997-07-30', '2013-09-01', NULL, 0, NULL, NULL, 'Cвідоцтво про базову загальну середню освіту XM 44', NULL, NULL, NULL, NULL, NULL, NULL, NULL, NULL, NULL, NULL, NULL, NULL, NULL, NULL, NULL, NULL, NULL, NULL, NULL, NULL, 2733427, ' Свідоцтво: I-БB 064564 ', '3564011397'),
(461, '', 'Новосядлий', 'Андрій', 'Миколайович', 24, NULL, NULL, NULL, NULL, 0, NULL, NULL, NULL, '1998-01-08', '2013-09-01', NULL, 0, NULL, NULL, 'Cвідоцтво про базову загальну середню освіту XM 44', NULL, NULL, NULL, NULL, NULL, NULL, NULL, NULL, NULL, NULL, NULL, NULL, NULL, NULL, NULL, NULL, NULL, NULL, NULL, NULL, 2435258, ' Свідоцтво: I-БB 040732 ', '3580208696'),
(462, '', 'Облапінська', 'Анастасія', 'Володимирівна', 21, NULL, NULL, NULL, NULL, 1, NULL, NULL, NULL, '1998-10-21', '2013-09-01', NULL, 0, NULL, NULL, 'Cвідоцтво про базову загальну середню освіту XM 44', NULL, NULL, NULL, NULL, NULL, NULL, NULL, NULL, NULL, NULL, NULL, NULL, NULL, NULL, NULL, NULL, NULL, NULL, NULL, NULL, 2614423, ' Свідоцтво: I-БB 287980 ', '3608801243'),
(463, '', 'Овод', 'Валерія', 'Едуардівна', 22, NULL, NULL, NULL, NULL, 1, NULL, NULL, NULL, '1998-01-12', '2013-09-01', NULL, 0, NULL, NULL, 'Cвідоцтво про базову загальну середню освіту XM 44', NULL, NULL, NULL, NULL, NULL, NULL, NULL, NULL, NULL, NULL, NULL, NULL, NULL, NULL, NULL, NULL, NULL, NULL, NULL, NULL, 2557265, ' Свідоцтво: I-БB 077450 ', '3580609344'),
(464, '', 'Одокій', 'Олександр', 'Вікторович', 15, NULL, NULL, NULL, NULL, 0, NULL, NULL, NULL, '1995-12-26', '2012-09-01', NULL, 173, NULL, NULL, 'Cвідоцтво про базову загальну середню освіту XM 40', NULL, NULL, NULL, NULL, NULL, NULL, NULL, NULL, NULL, NULL, NULL, NULL, NULL, NULL, NULL, NULL, NULL, NULL, NULL, NULL, 386677, 'Паспорт: HB 634079   ', '3505810035'),
(465, '', 'Оксентюк', 'Олена', 'Миколаївна', 33, NULL, NULL, NULL, NULL, 1, NULL, NULL, NULL, '1996-05-07', '2011-09-01', NULL, 173, NULL, NULL, 'Cвідоцтво про базову загальну середню освіту XM 40', NULL, NULL, NULL, NULL, NULL, NULL, NULL, NULL, NULL, NULL, NULL, NULL, NULL, NULL, NULL, NULL, NULL, NULL, NULL, NULL, 2061995, ' Свідоцтво: I-БB 029648 ', '3519109603'),
(466, '', 'Олійник', 'Богдан', 'Володимирович', 9, NULL, NULL, NULL, NULL, 0, NULL, NULL, NULL, '1997-10-08', '2013-09-01', NULL, 41, NULL, NULL, 'Cвідоцтво про базову загальну середню освіту XM 44', NULL, NULL, NULL, NULL, NULL, NULL, NULL, NULL, NULL, NULL, NULL, NULL, NULL, NULL, NULL, NULL, NULL, NULL, NULL, NULL, 2495657, ' Свідоцтво: I-БB 042442 ', '3571010798'),
(467, '', 'Олійник', 'Дмитро', 'Анатолійович', 35, NULL, NULL, NULL, NULL, 0, NULL, NULL, NULL, '1995-10-17', '2011-09-01', NULL, 173, NULL, NULL, 'Cвідоцтво про базову загальну середню освіту XM 40', NULL, NULL, NULL, NULL, NULL, NULL, NULL, NULL, NULL, NULL, NULL, NULL, NULL, NULL, NULL, NULL, NULL, NULL, NULL, NULL, 2180351, 'Паспорт: HB 616500   ', '3498809450'),
(468, '', 'Оліщук', 'Сергій', 'Олександрович', 22, NULL, NULL, NULL, NULL, 0, NULL, NULL, NULL, '1998-03-03', '2013-09-01', NULL, 0, NULL, NULL, 'Cвідоцтво про базову загальну середню освіту XM 44', NULL, NULL, NULL, NULL, NULL, NULL, NULL, NULL, NULL, NULL, NULL, NULL, NULL, NULL, NULL, NULL, NULL, NULL, NULL, NULL, 2525683, ' Свідоцтво: I-БB 049908 ', '3585608937'),
(469, '', 'Олянський', 'Олег', 'Юрійович', 24, NULL, NULL, NULL, NULL, 0, NULL, NULL, NULL, '1998-03-24', '2013-09-01', NULL, 0, NULL, NULL, 'Cвідоцтво про базову загальну середню освіту XM 55', NULL, NULL, NULL, NULL, NULL, NULL, NULL, NULL, NULL, NULL, NULL, NULL, NULL, NULL, NULL, NULL, NULL, NULL, NULL, NULL, 2491185, ' Свідоцтво: I-БB 074277 ', '3587710613'),
(470, '', 'Омельчук', 'Валентин', 'Валерійович', 30, NULL, NULL, NULL, NULL, 0, NULL, NULL, NULL, '1996-06-08', '2003-09-01', NULL, 0, NULL, NULL, 'Атестат про повну загальну середню освіту XM 44564', NULL, NULL, NULL, NULL, NULL, NULL, NULL, NULL, NULL, NULL, NULL, NULL, NULL, NULL, NULL, NULL, NULL, NULL, NULL, NULL, 2540942, 'Паспорт: HB 634970   ', NULL),
(471, '', 'Онуфрієнко', 'Дмитро', 'Русланович', 15, NULL, NULL, NULL, NULL, 0, NULL, NULL, NULL, '1996-12-02', '2012-09-01', NULL, 173, NULL, NULL, 'Cвідоцтво про базову загальну середню освіту XM 42', NULL, NULL, NULL, NULL, NULL, NULL, NULL, NULL, NULL, NULL, NULL, NULL, NULL, NULL, NULL, NULL, NULL, NULL, NULL, NULL, 425768, ' Свідоцтво: I-БB 054527 ', '3540009856'),
(472, '', 'Орехівський', 'Сергій', 'Вікторович', 34, NULL, NULL, NULL, NULL, 0, NULL, NULL, NULL, '1995-05-31', '2012-09-01', NULL, 173, NULL, NULL, 'Атестат про повну загальну середню освіту XM 42583', NULL, NULL, NULL, NULL, NULL, NULL, NULL, NULL, NULL, NULL, NULL, NULL, NULL, NULL, NULL, NULL, NULL, NULL, NULL, NULL, 764965, 'Паспорт: HB 608860   ', NULL),
(473, '', 'Орлов', 'Олександр', 'Олександрович', 6, NULL, NULL, NULL, NULL, 0, NULL, NULL, NULL, '1996-11-14', '2012-09-01', NULL, 173, NULL, NULL, 'Cвідоцтво про базову загальну середню освіту XM 43', NULL, NULL, NULL, NULL, NULL, NULL, NULL, NULL, NULL, NULL, NULL, NULL, NULL, NULL, NULL, NULL, NULL, NULL, NULL, NULL, 131209, ' Свідоцтво: I-БB 054133 ', '3538205716'),
(474, '', 'Орловський', 'Ярослав', 'Олександрович', 15, NULL, NULL, NULL, NULL, 0, NULL, NULL, NULL, '1996-12-29', '2012-09-01', NULL, 173, NULL, NULL, 'Cвідоцтво про базову загальну середню освіту XM 42', NULL, NULL, NULL, NULL, NULL, NULL, NULL, NULL, NULL, NULL, NULL, NULL, NULL, NULL, NULL, NULL, NULL, NULL, NULL, NULL, 425861, ' Свідоцтво: I-БB 054557 ', '3542703876'),
(475, '', 'Осадчий', 'Сергій', 'Іванович', 23, NULL, NULL, NULL, NULL, 0, NULL, NULL, NULL, '1998-03-25', '2013-09-01', NULL, 0, NULL, NULL, 'Cвідоцтво про базову загальну середню освіту XM 44', NULL, NULL, NULL, NULL, NULL, NULL, NULL, NULL, NULL, NULL, NULL, NULL, NULL, NULL, NULL, NULL, NULL, NULL, NULL, NULL, 2746940, ' Свідоцтво: I-БB 059149 ', '358780296'),
(476, '', 'Осанюк', 'Вадим', 'Петрович', 38, NULL, NULL, NULL, NULL, 0, NULL, NULL, NULL, '1996-03-22', '2011-09-01', NULL, 173, NULL, NULL, 'Cвідоцтво про базову загальну середню освіту XM 40', NULL, NULL, NULL, NULL, NULL, NULL, NULL, NULL, NULL, NULL, NULL, NULL, NULL, NULL, NULL, NULL, NULL, NULL, NULL, NULL, 2211873, 'Паспорт: HB 644857   ', '3514510137'),
(477, '', 'Остапчук', 'Андрій', 'Вікторович', 23, NULL, NULL, NULL, NULL, 0, NULL, NULL, NULL, '1998-01-29', '2013-09-01', NULL, 0, NULL, NULL, 'Cвідоцтво про базову загальну середню освіту XM 44', NULL, NULL, NULL, NULL, NULL, NULL, NULL, NULL, NULL, NULL, NULL, NULL, NULL, NULL, NULL, NULL, NULL, NULL, NULL, NULL, 2691970, ' Свідоцтво: I-БB 063674 ', '3582306839'),
(478, '', 'Ощепков', 'Віктор', 'Сергійович', 8, NULL, NULL, NULL, NULL, 0, NULL, NULL, NULL, '1998-05-10', '2013-09-01', NULL, 0, NULL, NULL, 'Cвідоцтво про базову загальну середню освіту XM 44', NULL, NULL, NULL, NULL, NULL, NULL, NULL, NULL, NULL, NULL, NULL, NULL, NULL, NULL, NULL, NULL, NULL, NULL, NULL, NULL, 2616738, ' Свідоцтво: I-БB 283552 ', NULL),
(479, '', 'Паєнк', 'Юлія', 'Станіславівна', 27, NULL, NULL, NULL, NULL, 1, NULL, NULL, NULL, '1997-06-12', '2012-09-01', NULL, 173, NULL, NULL, 'Cвідоцтво про базову загальну середню освіту XM 42', NULL, NULL, NULL, NULL, NULL, NULL, NULL, NULL, NULL, NULL, NULL, NULL, NULL, NULL, NULL, NULL, NULL, NULL, NULL, NULL, 171259, ' Свідоцтво: I-БB 064165 ', '3559209426'),
(480, '', 'Паламар', 'Артем', 'Сергійович', 38, NULL, NULL, NULL, NULL, 0, NULL, NULL, NULL, '1996-03-13', '2011-09-01', NULL, 173, NULL, NULL, 'Cвідоцтво про базову загальну середню освіту XM 40', NULL, NULL, NULL, NULL, NULL, NULL, NULL, NULL, NULL, NULL, NULL, NULL, NULL, NULL, NULL, NULL, NULL, NULL, NULL, NULL, 2211878, 'Паспорт: HB 630202   ', '3513611119'),
(481, '', 'Палесіка', 'Євген', 'Олександрович', 7, NULL, NULL, NULL, NULL, 0, NULL, NULL, NULL, '1996-08-06', '2012-09-01', NULL, 179, NULL, NULL, 'Cвідоцтво про базову загальну середню освіту XM 42', NULL, NULL, NULL, NULL, NULL, NULL, NULL, NULL, NULL, NULL, NULL, NULL, NULL, NULL, NULL, NULL, NULL, NULL, NULL, NULL, 426485, ' Свідоцтво: I-ФП 063953 ', '3528213354'),
(482, '', 'Панчук', 'Віталій', 'В''ячеславович', 6, NULL, NULL, NULL, NULL, 0, NULL, NULL, NULL, '1997-03-30', '2012-09-01', NULL, 173, NULL, NULL, 'Cвідоцтво про базову загальну середню освіту XM 43', NULL, NULL, NULL, NULL, NULL, NULL, NULL, NULL, NULL, NULL, NULL, NULL, NULL, NULL, NULL, NULL, NULL, NULL, NULL, NULL, 329789, ' Свідоцтво: I-БB 060372 ', NULL),
(483, '', 'Панчук', 'Сергій', 'Юрійович', 23, NULL, NULL, NULL, NULL, 0, NULL, NULL, NULL, '1998-07-30', '2013-09-01', NULL, 0, NULL, NULL, 'Cвідоцтво про базову загальну середню освіту XM 44', NULL, NULL, NULL, NULL, NULL, NULL, NULL, NULL, NULL, NULL, NULL, NULL, NULL, NULL, NULL, NULL, NULL, NULL, NULL, NULL, 2622469, ' Свідоцтво: I-БB 073577 ', '3600508831'),
(484, '', 'Парацій', 'Василь', 'Остапович', 22, NULL, NULL, NULL, NULL, 0, NULL, NULL, NULL, '1998-10-16', '2013-09-01', NULL, 82, NULL, NULL, 'Cвідоцтво про базову загальну середню освіту XM 44', NULL, NULL, NULL, NULL, NULL, NULL, NULL, NULL, NULL, NULL, NULL, NULL, NULL, NULL, NULL, NULL, NULL, NULL, NULL, NULL, 2503513, ' Свідоцтво: I-ИД 005234 ', '3608306270'),
(485, '', 'Парова', 'Тетяна', 'Миколаївна', 7, NULL, NULL, NULL, NULL, 1, NULL, NULL, NULL, '1995-11-24', '2003-09-01', NULL, 0, NULL, NULL, 'Атестат про повну загальну середню освіту XM 44566', NULL, NULL, NULL, NULL, NULL, NULL, NULL, NULL, NULL, NULL, NULL, NULL, NULL, NULL, NULL, NULL, NULL, NULL, NULL, NULL, 2587741, '   ', NULL),
(486, '', 'Парой', 'Роман', 'Юрійович', 14, NULL, NULL, NULL, NULL, 0, NULL, NULL, NULL, '1997-05-24', '2012-09-01', NULL, 13, NULL, NULL, 'Cвідоцтво про базову загальну середню освіту XM 42', NULL, NULL, NULL, NULL, NULL, NULL, NULL, NULL, NULL, NULL, NULL, NULL, NULL, NULL, NULL, NULL, NULL, NULL, NULL, NULL, 426076, ' Свідоцтво: I-БB 037420 ', '3557308336'),
(487, '', 'Партасюк', 'Андрій', 'Віталійович', 13, NULL, NULL, NULL, NULL, 0, NULL, NULL, NULL, '1998-07-08', '2013-09-01', NULL, 0, NULL, NULL, 'Cвідоцтво про базову загальну середню освіту XM 44', NULL, NULL, NULL, NULL, NULL, NULL, NULL, NULL, NULL, NULL, NULL, NULL, NULL, NULL, NULL, NULL, NULL, NULL, NULL, NULL, 2692170, ' Свідоцтво: I-БB 065796 ', NULL),
(488, '', 'Пасічник', 'Віталій', 'Анатолійович', 28, NULL, NULL, NULL, NULL, 0, NULL, NULL, NULL, '1997-09-10', '2012-09-01', NULL, 173, NULL, NULL, 'Cвідоцтво про базову загальну середню освіту XM 42', NULL, NULL, NULL, NULL, NULL, NULL, NULL, NULL, NULL, NULL, NULL, NULL, NULL, NULL, NULL, NULL, NULL, NULL, NULL, NULL, 41778, ' Свідоцтво: I-БB 061256 ', '3568208079'),
(489, '', 'Пасічник', 'Олексій', 'Олексійович', 15, NULL, NULL, NULL, NULL, 0, NULL, NULL, NULL, '1997-07-07', '2012-09-01', NULL, 173, NULL, NULL, 'Cвідоцтво про базову загальну середню освіту XM 42', NULL, NULL, NULL, NULL, NULL, NULL, NULL, NULL, NULL, NULL, NULL, NULL, NULL, NULL, NULL, NULL, NULL, NULL, NULL, NULL, 178891, ' Свідоцтво: I-БB 039866 ', NULL),
(490, '', 'Паскін', 'Максим', 'Сергійович', 15, NULL, NULL, NULL, NULL, 0, NULL, NULL, NULL, '1997-04-08', '2012-09-01', NULL, 173, NULL, NULL, 'Cвідоцтво про базову загальну середню освіту XM 42', NULL, NULL, NULL, NULL, NULL, NULL, NULL, NULL, NULL, NULL, NULL, NULL, NULL, NULL, NULL, NULL, NULL, NULL, NULL, NULL, 212500, ' Свідоцтво: I-БB 147559 ', '3552706015'),
(491, '', 'Паталашко', 'Артем', 'Олегович', 13, NULL, NULL, NULL, NULL, 0, NULL, NULL, NULL, '1998-05-19', '2013-09-01', NULL, 0, NULL, NULL, 'Cвідоцтво про базову загальну середню освіту XM 44', NULL, NULL, NULL, NULL, NULL, NULL, NULL, NULL, NULL, NULL, NULL, NULL, NULL, NULL, NULL, NULL, NULL, NULL, NULL, NULL, 2437431, ' Свідоцтво: I-БB 283559 ', '3593309595'),
(492, '', 'Паталашко', 'Денис', 'Олегович', 13, NULL, NULL, NULL, NULL, 0, NULL, NULL, NULL, '1998-05-19', '2013-09-01', NULL, 0, NULL, NULL, 'Cвідоцтво про базову загальну середню освіту XM 44', NULL, NULL, NULL, NULL, NULL, NULL, NULL, NULL, NULL, NULL, NULL, NULL, NULL, NULL, NULL, NULL, NULL, NULL, NULL, NULL, 2437167, ' Свідоцтво: I-БB 283558 ', '3593309654'),
(493, '', 'Паюк', 'Юлія', 'Вацлавівна', 34, NULL, NULL, NULL, NULL, 1, NULL, NULL, NULL, '1994-05-06', '2011-09-01', NULL, 173, NULL, NULL, 'Cвідоцтво про базову загальну середню освіту XM 38', NULL, NULL, NULL, NULL, NULL, NULL, NULL, NULL, NULL, NULL, NULL, NULL, NULL, NULL, NULL, NULL, NULL, NULL, NULL, NULL, 1135167, 'Паспорт: HB 567776   ', '3445912407'),
(494, '', 'Педосюк', 'Андрій', 'Владиславович', 15, NULL, NULL, NULL, NULL, 0, NULL, NULL, NULL, '1996-12-09', '2012-09-01', NULL, 10, NULL, NULL, 'Cвідоцтво про базову загальну середню освіту XM 42', NULL, NULL, NULL, NULL, NULL, NULL, NULL, NULL, NULL, NULL, NULL, NULL, NULL, NULL, NULL, NULL, NULL, NULL, NULL, NULL, 63041, ' Свідоцтво: I-БB 054518 ', '3540709010'),
(495, '', 'Пендилюк', 'Юрій', 'Антонович', 31, NULL, NULL, NULL, NULL, 0, NULL, NULL, NULL, '1997-01-22', '2012-09-01', NULL, 173, NULL, NULL, 'Cвідоцтво про базову загальну середню освіту XM 42', NULL, NULL, NULL, NULL, NULL, NULL, NULL, NULL, NULL, NULL, NULL, NULL, NULL, NULL, NULL, NULL, NULL, NULL, NULL, NULL, 64089, ' Свідоцтво: I-БB 054906 ', '3545108979'),
(496, '', 'Пендичук', 'Владислав', 'Миколайович', 38, NULL, NULL, NULL, NULL, 0, NULL, NULL, NULL, '1996-06-22', '2011-09-01', NULL, 173, NULL, NULL, 'Cвідоцтво про базову загальну середню освіту XM 40', NULL, NULL, NULL, NULL, NULL, NULL, NULL, NULL, NULL, NULL, NULL, NULL, NULL, NULL, NULL, NULL, NULL, NULL, NULL, NULL, 2211888, ' Свідоцтво: I-БB 306614 ', '3523709654'),
(497, '', 'Перунський', 'Віктор', 'Русланович', 26, NULL, NULL, NULL, NULL, 0, NULL, NULL, NULL, '1997-09-01', '2012-09-01', NULL, 173, NULL, NULL, 'Cвідоцтво про базову загальну середню освіту XM 42', NULL, NULL, NULL, NULL, NULL, NULL, NULL, NULL, NULL, NULL, NULL, NULL, NULL, NULL, NULL, NULL, NULL, NULL, NULL, NULL, 329017, ' Свідоцтво: I-БB 050417 ', NULL),
(498, '', 'Петренко', 'Володимир', 'Михайлович', 29, NULL, NULL, NULL, NULL, 0, NULL, NULL, NULL, '1997-03-28', '2012-09-01', NULL, 173, NULL, NULL, 'Cвідоцтво про базову загальну середню освіту XM 42', NULL, NULL, NULL, NULL, NULL, NULL, NULL, NULL, NULL, NULL, NULL, NULL, NULL, NULL, NULL, NULL, NULL, NULL, NULL, NULL, 483006, ' Свідоцтво: I-БB 049446 ', '3551610774'),
(499, '', 'Петровський', 'Тарас', 'Володимирович', 15, NULL, NULL, NULL, NULL, 0, NULL, NULL, NULL, '1996-11-25', '2012-09-01', NULL, 173, NULL, NULL, 'Cвідоцтво про базову загальну середню освіту XM 42', NULL, NULL, NULL, NULL, NULL, NULL, NULL, NULL, NULL, NULL, NULL, NULL, NULL, NULL, NULL, NULL, NULL, NULL, NULL, NULL, 491746, ' Свідоцтво: I-БB 039430 ', '3539304274'),
(500, '', 'Петрук', 'Богдан', 'Євгенович', 9, NULL, NULL, NULL, NULL, 0, NULL, NULL, NULL, '1997-06-12', '2013-09-01', NULL, 0, NULL, NULL, 'Cвідоцтво про базову загальну середню освіту XM 45', NULL, NULL, NULL, NULL, NULL, NULL, NULL, NULL, NULL, NULL, NULL, NULL, NULL, NULL, NULL, NULL, NULL, NULL, NULL, NULL, 2471326, ' Свідоцтво: I-БB 127208 ', NULL),
(501, '', 'Петрук', 'Володимир', 'Миколайович', 23, NULL, NULL, NULL, NULL, 0, NULL, NULL, NULL, '1998-03-31', '2013-09-01', NULL, 0, NULL, NULL, 'Cвідоцтво про базову загальну середню освіту XM 44', NULL, NULL, NULL, NULL, NULL, NULL, NULL, NULL, NULL, NULL, NULL, NULL, NULL, NULL, NULL, NULL, NULL, NULL, NULL, NULL, 2673070, ' Свідоцтво: I-БB 073145 ', NULL),
(502, '', 'Пигович', 'Михайло', 'Юрійович', 10, NULL, NULL, NULL, NULL, 0, NULL, NULL, NULL, '1996-02-10', '2011-09-01', NULL, 173, NULL, NULL, 'Cвідоцтво про базову загальну середню освіту XM 40', NULL, NULL, NULL, NULL, NULL, NULL, NULL, NULL, NULL, NULL, NULL, NULL, NULL, NULL, NULL, NULL, NULL, NULL, NULL, NULL, 1774340, 'Паспорт: HB 639232   ', '3510405398'),
(503, '', 'Пирожок', 'Максим', 'Олександрович', 31, NULL, NULL, NULL, NULL, 0, NULL, NULL, NULL, '1997-02-18', '2012-09-01', NULL, 173, NULL, NULL, 'Cвідоцтво про базову загальну середню освіту XM 42', NULL, NULL, NULL, NULL, NULL, NULL, NULL, NULL, NULL, NULL, NULL, NULL, NULL, NULL, NULL, NULL, NULL, NULL, NULL, NULL, 326857, ' Свідоцтво: I-БB 054959 ', '3547808759'),
(504, '', 'Підбережний', 'Вадим', 'Русланович', 29, NULL, NULL, NULL, NULL, 0, NULL, NULL, NULL, '1996-10-29', '2012-09-01', NULL, 173, NULL, NULL, 'Свідоцтво про присвоєння(підвищення) робітничої кв', NULL, NULL, NULL, NULL, NULL, NULL, NULL, NULL, NULL, NULL, NULL, NULL, NULL, NULL, NULL, NULL, NULL, NULL, NULL, NULL, 134410, ' Свідоцтво: I-БB 022740 ', NULL),
(505, '', 'Підкамінний', 'Анатолій', 'Валерійович', 24, NULL, NULL, NULL, NULL, 0, NULL, NULL, NULL, '1998-05-15', '2013-09-01', NULL, 0, NULL, NULL, 'Cвідоцтво про базову загальну середню освіту XM 44', NULL, NULL, NULL, NULL, NULL, NULL, NULL, NULL, NULL, NULL, NULL, NULL, NULL, NULL, NULL, NULL, NULL, NULL, NULL, NULL, 2645044, ' Свідоцтво: I-БB 038423 ', '3592910511'),
(506, '', 'Піонтковський', 'Костянтин', 'Сергійович', 15, NULL, NULL, NULL, NULL, 0, NULL, NULL, NULL, '1997-08-19', '2012-09-01', NULL, 3, NULL, NULL, 'Cвідоцтво про базову загальну середню освіту XM 42', NULL, NULL, NULL, NULL, NULL, NULL, NULL, NULL, NULL, NULL, NULL, NULL, NULL, NULL, NULL, NULL, NULL, NULL, NULL, NULL, 491753, ' Свідоцтво: I-AM 034870 ', '3566008894'),
(507, '', 'Піонтковський', 'Олександр', 'Сергійович', 26, NULL, NULL, NULL, NULL, 0, NULL, NULL, NULL, '1997-02-25', '2012-09-01', NULL, 171, NULL, NULL, 'Cвідоцтво про базову загальну середню освіту XM 42', NULL, NULL, NULL, NULL, NULL, NULL, NULL, NULL, NULL, NULL, NULL, NULL, NULL, NULL, NULL, NULL, NULL, NULL, NULL, NULL, 63782, ' Свідоцтво: I-БB 060248 ', '3548510935'),
(508, '', 'Площинський', 'Олександр', 'Валерійович', 35, NULL, NULL, NULL, NULL, 0, NULL, NULL, NULL, '1995-09-05', '2012-09-01', NULL, 175, NULL, NULL, 'Атестат про повну загальну середню освіту XM 42586', NULL, NULL, NULL, NULL, NULL, NULL, NULL, NULL, NULL, NULL, NULL, NULL, NULL, NULL, NULL, NULL, NULL, NULL, NULL, NULL, 666597, 'Паспорт: HB 623819   ', NULL),
(509, '', 'Повх', 'Альона', 'Миколаївна', 27, NULL, NULL, NULL, NULL, 1, NULL, NULL, NULL, '1996-07-06', '2012-09-01', NULL, 173, NULL, NULL, 'Cвідоцтво про базову загальну середню освіту XM 42', NULL, NULL, NULL, NULL, NULL, NULL, NULL, NULL, NULL, NULL, NULL, NULL, NULL, NULL, NULL, NULL, NULL, NULL, NULL, NULL, 222092, ' Свідоцтво: I-БB 265969 ', '3525104624'),
(510, '', 'Подлесний', 'Сергій', 'Андрійович', 12, NULL, NULL, NULL, NULL, 0, NULL, NULL, NULL, '1997-05-27', '2013-09-01', NULL, 0, NULL, NULL, 'Cвідоцтво про базову загальну середню освіту XM 44', NULL, NULL, NULL, NULL, NULL, NULL, NULL, NULL, NULL, NULL, NULL, NULL, NULL, NULL, NULL, NULL, NULL, NULL, NULL, NULL, 2708685, ' Свідоцтво: I-БB 060990 ', '355767197'),
(511, '', 'Подобедов', 'Олександр', 'Андрійович', 12, NULL, NULL, NULL, NULL, 0, NULL, NULL, NULL, '1998-06-30', '2013-09-01', NULL, 0, NULL, NULL, 'Cвідоцтво про базову загальну середню освіту XM 44', NULL, NULL, NULL, NULL, NULL, NULL, NULL, NULL, NULL, NULL, NULL, NULL, NULL, NULL, NULL, NULL, NULL, NULL, NULL, NULL, 2761392, ' Свідоцтво: I-БB 033163 ', '3597510377'),
(512, '', 'Покотило', 'Юрій', 'Сергійович', 26, NULL, NULL, NULL, NULL, 0, NULL, NULL, NULL, '1996-10-19', '2012-09-01', NULL, 173, NULL, NULL, 'Cвідоцтво про базову загальну середню освіту XM 42', NULL, NULL, NULL, NULL, NULL, NULL, NULL, NULL, NULL, NULL, NULL, NULL, NULL, NULL, NULL, NULL, NULL, NULL, NULL, NULL, 27209, ' Свідоцтво: I-БB 054915 ', '3535608550'),
(513, '', 'Поліщук', 'Артем', 'Григорович', 14, NULL, NULL, NULL, NULL, 0, NULL, NULL, NULL, '1997-07-24', '2012-09-01', NULL, 173, NULL, NULL, 'Cвідоцтво про базову загальну середню освіту XM 42', NULL, NULL, NULL, NULL, NULL, NULL, NULL, NULL, NULL, NULL, NULL, NULL, NULL, NULL, NULL, NULL, NULL, NULL, NULL, NULL, 380090, ' Свідоцтво: I-БB 018964 ', NULL),
(514, '', 'Полунін', 'Микита', 'Сергійович', 23, NULL, NULL, NULL, NULL, 0, NULL, NULL, NULL, '1998-08-14', '2013-09-01', NULL, 0, NULL, NULL, 'Cвідоцтво про базову загальну середню освіту XM 44', NULL, NULL, NULL, NULL, NULL, NULL, NULL, NULL, NULL, NULL, NULL, NULL, NULL, NULL, NULL, NULL, NULL, NULL, NULL, NULL, 2639562, ' Свідоцтво: I-БB 080706 ', '3602008419'),
(515, '', 'Полюк', 'Денис', 'Вікторович', 8, NULL, NULL, NULL, NULL, 0, NULL, NULL, NULL, '1997-10-21', '2013-09-01', NULL, 0, NULL, NULL, 'Cвідоцтво про базову загальну середню освіту XM 44', NULL, NULL, NULL, NULL, NULL, NULL, NULL, NULL, NULL, NULL, NULL, NULL, NULL, NULL, NULL, NULL, NULL, NULL, NULL, NULL, 2460546, ' Свідоцтво: I-БB 070612 ', '3572302672'),
(516, '', 'Попадюк', 'Руслан', 'Володимирович', 16, NULL, NULL, NULL, NULL, 0, NULL, NULL, NULL, '1995-09-12', '2003-09-01', NULL, 0, NULL, NULL, 'Атестат про повну загальну середню освіту XM 45058', NULL, NULL, NULL, NULL, NULL, NULL, NULL, NULL, NULL, NULL, NULL, NULL, NULL, NULL, NULL, NULL, NULL, NULL, NULL, NULL, 2684473, 'Паспорт: HB 617014   ', NULL),
(517, '', 'Поперечний', 'Борис', 'Андрійович', 13, NULL, NULL, NULL, NULL, 0, NULL, NULL, NULL, '1998-09-07', '2013-09-01', NULL, 0, NULL, NULL, 'Cвідоцтво про базову загальну середню освіту XM 44', NULL, NULL, NULL, NULL, NULL, NULL, NULL, NULL, NULL, NULL, NULL, NULL, NULL, NULL, NULL, NULL, NULL, NULL, NULL, NULL, 2565474, ' Свідоцтво: I-БB 287476 ', '3604404390'),
(518, '', 'Попов', 'Микита', 'Констянтинович', 28, NULL, NULL, NULL, NULL, 0, NULL, NULL, NULL, '1996-05-23', '2012-09-01', NULL, 173, NULL, NULL, 'Cвідоцтво про базову загальну середню освіту XM 40', NULL, NULL, NULL, NULL, NULL, NULL, NULL, NULL, NULL, NULL, NULL, NULL, NULL, NULL, NULL, NULL, NULL, NULL, NULL, NULL, 42056, ' Свідоцтво: I-БB 040444 ', '3520710852'),
(519, '', 'Попович', 'Андрій', 'Олегович', 8, NULL, NULL, NULL, NULL, 0, NULL, NULL, NULL, '1997-12-13', '2013-09-01', NULL, 0, NULL, NULL, 'Cвідоцтво про базову загальну середню освіту XM 44', NULL, NULL, NULL, NULL, NULL, NULL, NULL, NULL, NULL, NULL, NULL, NULL, NULL, NULL, NULL, NULL, NULL, NULL, NULL, NULL, 2656481, ' Свідоцтво: I-БB 059049 ', '3577608094'),
(520, '', 'Потапенко', 'Артур', 'Володимирович', 29, NULL, NULL, NULL, NULL, 0, NULL, NULL, NULL, '1996-09-26', '2012-09-01', NULL, 173, NULL, NULL, 'Cвідоцтво про базову загальну середню освіту XM 42', NULL, NULL, NULL, NULL, NULL, NULL, NULL, NULL, NULL, NULL, NULL, NULL, NULL, NULL, NULL, NULL, NULL, NULL, NULL, NULL, 65451, ' Свідоцтво: I-БB 04993 ', NULL),
(521, '', 'Приведенець', 'Владислав', 'Сергійович', 38, NULL, NULL, NULL, NULL, 0, NULL, NULL, NULL, '1995-09-02', '2011-09-01', NULL, 173, NULL, NULL, 'Cвідоцтво про базову загальну середню освіту XM 40', NULL, NULL, NULL, NULL, NULL, NULL, NULL, NULL, NULL, NULL, NULL, NULL, NULL, NULL, NULL, NULL, NULL, NULL, NULL, NULL, 2211897, 'Паспорт: HB 616477   ', '3494310299'),
(522, '', 'Приймак', 'Дмитро', 'Анатолійович', 11, NULL, NULL, NULL, NULL, 0, NULL, NULL, NULL, '1996-05-30', '2011-09-01', NULL, 173, NULL, NULL, 'Cвідоцтво про базову загальну середню освіту XM 40', NULL, NULL, NULL, NULL, NULL, NULL, NULL, NULL, NULL, NULL, NULL, NULL, NULL, NULL, NULL, NULL, NULL, NULL, NULL, NULL, 1888181, 'Паспорт: HB 650880   ', '3521409154'),
(523, '', 'Приказюк', 'Анатолій', 'Володимирович', 38, NULL, NULL, NULL, NULL, 0, NULL, NULL, NULL, '1996-01-26', '2011-09-01', NULL, 173, NULL, NULL, 'Cвідоцтво про базову загальну середню освіту XM 40', NULL, NULL, NULL, NULL, NULL, NULL, NULL, NULL, NULL, NULL, NULL, NULL, NULL, NULL, NULL, NULL, NULL, NULL, NULL, NULL, 2211919, 'Паспорт: HB 629715   ', '3508911137'),
(524, '', 'Присяжний', 'Андрій', 'Миколайович', 14, NULL, NULL, NULL, NULL, 0, NULL, NULL, NULL, '1996-07-15', '2012-09-01', NULL, 173, NULL, NULL, 'Cвідоцтво про базову загальну середню освіту XM 42', NULL, NULL, NULL, NULL, NULL, NULL, NULL, NULL, NULL, NULL, NULL, NULL, NULL, NULL, NULL, NULL, NULL, NULL, NULL, NULL, 379010, ' Свідоцтво: I-БB 046254 ', '3526012678'),
(525, '', 'Просянюк', 'Владислав', 'Володимирович', 13, NULL, NULL, NULL, NULL, 0, NULL, NULL, NULL, '1998-01-21', '2013-09-01', NULL, 0, NULL, NULL, 'Cвідоцтво про базову загальну середню освіту XM 44', NULL, NULL, NULL, NULL, NULL, NULL, NULL, NULL, NULL, NULL, NULL, NULL, NULL, NULL, NULL, NULL, NULL, NULL, NULL, NULL, 2439512, ' Свідоцтво: I-БB 026639 ', '3581510114'),
(526, '', 'Прохорович', 'Андрій', 'Анатолій', 10, NULL, NULL, NULL, NULL, 0, NULL, NULL, NULL, '1995-08-11', '2011-09-01', NULL, 173, NULL, NULL, 'Cвідоцтво про базову загальну середню освіту XM 41', NULL, NULL, NULL, NULL, NULL, NULL, NULL, NULL, NULL, NULL, NULL, NULL, NULL, NULL, NULL, NULL, NULL, NULL, NULL, NULL, 1774890, 'Паспорт: HB 605931   ', '3492111517'),
(527, '', 'Прощук', 'Віктор', 'Миколайович', 32, NULL, NULL, NULL, NULL, 0, NULL, NULL, NULL, '1996-07-21', '2012-09-01', NULL, 173, NULL, NULL, 'Cвідоцтво про базову загальну середню освіту XM 42', NULL, NULL, NULL, NULL, NULL, NULL, NULL, NULL, NULL, NULL, NULL, NULL, NULL, NULL, NULL, NULL, NULL, NULL, NULL, NULL, 63938, ' Свідоцтво: I-БB 028754 ', NULL),
(528, '', 'Пятін', 'Віталій', 'Ілліч', 11, NULL, NULL, NULL, NULL, 0, NULL, NULL, NULL, '1995-08-19', '2011-09-01', NULL, 173, NULL, NULL, 'Cвідоцтво про базову загальну середню освіту XM 40', NULL, NULL, NULL, NULL, NULL, NULL, NULL, NULL, NULL, NULL, NULL, NULL, NULL, NULL, NULL, NULL, NULL, NULL, NULL, NULL, 1888408, 'Паспорт: HB 613473   ', '3492910692'),
(529, '', 'Радкевич', 'Максим', 'Русланович', 25, NULL, NULL, NULL, NULL, 0, NULL, NULL, NULL, '1998-01-24', '2013-09-01', NULL, 0, NULL, NULL, 'Cвідоцтво про базову загальну середню освіту XM 44', NULL, NULL, NULL, NULL, NULL, NULL, NULL, NULL, NULL, NULL, NULL, NULL, NULL, NULL, NULL, NULL, NULL, NULL, NULL, NULL, 2537050, ' Свідоцтво: I-БB 077526 ', '3581807651'),
(530, '', 'Разумєєва', 'Аліна', 'Михайлівна', 27, NULL, NULL, NULL, NULL, 1, NULL, NULL, NULL, '1997-09-03', '2012-09-01', NULL, 173, NULL, NULL, 'Cвідоцтво про базову загальну середню освіту XM 42', NULL, NULL, NULL, NULL, NULL, NULL, NULL, NULL, NULL, NULL, NULL, NULL, NULL, NULL, NULL, NULL, NULL, NULL, NULL, NULL, 523401, ' Свідоцтво: I-БB 014895 ', '3567507686'),
(531, '', 'Раскевич', 'Владислав', 'Олексійович', 18, NULL, NULL, NULL, NULL, 0, NULL, NULL, NULL, '1995-11-29', '2011-09-01', NULL, 173, NULL, NULL, 'Cвідоцтво про базову загальну середню освіту XM 40', NULL, NULL, NULL, NULL, NULL, NULL, NULL, NULL, NULL, NULL, NULL, NULL, NULL, NULL, NULL, NULL, NULL, NULL, NULL, NULL, 1801376, 'Паспорт: HB 630577   ', '3503103130'),
(532, '', 'Ревнюк', 'Дмитро', 'Олександрович', 12, NULL, NULL, NULL, NULL, 0, NULL, NULL, NULL, '1998-03-16', '2013-09-01', NULL, 0, NULL, NULL, 'Cвідоцтво про базову загальну середню освіту XM 45', NULL, NULL, NULL, NULL, NULL, NULL, NULL, NULL, NULL, NULL, NULL, NULL, NULL, NULL, NULL, NULL, NULL, NULL, NULL, NULL, 2461954, ' Свідоцтво: I-БB 042735 ', '3586909057'),
(533, '', 'Ревуцька', 'Катерина', 'Миколаївна', 12, NULL, NULL, NULL, NULL, 1, NULL, NULL, NULL, '1998-03-22', '2013-09-01', NULL, 0, NULL, NULL, 'Cвідоцтво про базову загальну середню освіту XM 44', NULL, NULL, NULL, NULL, NULL, NULL, NULL, NULL, NULL, NULL, NULL, NULL, NULL, NULL, NULL, NULL, NULL, NULL, NULL, NULL, 2462196, ' Свідоцтво: I-БB 049543 ', NULL),
(534, '', 'Резничук', 'Руслан', 'Вікторович', 13, NULL, NULL, NULL, NULL, 0, NULL, NULL, NULL, '1997-12-28', '2013-09-01', NULL, 0, NULL, NULL, 'Cвідоцтво про базову загальну середню освіту XM 44', NULL, NULL, NULL, NULL, NULL, NULL, NULL, NULL, NULL, NULL, NULL, NULL, NULL, NULL, NULL, NULL, NULL, NULL, NULL, NULL, 2685751, ' Свідоцтво: I-БB 065228 ', '3579106597'),
(535, '', 'Рибак', 'Ігор', 'Григорович', 6, NULL, NULL, NULL, NULL, 0, NULL, NULL, NULL, '1996-12-23', '2012-09-01', NULL, 173, NULL, NULL, 'Cвідоцтво про базову загальну середню освіту XM 42', NULL, NULL, NULL, NULL, NULL, NULL, NULL, NULL, NULL, NULL, NULL, NULL, NULL, NULL, NULL, NULL, NULL, NULL, NULL, NULL, 426572, ' Свідоцтво: I-БB 054508 ', NULL),
(536, '', 'Рибачук', 'Микита', 'Павлович', 9, NULL, NULL, NULL, NULL, 0, NULL, NULL, NULL, '1998-02-05', '2013-09-01', NULL, 0, NULL, NULL, 'Cвідоцтво про базову загальну середню освіту XM 44', NULL, NULL, NULL, NULL, NULL, NULL, NULL, NULL, NULL, NULL, NULL, NULL, NULL, NULL, NULL, NULL, NULL, NULL, NULL, NULL, 2677909, ' Свідоцтво: I-БB 049663 ', '3583010099'),
(537, '', 'Рикун', 'Валентин', 'Володимирович', 9, NULL, NULL, NULL, NULL, 0, NULL, NULL, NULL, '1998-03-02', '2013-09-01', NULL, 0, NULL, NULL, 'Cвідоцтво про базову загальну середню освіту XM 44', NULL, NULL, NULL, NULL, NULL, NULL, NULL, NULL, NULL, NULL, NULL, NULL, NULL, NULL, NULL, NULL, NULL, NULL, NULL, NULL, 2457644, ' Свідоцтво: I-БB 042722 ', '3585506759'),
(538, '', 'Рихлик', 'Максим', 'Миколайович', 33, NULL, NULL, NULL, NULL, 0, NULL, NULL, NULL, '1995-07-09', '2011-09-01', NULL, 173, NULL, NULL, 'Cвідоцтво про базову загальну середню освіту XM 40', NULL, NULL, NULL, NULL, NULL, NULL, NULL, NULL, NULL, NULL, NULL, NULL, NULL, NULL, NULL, NULL, NULL, NULL, NULL, NULL, 2062023, ' Свідоцтво: I-БB 015334 ', '3488802753'),
(539, '', 'Рихлінський', 'Дмитро', 'Павлович', 11, NULL, NULL, NULL, NULL, 0, NULL, NULL, NULL, '1996-01-31', '2011-09-01', NULL, 173, NULL, NULL, 'Cвідоцтво про базову загальну середню освіту XM 40', NULL, NULL, NULL, NULL, NULL, NULL, NULL, NULL, NULL, NULL, NULL, NULL, NULL, NULL, NULL, NULL, NULL, NULL, NULL, NULL, 1888484, 'Паспорт: HB 630104   ', '3509409438'),
(540, '', 'Ровінський', 'Ярослав', 'Ярославович', 13, NULL, NULL, NULL, NULL, 0, NULL, NULL, NULL, '1998-07-30', '2013-09-01', NULL, 0, NULL, NULL, 'Cвідоцтво про базову загальну середню освіту XM 44', NULL, NULL, NULL, NULL, NULL, NULL, NULL, NULL, NULL, NULL, NULL, NULL, NULL, NULL, NULL, NULL, NULL, NULL, NULL, NULL, 2775444, ' Свідоцтво: I-БB 057806 ', '3600510073'),
(541, '', 'Рогальський', 'Сергій', 'Миколайович', 37, NULL, NULL, NULL, NULL, 0, NULL, NULL, NULL, '1995-11-15', '2011-09-01', NULL, 173, NULL, NULL, 'Cвідоцтво про базову загальну середню освіту XM 40', NULL, NULL, NULL, NULL, NULL, NULL, NULL, NULL, NULL, NULL, NULL, NULL, NULL, NULL, NULL, NULL, NULL, NULL, NULL, NULL, 2205291, 'Паспорт: HB 629596   ', '3501711015'),
(542, '', 'Рогожа', 'Лілія', 'Віталіївна', 26, NULL, NULL, NULL, NULL, 1, NULL, NULL, NULL, '1997-09-11', '2012-09-01', NULL, 173, NULL, NULL, 'Cвідоцтво про базову загальну середню освіту XM 43', NULL, NULL, NULL, NULL, NULL, NULL, NULL, NULL, NULL, NULL, NULL, NULL, NULL, NULL, NULL, NULL, NULL, NULL, NULL, NULL, 170678, ' Свідоцтво: I-БB 044139 ', '3568307161'),
(543, '', 'Роєнко', 'Тарас', 'Валерійович', 36, NULL, NULL, NULL, NULL, 0, NULL, NULL, NULL, '1996-10-26', '2011-09-01', NULL, 173, NULL, NULL, 'Cвідоцтво про базову загальну середню освіту XM 40', NULL, NULL, NULL, NULL, NULL, NULL, NULL, NULL, NULL, NULL, NULL, NULL, NULL, NULL, NULL, NULL, NULL, NULL, NULL, NULL, 1291074, ' Свідоцтво: I-БB 047253 ', '3536305759'),
(544, '', 'Роїк', 'Сергій', 'Миколайович', 16, NULL, NULL, NULL, NULL, 0, NULL, NULL, NULL, '1996-12-17', '2003-09-01', NULL, 0, NULL, NULL, 'Атестат про повну загальну середню освіту XM 44564', NULL, NULL, NULL, NULL, NULL, NULL, NULL, NULL, NULL, NULL, NULL, NULL, NULL, NULL, NULL, NULL, NULL, NULL, NULL, NULL, 2747727, 'Паспорт: HB 659695   ', NULL),
(545, '', 'Романюк', 'Олег', 'Сергійович', 35, NULL, NULL, NULL, NULL, 0, NULL, NULL, NULL, '1996-02-18', '2011-09-01', NULL, 173, NULL, NULL, 'Cвідоцтво про базову загальну середню освіту XM 40', NULL, NULL, NULL, NULL, NULL, NULL, NULL, NULL, NULL, NULL, NULL, NULL, NULL, NULL, NULL, NULL, NULL, NULL, NULL, NULL, 2180374, ' Свідоцтво: I-БB 034551 ', '3511204132'),
(546, '', 'Романюк', 'Яна', 'Олексіївна', 27, NULL, NULL, NULL, NULL, 1, NULL, NULL, NULL, '1997-04-24', '2012-09-01', NULL, 173, NULL, NULL, 'Cвідоцтво про базову загальну середню освіту XM 42', NULL, NULL, NULL, NULL, NULL, NULL, NULL, NULL, NULL, NULL, NULL, NULL, NULL, NULL, NULL, NULL, NULL, NULL, NULL, NULL, 463817, ' Свідоцтво: I-БB 053086 ', NULL),
(547, '', 'Руденко', 'Віктор', 'Віталійович', 28, NULL, NULL, NULL, NULL, 0, NULL, NULL, NULL, '1996-06-13', '2003-09-01', NULL, 0, NULL, NULL, 'Атестат про повну загальну середню освіту XM 44569', NULL, NULL, NULL, NULL, NULL, NULL, NULL, NULL, NULL, NULL, NULL, NULL, NULL, NULL, NULL, NULL, NULL, NULL, NULL, NULL, 2619202, 'Паспорт: HB 641665   ', NULL),
(548, '', 'Руденко', 'Микита', 'Констянтинович', 33, NULL, NULL, NULL, NULL, 0, NULL, NULL, NULL, '1996-06-08', '2011-09-01', NULL, 173, NULL, NULL, 'Cвідоцтво про базову загальну середню освіту XM 40', NULL, NULL, NULL, NULL, NULL, NULL, NULL, NULL, NULL, NULL, NULL, NULL, NULL, NULL, NULL, NULL, NULL, NULL, NULL, NULL, 2062048, ' Свідоцтво: I-AП 019395 ', '3522309592'),
(549, '', 'Рудий', 'Роман', 'Вікторович', 30, NULL, NULL, NULL, NULL, 0, NULL, NULL, NULL, '1996-09-12', '2012-09-01', NULL, 173, NULL, NULL, 'Cвідоцтво про базову загальну середню освіту XM 42', NULL, NULL, NULL, NULL, NULL, NULL, NULL, NULL, NULL, NULL, NULL, NULL, NULL, NULL, NULL, NULL, NULL, NULL, NULL, NULL, 563741, ' Свідоцтво: I-БB 046689 ', '3531910198'),
(550, '', 'Рудковський', 'Олександр', 'Анатолійович', 14, NULL, NULL, NULL, NULL, 0, NULL, NULL, NULL, '1997-04-07', '2012-09-01', NULL, 173, NULL, NULL, 'Cвідоцтво про базову загальну середню освіту XM 42', NULL, NULL, NULL, NULL, NULL, NULL, NULL, NULL, NULL, NULL, NULL, NULL, NULL, NULL, NULL, NULL, NULL, NULL, NULL, NULL, 593344, ' Свідоцтво: I-БB 06043 ', '355268195'),
(551, '', 'Ружицький', 'Анатолій', 'Владиславович', 31, NULL, NULL, NULL, NULL, 0, NULL, NULL, NULL, '1996-11-22', '2012-09-01', NULL, 173, NULL, NULL, 'Cвідоцтво про базову загальну середню освіту XM 42', NULL, NULL, NULL, NULL, NULL, NULL, NULL, NULL, NULL, NULL, NULL, NULL, NULL, NULL, NULL, NULL, NULL, NULL, NULL, NULL, 387514, ' Свідоцтво: I-БB 054171 ', '3539010413'),
(552, '', 'Ручко', 'Дмитро', 'Олександрович', 31, NULL, NULL, NULL, NULL, 0, NULL, NULL, NULL, '1996-09-22', '2012-09-01', NULL, 173, NULL, NULL, 'Cвідоцтво про базову загальну середню освіту XM 42', NULL, NULL, NULL, NULL, NULL, NULL, NULL, NULL, NULL, NULL, NULL, NULL, NULL, NULL, NULL, NULL, NULL, NULL, NULL, NULL, 429070, ' Свідоцтво: I-БB 046697 ', '3532909239'),
(553, '', 'Сабецька', 'Олександра', 'Олександрівна', 22, NULL, NULL, NULL, NULL, 1, NULL, NULL, NULL, '1998-03-31', '2013-09-01', NULL, 0, NULL, NULL, 'Cвідоцтво про базову загальну середню освіту XM 44', NULL, NULL, NULL, NULL, NULL, NULL, NULL, NULL, NULL, NULL, NULL, NULL, NULL, NULL, NULL, NULL, NULL, NULL, NULL, NULL, 2500687, ' Свідоцтво: I-БB 283153 ', '3888407537'),
(554, '', 'Савченко', 'Катерина', 'Володимирівна', 17, NULL, NULL, NULL, NULL, 1, NULL, NULL, NULL, '1996-12-30', '2011-09-01', NULL, 173, NULL, NULL, 'Cвідоцтво про базову загальну середню освіту XM 41', NULL, NULL, NULL, NULL, NULL, NULL, NULL, NULL, NULL, NULL, NULL, NULL, NULL, NULL, NULL, NULL, NULL, NULL, NULL, NULL, 1056381, ' Свідоцтво: I-БB 054441 ', '3542806544'),
(555, '', 'Савчук', 'Ростислав', 'Олександрович', 13, NULL, NULL, NULL, NULL, 0, NULL, NULL, NULL, '1998-04-09', '2013-09-01', NULL, 0, NULL, NULL, 'Cвідоцтво про базову загальну середню освіту XM 44', NULL, NULL, NULL, NULL, NULL, NULL, NULL, NULL, NULL, NULL, NULL, NULL, NULL, NULL, NULL, NULL, NULL, NULL, NULL, NULL, 2530342, ' Свідоцтво: II-БK 286492 ', NULL),
(556, '', 'Садовський', 'Герман', 'Вадимович', 37, NULL, NULL, NULL, NULL, 0, NULL, NULL, NULL, '1996-01-13', '2011-09-01', NULL, 173, NULL, NULL, 'Cвідоцтво про базову загальну середню освіту XM 40', NULL, NULL, NULL, NULL, NULL, NULL, NULL, NULL, NULL, NULL, NULL, NULL, NULL, NULL, NULL, NULL, NULL, NULL, NULL, NULL, 2205293, 'Паспорт: HB 629938   ', '3507608077'),
(557, '', 'Самолига', 'Богдан', 'Олексійович', 35, NULL, NULL, NULL, NULL, 0, NULL, NULL, NULL, '1995-11-13', '2011-09-01', NULL, 173, NULL, NULL, 'Cвідоцтво про базову загальну середню освіту XM 40', NULL, NULL, NULL, NULL, NULL, NULL, NULL, NULL, NULL, NULL, NULL, NULL, NULL, NULL, NULL, NULL, NULL, NULL, NULL, NULL, 2180354, ' Свідоцтво: I-БB 025739 ', '3501503852'),
(558, '', 'Самотес', 'Владислав', 'Олександрович', 13, NULL, NULL, NULL, NULL, 0, NULL, NULL, NULL, '1997-10-12', '2013-09-01', NULL, 0, NULL, NULL, 'Cвідоцтво про базову загальну середню освіту XM 44', NULL, NULL, NULL, NULL, NULL, NULL, NULL, NULL, NULL, NULL, NULL, NULL, NULL, NULL, NULL, NULL, NULL, NULL, NULL, NULL, 2616533, ' Свідоцтво: I-БB 070511 ', '3571407591'),
(559, '', 'Самсонюк', 'Борис', 'Олегович', 38, NULL, NULL, NULL, NULL, 0, NULL, NULL, NULL, '1996-09-18', '2011-09-01', NULL, 173, NULL, NULL, 'Cвідоцтво про базову загальну середню освіту XM 40', NULL, NULL, NULL, NULL, NULL, NULL, NULL, NULL, NULL, NULL, NULL, NULL, NULL, NULL, NULL, NULL, NULL, NULL, NULL, NULL, 2211930, ' Свідоцтво: I-БB 017445 ', '3532508118'),
(560, '', 'Самуляк', 'Роман', 'Русланович', 8, NULL, NULL, NULL, NULL, 0, NULL, NULL, NULL, '1997-10-08', '2013-09-01', NULL, 0, NULL, NULL, 'Cвідоцтво про базову загальну середню освіту XM 45', NULL, NULL, NULL, NULL, NULL, NULL, NULL, NULL, NULL, NULL, NULL, NULL, NULL, NULL, NULL, NULL, NULL, NULL, NULL, NULL, 2571100, ' Свідоцтво: I-ИД 044319 ', NULL);
INSERT INTO `student` (`id`, `code`, `last_name`, `first_name`, `middle_name`, `group_id`, `phone_number`, `mobile_number`, `mother_name`, `father_name`, `gender`, `official_address`, `characteristics`, `factual_address`, `birth_date`, `admission_date`, `tuition_payment`, `admission_order_number`, `admission_semester`, `entry_exams`, `education_document`, `contract`, `math_mark`, `ua_language_mark`, `mother_workplace`, `mother_position`, `mother_workphone`, `mother_boss_workphone`, `father_workplace`, `father_position`, `father_workphone`, `father_boss_workphone`, `graduated`, `graduation_date`, `graduation_basis`, `graduation_semester`, `graduation_order_number`, `diploma`, `direction`, `misc_data`, `hobby`, `sseed_id`, `document`, `identification_code`) VALUES
(561, '', 'Сандул', 'Микола', 'Олександрович', 9, NULL, NULL, NULL, NULL, 0, NULL, NULL, NULL, '1997-12-19', '2013-09-01', NULL, 0, NULL, NULL, 'Cвідоцтво про базову загальну середню освіту BH 44', NULL, NULL, NULL, NULL, NULL, NULL, NULL, NULL, NULL, NULL, NULL, NULL, NULL, NULL, NULL, NULL, NULL, NULL, NULL, NULL, 2703967, ' Свідоцтво: I-AM 030929 ', '3578208111'),
(562, '', 'Сафонов', 'Ростислав', 'Русланович', 11, NULL, NULL, NULL, NULL, 0, NULL, NULL, NULL, '1996-02-22', '2011-09-01', NULL, 173, NULL, NULL, 'Cвідоцтво про базову загальну середню освіту XM 41', NULL, NULL, NULL, NULL, NULL, NULL, NULL, NULL, NULL, NULL, NULL, NULL, NULL, NULL, NULL, NULL, NULL, NULL, NULL, NULL, 1888580, 'Паспорт: AB 995950   ', '3511609295'),
(563, '', 'Сваток', 'Юрій', 'Олександрович', 10, NULL, NULL, NULL, NULL, 0, NULL, NULL, NULL, '1996-06-13', '2011-09-01', NULL, 173, NULL, NULL, 'Cвідоцтво про базову загальну середню освіту XM 41', NULL, NULL, NULL, NULL, NULL, NULL, NULL, NULL, NULL, NULL, NULL, NULL, NULL, NULL, NULL, NULL, NULL, NULL, NULL, NULL, 1661819, ' Свідоцтво: I-БB 014496 ', '3522810395'),
(564, '', 'Свіжий', 'Павло', 'Олександрович', 37, NULL, NULL, NULL, NULL, 0, NULL, NULL, NULL, '1996-06-29', '2011-09-01', NULL, 173, NULL, NULL, 'Cвідоцтво про базову загальну середню освіту XM 40', NULL, NULL, NULL, NULL, NULL, NULL, NULL, NULL, NULL, NULL, NULL, NULL, NULL, NULL, NULL, NULL, NULL, NULL, NULL, NULL, 2205298, 'Паспорт: HB 639932   ', '3524403376'),
(565, '', 'Свінтков', 'Денис', 'Дмитрович', 9, NULL, NULL, NULL, NULL, 0, NULL, NULL, NULL, '1998-07-23', '2013-09-01', NULL, 0, NULL, NULL, 'Cвідоцтво про базову загальну середню освіту XM 44', NULL, NULL, NULL, NULL, NULL, NULL, NULL, NULL, NULL, NULL, NULL, NULL, NULL, NULL, NULL, NULL, NULL, NULL, NULL, NULL, 2565810, ' Свідоцтво: I-БB 287210 ', '3599810351'),
(566, '', 'Свірщ', 'Вадим', 'Олексндрович', 35, NULL, NULL, NULL, NULL, 0, NULL, NULL, NULL, '1996-05-03', '2011-09-01', NULL, 173, NULL, NULL, 'Cвідоцтво про базову загальну середню освіту XM 40', NULL, NULL, NULL, NULL, NULL, NULL, NULL, NULL, NULL, NULL, NULL, NULL, NULL, NULL, NULL, NULL, NULL, NULL, NULL, NULL, 2180356, ' Свідоцтво: I-БB 009984 ', '3518709753'),
(567, '', 'Сворінь', 'Андрій', 'Сергійович', 38, NULL, NULL, NULL, NULL, 0, NULL, NULL, NULL, '1995-08-26', '2011-09-01', NULL, 9, NULL, NULL, 'Cвідоцтво про базову загальну середню освіту XM 40', NULL, NULL, NULL, NULL, NULL, NULL, NULL, NULL, NULL, NULL, NULL, NULL, NULL, NULL, NULL, NULL, NULL, NULL, NULL, NULL, 2211935, 'Паспорт: HB 613467   ', '3493610935'),
(568, '', 'Севастьянов', 'Віталій', 'Миколайович', 12, NULL, NULL, NULL, NULL, 0, NULL, NULL, NULL, '1997-07-20', '2013-09-01', NULL, 0, NULL, NULL, 'Cвідоцтво про базову загальну середню освіту BH 44', NULL, NULL, NULL, NULL, NULL, NULL, NULL, NULL, NULL, NULL, NULL, NULL, NULL, NULL, NULL, NULL, NULL, NULL, NULL, NULL, 2530965, ' Свідоцтво: I-AM 010552 ', '3563000277'),
(569, '', 'Семенишен', 'Роман', 'Віталійович', 27, NULL, NULL, NULL, NULL, 0, NULL, NULL, NULL, '1997-06-15', '2012-09-01', NULL, 0, NULL, NULL, 'Cвідоцтво про базову загальну середню освіту XM 42', NULL, NULL, NULL, NULL, NULL, NULL, NULL, NULL, NULL, NULL, NULL, NULL, NULL, NULL, NULL, NULL, NULL, NULL, NULL, NULL, 379824, ' Свідоцтво: I-БB 061253 ', '3559509175'),
(570, '', 'Семенюк', 'Ірина', 'Вікторівна', 21, NULL, NULL, NULL, NULL, 1, NULL, NULL, NULL, '1998-10-02', '2013-09-01', NULL, 0, NULL, NULL, 'Cвідоцтво про базову загальну середню освіту XM 45', NULL, NULL, NULL, NULL, NULL, NULL, NULL, NULL, NULL, NULL, NULL, NULL, NULL, NULL, NULL, NULL, NULL, NULL, NULL, NULL, 2634736, ' Свідоцтво: I-БB 187141 ', '3606906761'),
(571, '', 'Семенюк', 'Олександр', 'Віталійович', 12, NULL, NULL, NULL, NULL, 0, NULL, NULL, NULL, '1998-03-16', '2013-09-01', NULL, 0, NULL, NULL, 'Cвідоцтво про базову загальну середню освіту XM 45', NULL, NULL, NULL, NULL, NULL, NULL, NULL, NULL, NULL, NULL, NULL, NULL, NULL, NULL, NULL, NULL, NULL, NULL, NULL, NULL, 2678456, ' Свідоцтво: I-БB 073259 ', '3586909116'),
(572, '', 'Серветник', 'Ігор', 'Сергійович', 18, NULL, NULL, NULL, NULL, 0, NULL, NULL, NULL, '1996-01-20', '2011-09-01', NULL, 173, NULL, NULL, 'Cвідоцтво про базову загальну середню освіту XM 40', NULL, NULL, NULL, NULL, NULL, NULL, NULL, NULL, NULL, NULL, NULL, NULL, NULL, NULL, NULL, NULL, NULL, NULL, NULL, NULL, 1801936, 'Паспорт: HB 629830   ', '3508308495'),
(573, '', 'Сидоренко', 'Вадим', 'Сергійович', 13, NULL, NULL, NULL, NULL, 0, NULL, NULL, NULL, '1998-03-13', '2013-09-01', NULL, 0, NULL, NULL, 'Cвідоцтво про базову загальну середню освіту XM 44', NULL, NULL, NULL, NULL, NULL, NULL, NULL, NULL, NULL, NULL, NULL, NULL, NULL, NULL, NULL, NULL, NULL, NULL, NULL, NULL, 2490775, ' Свідоцтво: I-БB 042741 ', '3586608139'),
(574, '', 'Сидорук', 'Віталій', 'Миколайович', 29, NULL, NULL, NULL, NULL, 0, NULL, NULL, NULL, '1997-11-03', '2012-09-01', NULL, 173, NULL, NULL, 'Cвідоцтво про базову загальну середню освіту XM 42', NULL, NULL, NULL, NULL, NULL, NULL, NULL, NULL, NULL, NULL, NULL, NULL, NULL, NULL, NULL, NULL, NULL, NULL, NULL, NULL, 87897, ' Свідоцтво: I-БB 031195 ', NULL),
(575, '', 'Симак', 'Денис', 'Олександрович', 13, NULL, NULL, NULL, NULL, 0, NULL, NULL, NULL, '1998-11-23', '2013-09-01', NULL, 0, NULL, NULL, 'Cвідоцтво про базову загальну середню освіту XM 44', NULL, NULL, NULL, NULL, NULL, NULL, NULL, NULL, NULL, NULL, NULL, NULL, NULL, NULL, NULL, NULL, NULL, NULL, NULL, NULL, 2655412, ' Свідоцтво: I-БB 290192 ', '3612105937'),
(576, '', 'Симчук', 'Олександр', 'Васильович', 6, NULL, NULL, NULL, NULL, 0, NULL, NULL, NULL, '1997-03-19', '2012-09-01', NULL, 173, NULL, NULL, 'Cвідоцтво про базову загальну середню освіту XM 42', NULL, NULL, NULL, NULL, NULL, NULL, NULL, NULL, NULL, NULL, NULL, NULL, NULL, NULL, NULL, NULL, NULL, NULL, NULL, NULL, 272138, ' Свідоцтво: I-БB 026701 ', '3550704992'),
(577, '', 'Ситар', 'Сергій', 'Павлович', 25, NULL, NULL, NULL, NULL, 0, NULL, NULL, NULL, '1998-03-13', '2013-09-01', NULL, 0, NULL, NULL, 'Cвідоцтво про базову загальну середню освіту XM 44', NULL, NULL, NULL, NULL, NULL, NULL, NULL, NULL, NULL, NULL, NULL, NULL, NULL, NULL, NULL, NULL, NULL, NULL, NULL, NULL, 2750429, ' Свідоцтво: I-БB 063781 ', '3586608759'),
(578, '', 'Ситюк', 'Валентин', 'Миколайович', 15, NULL, NULL, NULL, NULL, 0, NULL, NULL, NULL, '1997-01-17', '2012-09-01', NULL, 173, NULL, NULL, 'Cвідоцтво про базову загальну середню освіту XM 42', NULL, NULL, NULL, NULL, NULL, NULL, NULL, NULL, NULL, NULL, NULL, NULL, NULL, NULL, NULL, NULL, NULL, NULL, NULL, NULL, 31701, ' Свідоцтво: I-БB 054653 ', '3544609194'),
(579, '', 'Ситюк', 'Володимир', 'Федорович', 25, NULL, NULL, NULL, NULL, 0, NULL, NULL, NULL, '1998-07-22', '2013-09-01', NULL, 0, NULL, NULL, 'Cвідоцтво про базову загальну середню освіту XM 44', NULL, NULL, NULL, NULL, NULL, NULL, NULL, NULL, NULL, NULL, NULL, NULL, NULL, NULL, NULL, NULL, NULL, NULL, NULL, NULL, 2669735, ' Свідоцтво: I-БB 018746 ', '3599709951'),
(580, '', 'Сівець', 'Олександр', 'Юрійович', 13, NULL, NULL, NULL, NULL, 0, NULL, NULL, NULL, '1998-03-12', '2013-09-01', NULL, 0, NULL, NULL, 'Cвідоцтво про базову загальну середню освіту XM 44', NULL, NULL, NULL, NULL, NULL, NULL, NULL, NULL, NULL, NULL, NULL, NULL, NULL, NULL, NULL, NULL, NULL, NULL, NULL, NULL, 2472880, ' Свідоцтво: I-БB 283139 ', '3586508919'),
(581, '', 'Сідорук', 'Геннадій', 'Сергійович', 35, NULL, NULL, NULL, NULL, 0, NULL, NULL, NULL, '1996-03-03', '2011-09-01', NULL, 173, NULL, NULL, 'Cвідоцтво про базову загальну середню освіту XM 40', NULL, NULL, NULL, NULL, NULL, NULL, NULL, NULL, NULL, NULL, NULL, NULL, NULL, NULL, NULL, NULL, NULL, NULL, NULL, NULL, 2180364, ' Свідоцтво: I-БB 034461 ', '3512609597'),
(582, '', 'Сінчук', 'Ірина', 'Миколаївна', 7, NULL, NULL, NULL, NULL, 1, NULL, NULL, NULL, '1996-01-09', '2003-09-01', NULL, 0, NULL, NULL, 'Атестат про повну загальну середню освіту XM 44566', NULL, NULL, NULL, NULL, NULL, NULL, NULL, NULL, NULL, NULL, NULL, NULL, NULL, NULL, NULL, NULL, NULL, NULL, NULL, NULL, 2600824, 'Паспорт: HB 625296   ', NULL),
(583, '', 'Сінькевич', 'Віктор', 'Віліянович', 37, NULL, NULL, NULL, NULL, 0, NULL, NULL, NULL, '1996-07-30', '2011-09-01', NULL, 173, NULL, NULL, 'Cвідоцтво про базову загальну середню освіту XM 40', NULL, NULL, NULL, NULL, NULL, NULL, NULL, NULL, NULL, NULL, NULL, NULL, NULL, NULL, NULL, NULL, NULL, NULL, NULL, NULL, 2205300, 'Паспорт: HB 642339   ', '3527511150'),
(584, '', 'Сіньов', 'Віталій', 'Валерійович', 14, NULL, NULL, NULL, NULL, 0, NULL, NULL, NULL, '1996-09-05', '2012-09-01', NULL, 173, NULL, NULL, 'Cвідоцтво про базову загальну середню освіту XM 40', NULL, NULL, NULL, NULL, NULL, NULL, NULL, NULL, NULL, NULL, NULL, NULL, NULL, NULL, NULL, NULL, NULL, NULL, NULL, NULL, 25787, ' Свідоцтво: I-БB 033164 ', '3531204837'),
(585, '', 'Скакун', 'Віталій', 'Володимирович', 9, NULL, NULL, NULL, NULL, 0, NULL, NULL, NULL, '1997-06-30', '2013-09-01', NULL, 0, NULL, NULL, 'Cвідоцтво про базову загальну середню освіту XM 44', NULL, NULL, NULL, NULL, NULL, NULL, NULL, NULL, NULL, NULL, NULL, NULL, NULL, NULL, NULL, NULL, NULL, NULL, NULL, NULL, 2503908, ' Свідоцтво: I-БB 064421 ', '3561010873'),
(586, '', 'Скицюк', 'Андрій', 'Григорович', 36, NULL, NULL, NULL, NULL, 0, NULL, NULL, NULL, '1995-07-15', '2011-09-01', NULL, 173, NULL, NULL, 'Cвідоцтво про базову загальну середню освіту XM 40', NULL, NULL, NULL, NULL, NULL, NULL, NULL, NULL, NULL, NULL, NULL, NULL, NULL, NULL, NULL, NULL, NULL, NULL, NULL, NULL, 1297473, ' Свідоцтво: I-ИД 284652 ', '3489400116'),
(587, '', 'Скопін', 'Богдан', 'Володимирович', 23, NULL, NULL, NULL, NULL, 0, NULL, NULL, NULL, '1997-11-27', '2013-09-01', NULL, 0, NULL, NULL, 'Cвідоцтво про базову загальну середню освіту XM 44', NULL, NULL, NULL, NULL, NULL, NULL, NULL, NULL, NULL, NULL, NULL, NULL, NULL, NULL, NULL, NULL, NULL, NULL, NULL, NULL, 2685490, ' Свідоцтво: I-БB 065080 ', '3576009117'),
(588, '', 'Сліпак', 'Богдан', 'Олексіійович', 34, NULL, NULL, NULL, NULL, 0, NULL, NULL, NULL, '1996-06-20', '2011-09-01', NULL, 173, NULL, NULL, 'Cвідоцтво про базову загальну середню освіту XM 40', NULL, NULL, NULL, NULL, NULL, NULL, NULL, NULL, NULL, NULL, NULL, NULL, NULL, NULL, NULL, NULL, NULL, NULL, NULL, NULL, 1136194, ' Свідоцтво: I-БB 014426 ', '3523509318'),
(589, '', 'Слобода', 'Тетяна', 'Олегівна', 27, NULL, NULL, NULL, NULL, 1, NULL, NULL, NULL, '1997-03-15', '2012-09-01', NULL, 173, NULL, NULL, 'Cвідоцтво про базову загальну середню освіту XM 42', NULL, NULL, NULL, NULL, NULL, NULL, NULL, NULL, NULL, NULL, NULL, NULL, NULL, NULL, NULL, NULL, NULL, NULL, NULL, NULL, 333500, ' Свідоцтво: I-БB 060292 ', NULL),
(590, '', 'Слободян', 'Владислав', 'Володимирович', 25, NULL, NULL, NULL, NULL, 0, NULL, NULL, NULL, '1998-04-21', '2013-09-01', NULL, 0, NULL, NULL, 'Cвідоцтво про базову загальну середню освіту XM 44', NULL, NULL, NULL, NULL, NULL, NULL, NULL, NULL, NULL, NULL, NULL, NULL, NULL, NULL, NULL, NULL, NULL, NULL, NULL, NULL, 2616828, ' Свідоцтво: I-БB 281202 ', '3590504077'),
(591, '', 'Слободян', 'Владислав', 'Олегович', 7, NULL, NULL, NULL, NULL, 0, NULL, NULL, NULL, '1997-02-20', '2012-09-01', NULL, 22, NULL, NULL, 'Cвідоцтво про базову загальну середню освіту XM 42', NULL, NULL, NULL, NULL, NULL, NULL, NULL, NULL, NULL, NULL, NULL, NULL, NULL, NULL, NULL, NULL, NULL, NULL, NULL, NULL, 491692, ' Свідоцтво: I-БB 060250 ', NULL),
(592, '', 'Сльоз', 'Сергій', 'Олексійович', 25, NULL, NULL, NULL, NULL, 0, NULL, NULL, NULL, '1998-06-03', '2013-09-01', NULL, 14, NULL, NULL, 'Cвідоцтво про базову загальну середню освіту XM 44', NULL, NULL, NULL, NULL, NULL, NULL, NULL, NULL, NULL, NULL, NULL, NULL, NULL, NULL, NULL, NULL, NULL, NULL, NULL, NULL, 2472998, ' Свідоцтво: I-БB 283780 ', '3594805759'),
(593, '', 'Смаковус', 'Владислав', 'Володимирович', 36, NULL, NULL, NULL, NULL, 0, NULL, NULL, NULL, '1996-03-14', '2011-09-01', NULL, 173, NULL, NULL, 'Cвідоцтво про базову загальну середню освіту XM 40', NULL, NULL, NULL, NULL, NULL, NULL, NULL, NULL, NULL, NULL, NULL, NULL, NULL, NULL, NULL, NULL, NULL, NULL, NULL, NULL, 1298125, ' Свідоцтво: I-БB 034545 ', '3513702654'),
(594, '', 'Смолін', 'Антон', 'Миколайович', 15, NULL, NULL, NULL, NULL, 0, NULL, NULL, NULL, '1997-06-06', '2012-09-01', NULL, 180, NULL, NULL, 'Cвідоцтво про базову загальну середню освіту XM 42', NULL, NULL, NULL, NULL, NULL, NULL, NULL, NULL, NULL, NULL, NULL, NULL, NULL, NULL, NULL, NULL, NULL, NULL, NULL, NULL, 425730, ' Свідоцтво: I-БB 124005 ', NULL),
(595, '', 'Сноз', 'Артур', 'Вікторович', 13, NULL, NULL, NULL, NULL, 0, NULL, NULL, NULL, '1997-10-16', '2013-09-01', NULL, 0, NULL, NULL, 'Cвідоцтво про базову загальну середню освіту XM 44', NULL, NULL, NULL, NULL, NULL, NULL, NULL, NULL, NULL, NULL, NULL, NULL, NULL, NULL, NULL, NULL, NULL, NULL, NULL, NULL, 2638755, ' Свідоцтво: I-БB 149663 ', '3571809875'),
(596, '', 'Собчук', 'Олександр', 'Вікторович', 11, NULL, NULL, NULL, NULL, 0, NULL, NULL, NULL, '1996-06-13', '2011-09-01', NULL, 173, NULL, NULL, 'Cвідоцтво про базову загальну середню освіту XM 41', NULL, NULL, NULL, NULL, NULL, NULL, NULL, NULL, NULL, NULL, NULL, NULL, NULL, NULL, NULL, NULL, NULL, NULL, NULL, NULL, 2969827, ' Свідоцтво: I-БB 034766 ', '3522809731'),
(597, '', 'Сокальський', 'Владислав', 'Русланович', 6, NULL, NULL, NULL, NULL, 0, NULL, NULL, NULL, '1997-09-12', '2012-09-01', NULL, 173, NULL, NULL, 'Cвідоцтво про базову загальну середню освіту XM 42', NULL, NULL, NULL, NULL, NULL, NULL, NULL, NULL, NULL, NULL, NULL, NULL, NULL, NULL, NULL, NULL, NULL, NULL, NULL, NULL, 332658, ' Свідоцтво: I-БB 070226 ', '3568403175'),
(598, '', 'Соколовська', 'Анна', 'Віталіївна', 22, NULL, NULL, NULL, NULL, 1, NULL, NULL, NULL, '1998-08-05', '2013-09-01', NULL, 0, NULL, NULL, 'Cвідоцтво про базову загальну середню освіту XM 44', NULL, NULL, NULL, NULL, NULL, NULL, NULL, NULL, NULL, NULL, NULL, NULL, NULL, NULL, NULL, NULL, NULL, NULL, NULL, NULL, 2671065, ' Свідоцтво: I-БB 287955 ', '3601108806'),
(599, '', 'Солодовнік', 'Олександр', 'В''ячеславович', 14, NULL, NULL, NULL, NULL, 0, NULL, NULL, NULL, '1997-03-31', '2012-09-01', NULL, 173, NULL, NULL, 'Cвідоцтво про базову загальну середню освіту XM 42', NULL, NULL, NULL, NULL, NULL, NULL, NULL, NULL, NULL, NULL, NULL, NULL, NULL, NULL, NULL, NULL, NULL, NULL, NULL, NULL, 386856, ' Свідоцтво: I-БB 060463 ', NULL),
(600, '', 'Соломевич', 'Ірина', 'Андріївна', 34, NULL, NULL, NULL, NULL, 1, NULL, NULL, NULL, '1995-09-24', '2011-09-01', NULL, 173, NULL, NULL, 'Cвідоцтво про базову загальну середню освіту XM 40', NULL, NULL, NULL, NULL, NULL, NULL, NULL, NULL, NULL, NULL, NULL, NULL, NULL, NULL, NULL, NULL, NULL, NULL, NULL, NULL, 1136665, ' Свідоцтво: I-БB 080069 ', '3496502641'),
(601, '', 'Солонін', 'Богдан', 'Віталійович', 14, NULL, NULL, NULL, NULL, 0, NULL, NULL, NULL, '1997-06-16', '2012-09-01', NULL, 173, NULL, NULL, 'Cвідоцтво про базову загальну середню освіту XM 42', NULL, NULL, NULL, NULL, NULL, NULL, NULL, NULL, NULL, NULL, NULL, NULL, NULL, NULL, NULL, NULL, NULL, NULL, NULL, NULL, 212646, ' Свідоцтво: I-БB 064430 ', '3559603595'),
(602, '', 'Сорохан', 'Владислав', 'Олександрович', 13, NULL, NULL, NULL, NULL, 0, NULL, NULL, NULL, '1998-06-08', '2013-09-01', NULL, 0, NULL, NULL, 'Cвідоцтво про базову загальну середню освіту XM 44', NULL, NULL, NULL, NULL, NULL, NULL, NULL, NULL, NULL, NULL, NULL, NULL, NULL, NULL, NULL, NULL, NULL, NULL, NULL, NULL, 2764128, ' Свідоцтво: I-БB 283640 ', '3595306992'),
(603, '', 'Сорочинський', 'Денис', 'Валентинович', 28, NULL, NULL, NULL, NULL, 0, NULL, NULL, NULL, '1997-11-18', '2012-09-01', NULL, 173, NULL, NULL, 'Cвідоцтво про базову загальну середню освіту XM 42', NULL, NULL, NULL, NULL, NULL, NULL, NULL, NULL, NULL, NULL, NULL, NULL, NULL, NULL, NULL, NULL, NULL, NULL, NULL, NULL, 41913, ' Свідоцтво: I-БB 061067 ', '3575106314'),
(604, '', 'Стаховський', 'Максим', 'Миколайович', 32, NULL, NULL, NULL, NULL, 0, NULL, NULL, NULL, '1996-11-07', '2003-09-01', NULL, 0, NULL, NULL, 'Атестат про повну загальну середню освіту XM 44564', NULL, NULL, NULL, NULL, NULL, NULL, NULL, NULL, NULL, NULL, NULL, NULL, NULL, NULL, NULL, NULL, NULL, NULL, NULL, NULL, 2633049, '   ', NULL),
(605, '', 'Стельмах', 'Євген', 'Юрійович', 17, NULL, NULL, NULL, NULL, 0, NULL, NULL, NULL, '1995-10-05', '2011-09-01', NULL, 173, NULL, NULL, 'Cвідоцтво про базову загальну середню освіту XM 40', NULL, NULL, NULL, NULL, NULL, NULL, NULL, NULL, NULL, NULL, NULL, NULL, NULL, NULL, NULL, NULL, NULL, NULL, NULL, NULL, 1056575, ' Свідоцтво: I-БB 025345 ', '3497610751'),
(606, '', 'Степанюк', 'Андрій', 'Володимирович', 13, NULL, NULL, NULL, NULL, 0, NULL, NULL, NULL, '1997-08-14', '2013-09-01', NULL, 0, NULL, NULL, 'Cвідоцтво про базову загальну середню освіту XM 44', NULL, NULL, NULL, NULL, NULL, NULL, NULL, NULL, NULL, NULL, NULL, NULL, NULL, NULL, NULL, NULL, NULL, NULL, NULL, NULL, 2777273, ' Свідоцтво: I-БB 04634 ', NULL),
(607, '', 'Стефанович', 'Костянтин', 'Юрійович', 11, NULL, NULL, NULL, NULL, 0, NULL, NULL, NULL, '1997-02-01', '2011-09-01', NULL, 9, NULL, NULL, 'Cвідоцтво про базову загальну середню освіту XM 40', NULL, NULL, NULL, NULL, NULL, NULL, NULL, NULL, NULL, NULL, NULL, NULL, NULL, NULL, NULL, NULL, NULL, NULL, NULL, NULL, 1888664, ' Свідоцтво: I-БB 54708 ', '3546106313'),
(608, '', 'Стецюк', 'Дмитро', 'Ігорович', 37, NULL, NULL, NULL, NULL, 0, NULL, NULL, NULL, '1996-08-29', '2011-09-01', NULL, 173, NULL, NULL, 'Cвідоцтво про базову загальну середню освіту XM 40', NULL, NULL, NULL, NULL, NULL, NULL, NULL, NULL, NULL, NULL, NULL, NULL, NULL, NULL, NULL, NULL, NULL, NULL, NULL, NULL, 2205301, 'Паспорт: HB 651161   ', '3530503899'),
(609, '', 'Стецюк', 'Ігор', 'Миколайович', 25, NULL, NULL, NULL, NULL, 0, NULL, NULL, NULL, '1998-06-19', '2013-09-01', NULL, 0, NULL, NULL, 'Cвідоцтво про базову загальну середню освіту XM 44', NULL, NULL, NULL, NULL, NULL, NULL, NULL, NULL, NULL, NULL, NULL, NULL, NULL, NULL, NULL, NULL, NULL, NULL, NULL, NULL, 2497024, ' Свідоцтво: I-БB 283982 ', '3596409698'),
(610, '', 'Стецюк', 'Олена', 'Іванівна', 21, NULL, NULL, NULL, NULL, 1, NULL, NULL, NULL, '1998-09-23', '2013-09-01', NULL, 0, NULL, NULL, 'Cвідоцтво про базову загальну середню освіту XM 44', NULL, NULL, NULL, NULL, NULL, NULL, NULL, NULL, NULL, NULL, NULL, NULL, NULL, NULL, NULL, NULL, NULL, NULL, NULL, NULL, 2692333, ' Свідоцтво: I-БB 059215 ', '3606008007'),
(611, '', 'Стецюк', 'Павло', 'Петрович', 8, NULL, NULL, NULL, NULL, 0, NULL, NULL, NULL, '1998-08-04', '2013-09-01', NULL, 0, NULL, NULL, 'Cвідоцтво про базову загальну середню освіту XM 44', NULL, NULL, NULL, NULL, NULL, NULL, NULL, NULL, NULL, NULL, NULL, NULL, NULL, NULL, NULL, NULL, NULL, NULL, NULL, NULL, 2533177, ' Свідоцтво: I-БB 287329 ', '3601009478'),
(612, '', 'Стецюк', 'Ярослав', 'Богданович', 32, NULL, NULL, NULL, NULL, 0, NULL, NULL, NULL, '1996-10-21', '2012-09-01', NULL, 173, NULL, NULL, 'Cвідоцтво про базову загальну середню освіту XM 42', NULL, NULL, NULL, NULL, NULL, NULL, NULL, NULL, NULL, NULL, NULL, NULL, NULL, NULL, NULL, NULL, NULL, NULL, NULL, NULL, 491702, ' Свідоцтво: I-БB 018410 ', '3535809018'),
(613, '', 'Стопенчук', 'Михайло', 'Сергійович', 17, NULL, NULL, NULL, NULL, 0, NULL, NULL, NULL, '1995-11-13', '2011-09-01', NULL, 173, NULL, NULL, 'Cвідоцтво про базову загальну середню освіту XM 40', NULL, NULL, NULL, NULL, NULL, NULL, NULL, NULL, NULL, NULL, NULL, NULL, NULL, NULL, NULL, NULL, NULL, NULL, NULL, NULL, 1056736, ' Свідоцтво: I-БB 025526 ', '3501503536'),
(614, '', 'Сторожук', 'Віктор', 'Вікторович', 9, NULL, NULL, NULL, NULL, 0, NULL, NULL, NULL, '1998-07-13', '2013-09-01', NULL, 285, NULL, NULL, 'Cвідоцтво про базову загальну середню освіту XM 44', NULL, NULL, NULL, NULL, NULL, NULL, NULL, NULL, NULL, NULL, NULL, NULL, NULL, NULL, NULL, NULL, NULL, NULL, NULL, NULL, 2638045, ' Свідоцтво: I-БB 059391 ', '3598809056'),
(615, '', 'Сторожук', 'Олександр', 'Валерійович', 10, NULL, NULL, NULL, NULL, 0, NULL, NULL, NULL, '1996-10-11', '2011-09-01', NULL, 173, NULL, NULL, 'Cвідоцтво про базову загальну середню освіту XM 41', NULL, NULL, NULL, NULL, NULL, NULL, NULL, NULL, NULL, NULL, NULL, NULL, NULL, NULL, NULL, NULL, NULL, NULL, NULL, NULL, 1662196, ' Свідоцтво: I-БB 054031 ', '3534807713'),
(616, '', 'Сторожук', 'Тарас', 'Миколайович', 30, NULL, NULL, NULL, NULL, 0, NULL, NULL, NULL, '1997-02-20', '2012-09-01', NULL, 173, NULL, NULL, 'Cвідоцтво про базову загальну середню освіту XM 42', NULL, NULL, NULL, NULL, NULL, NULL, NULL, NULL, NULL, NULL, NULL, NULL, NULL, NULL, NULL, NULL, NULL, NULL, NULL, NULL, 491290, ' Свідоцтво: I-БB 028970 ', '3548000954'),
(617, '', 'Стружевський', 'Олег', 'Анатолійович', 14, NULL, NULL, NULL, NULL, 0, NULL, NULL, NULL, '1997-04-17', '2012-09-01', NULL, 173, NULL, NULL, 'Cвідоцтво про базову загальну середню освіту XM 42', NULL, NULL, NULL, NULL, NULL, NULL, NULL, NULL, NULL, NULL, NULL, NULL, NULL, NULL, NULL, NULL, NULL, NULL, NULL, NULL, 106989, ' Свідоцтво: I-БB 026813 ', '3553605115'),
(618, '', 'Супрун', 'Олександр', 'Олександрович', 36, NULL, NULL, NULL, NULL, 0, NULL, NULL, NULL, '1996-02-15', '2011-09-01', NULL, 175, NULL, NULL, 'Cвідоцтво про базову загальну середню освіту XM 40', NULL, NULL, NULL, NULL, NULL, NULL, NULL, NULL, NULL, NULL, NULL, NULL, NULL, NULL, NULL, NULL, NULL, NULL, NULL, NULL, 1303729, ' Свідоцтво: I-БB 034426 ', '3510911559'),
(619, '', 'Суховій', 'Руслан', 'Олександрович', 13, NULL, NULL, NULL, NULL, 0, NULL, NULL, NULL, '1997-09-08', '2013-09-01', NULL, 0, NULL, NULL, 'Cвідоцтво про базову загальну середню освіту XM 44', NULL, NULL, NULL, NULL, NULL, NULL, NULL, NULL, NULL, NULL, NULL, NULL, NULL, NULL, NULL, NULL, NULL, NULL, NULL, NULL, 2616194, ' Свідоцтво: I-БB 070375 ', '3568005531'),
(620, '', 'Табліний', 'Антон', 'Сергійович', 24, NULL, NULL, NULL, NULL, 0, NULL, NULL, NULL, '1997-12-25', '2013-09-01', NULL, 0, NULL, NULL, 'Cвідоцтво про базову загальну середню освіту XM 45', NULL, NULL, NULL, NULL, NULL, NULL, NULL, NULL, NULL, NULL, NULL, NULL, NULL, NULL, NULL, NULL, NULL, NULL, NULL, NULL, 2475979, ' Свідоцтво: I-БB 077045 ', '3578808557'),
(621, '', 'Танасюк', 'Ярослав', 'Миколайович', 13, NULL, NULL, NULL, NULL, 0, NULL, NULL, NULL, '1998-06-30', '2013-09-01', NULL, 0, NULL, NULL, 'Cвідоцтво про базову загальну середню освіту XM 44', NULL, NULL, NULL, NULL, NULL, NULL, NULL, NULL, NULL, NULL, NULL, NULL, NULL, NULL, NULL, NULL, NULL, NULL, NULL, NULL, 2691133, ' Свідоцтво: I-БB 075239 ', '3597504472'),
(622, '', 'Тарасенко', 'Юрій', 'Сергійович', 13, NULL, NULL, NULL, NULL, 0, NULL, NULL, NULL, '1998-05-06', '2013-09-01', NULL, 0, NULL, NULL, 'Cвідоцтво про базову загальну середню освіту XM 44', NULL, NULL, NULL, NULL, NULL, NULL, NULL, NULL, NULL, NULL, NULL, NULL, NULL, NULL, NULL, NULL, NULL, NULL, NULL, NULL, 2457994, ' Свідоцтво: I-БB 276579 ', '3592004216'),
(623, '', 'Тарасюк', 'Артур', 'Вікторович', 23, NULL, NULL, NULL, NULL, 0, NULL, NULL, NULL, '1998-03-18', '2013-09-01', NULL, 0, NULL, NULL, 'Cвідоцтво про базову загальну середню освіту XM 44', NULL, NULL, NULL, NULL, NULL, NULL, NULL, NULL, NULL, NULL, NULL, NULL, NULL, NULL, NULL, NULL, NULL, NULL, NULL, NULL, 2663906, ' Свідоцтво: I-MИ 057278 ', '3587110575'),
(624, '', 'Тарашевський', 'Артур', 'Альбертович', 24, NULL, NULL, NULL, NULL, 0, NULL, NULL, NULL, '1998-05-31', '2013-09-01', NULL, 0, NULL, NULL, 'Cвідоцтво про базову загальну середню освіту XM 44', NULL, NULL, NULL, NULL, NULL, NULL, NULL, NULL, NULL, NULL, NULL, NULL, NULL, NULL, NULL, NULL, NULL, NULL, NULL, NULL, 2759220, ' Свідоцтво: I-БB 283956 ', NULL),
(625, '', 'Тарнапольський', 'Василь', 'Євгенович', 7, NULL, NULL, NULL, NULL, 0, NULL, NULL, NULL, '1997-07-22', '2012-09-01', NULL, 175, NULL, NULL, 'Cвідоцтво про базову загальну середню освіту XM 42', NULL, NULL, NULL, NULL, NULL, NULL, NULL, NULL, NULL, NULL, NULL, NULL, NULL, NULL, NULL, NULL, NULL, NULL, NULL, NULL, 130029, ' Свідоцтво: I-БB 064905 ', '3563210339'),
(626, '', 'Теребей', 'Іван', 'В''ячеславович', 36, NULL, NULL, NULL, NULL, 0, NULL, NULL, NULL, '1996-11-07', '2011-09-01', NULL, 173, NULL, NULL, 'Cвідоцтво про базову загальну середню освіту XM 40', NULL, NULL, NULL, NULL, NULL, NULL, NULL, NULL, NULL, NULL, NULL, NULL, NULL, NULL, NULL, NULL, NULL, NULL, NULL, NULL, 1305176, ' Свідоцтво: XM 018336 ', '3537506039'),
(627, '', 'Терещук', 'Микола', 'Олександрович', 37, NULL, NULL, NULL, NULL, 0, NULL, NULL, NULL, '1995-05-22', '2011-09-01', NULL, 173, NULL, NULL, 'Cвідоцтво про базову загальну середню освіту XM 40', NULL, NULL, NULL, NULL, NULL, NULL, NULL, NULL, NULL, NULL, NULL, NULL, NULL, NULL, NULL, NULL, NULL, NULL, NULL, NULL, 2205304, ' Свідоцтво: I-БB 080903 ', '3484012897'),
(628, '', 'Тимченко', 'Назарій', 'Русланович', 25, NULL, NULL, NULL, NULL, 0, NULL, NULL, NULL, '1998-08-11', '2013-09-01', NULL, 0, NULL, NULL, 'Cвідоцтво про базову загальну середню освіту XM 44', NULL, NULL, NULL, NULL, NULL, NULL, NULL, NULL, NULL, NULL, NULL, NULL, NULL, NULL, NULL, NULL, NULL, NULL, NULL, NULL, 2685878, ' Свідоцтво: I-БB 287464 ', '3601708919'),
(629, '', 'Ткач', 'Михайло', 'Борисович', 8, NULL, NULL, NULL, NULL, 0, NULL, NULL, NULL, '1997-11-21', '2013-09-01', NULL, 0, NULL, NULL, 'Cвідоцтво про базову загальну середню освіту XM 44', NULL, NULL, NULL, NULL, NULL, NULL, NULL, NULL, NULL, NULL, NULL, NULL, NULL, NULL, NULL, NULL, NULL, NULL, NULL, NULL, 2460769, ' Свідоцтво: I-БB 070808 ', '3575404118'),
(630, '', 'Ткачук', 'Артем', 'Валентинович', 33, NULL, NULL, NULL, NULL, 0, NULL, NULL, NULL, '1996-02-24', '2011-09-01', NULL, 173, NULL, NULL, 'Cвідоцтво про базову загальну середню освіту XM 40', NULL, NULL, NULL, NULL, NULL, NULL, NULL, NULL, NULL, NULL, NULL, NULL, NULL, NULL, NULL, NULL, NULL, NULL, NULL, NULL, 2062094, ' Свідоцтво: I-БB 034502 ', '3511809890'),
(631, '', 'Ткачук', 'Олександр', 'Анатолійович', 25, NULL, NULL, NULL, NULL, 0, NULL, NULL, NULL, '1998-04-17', '2013-09-01', NULL, 0, NULL, NULL, 'Cвідоцтво про базову загальну середню освіту XM 44', NULL, NULL, NULL, NULL, NULL, NULL, NULL, NULL, NULL, NULL, NULL, NULL, NULL, NULL, NULL, NULL, NULL, NULL, NULL, NULL, 2498141, ' Свідоцтво: I-БB 283245 ', NULL),
(632, '', 'Токарчук', 'Євген', 'Станіславович', 31, NULL, NULL, NULL, NULL, 0, NULL, NULL, NULL, '1997-03-01', '2012-09-01', NULL, 173, NULL, NULL, 'Cвідоцтво про базову загальну середню освіту XM 42', NULL, NULL, NULL, NULL, NULL, NULL, NULL, NULL, NULL, NULL, NULL, NULL, NULL, NULL, NULL, NULL, NULL, NULL, NULL, NULL, 334968, ' Свідоцтво: I-БB 060113 ', '3548906214'),
(633, '', 'Томкевич', 'Павло', 'Сергійович', 17, NULL, NULL, NULL, NULL, 0, NULL, NULL, NULL, '1996-07-12', '2011-09-01', NULL, 173, NULL, NULL, 'Cвідоцтво про базову загальну середню освіту XM 40', NULL, NULL, NULL, NULL, NULL, NULL, NULL, NULL, NULL, NULL, NULL, NULL, NULL, NULL, NULL, NULL, NULL, NULL, NULL, NULL, 994757, ' Свідоцтво: I-БB 022921 ', '3525706911'),
(634, '', 'Тонкошкура', 'Вадим', 'Леонідович', 6, NULL, NULL, NULL, NULL, 0, NULL, NULL, NULL, '1996-04-23', '2012-09-01', NULL, 173, NULL, NULL, 'Cвідоцтво про базову загальну середню освіту XM 42', NULL, NULL, NULL, NULL, NULL, NULL, NULL, NULL, NULL, NULL, NULL, NULL, NULL, NULL, NULL, NULL, NULL, NULL, NULL, NULL, 15645, ' Свідоцтво: I-БB 040102 ', '3517709919'),
(635, '', 'Топалян', 'Михайло', 'Єгорович', 31, NULL, NULL, NULL, NULL, 0, NULL, NULL, NULL, '1996-08-18', '2012-09-01', NULL, 173, NULL, NULL, 'Cвідоцтво про базову загальну середню освіту XM 42', NULL, NULL, NULL, NULL, NULL, NULL, NULL, NULL, NULL, NULL, NULL, NULL, NULL, NULL, NULL, NULL, NULL, NULL, NULL, NULL, 526177, ' Свідоцтво: I-БB 039941 ', NULL),
(636, '', 'Торопова', 'Вероніка', 'Олександрівна', 27, NULL, NULL, NULL, NULL, 1, NULL, NULL, NULL, '1997-06-20', '2012-09-01', NULL, 173, NULL, NULL, 'Cвідоцтво про базову загальну середню освіту XM 42', NULL, NULL, NULL, NULL, NULL, NULL, NULL, NULL, NULL, NULL, NULL, NULL, NULL, NULL, NULL, NULL, NULL, NULL, NULL, NULL, 523641, ' Свідоцтво: I-БB 064470 ', NULL),
(637, '', 'Трескін', 'Євгеній', 'Юрійовч', 25, NULL, NULL, NULL, NULL, 0, NULL, NULL, NULL, '1998-07-21', '2013-09-01', NULL, 0, NULL, NULL, 'Cвідоцтво про базову загальну середню освіту XM 44', NULL, NULL, NULL, NULL, NULL, NULL, NULL, NULL, NULL, NULL, NULL, NULL, NULL, NULL, NULL, NULL, NULL, NULL, NULL, NULL, 2476010, ' Свідоцтво: I-БB 287066 ', '3599607375'),
(638, '', 'Турчанов', 'Павло', 'Андрійович', 38, NULL, NULL, NULL, NULL, 0, NULL, NULL, NULL, '1996-01-06', '2011-09-01', NULL, 173, NULL, NULL, 'Cвідоцтво про базову загальну середню освіту XM 40', NULL, NULL, NULL, NULL, NULL, NULL, NULL, NULL, NULL, NULL, NULL, NULL, NULL, NULL, NULL, NULL, NULL, NULL, NULL, NULL, 2211964, 'Паспорт: HB 629256   ', '3506903133'),
(639, '', 'Фаін', 'Артем', 'Борисович', 8, NULL, NULL, NULL, NULL, 0, NULL, NULL, NULL, '1997-10-20', '2013-09-01', NULL, 0, NULL, NULL, 'Cвідоцтво про базову загальну середню освіту XM 45', NULL, NULL, NULL, NULL, NULL, NULL, NULL, NULL, NULL, NULL, NULL, NULL, NULL, NULL, NULL, NULL, NULL, NULL, NULL, NULL, 2494029, ' Свідоцтво: I-БB 058339 ', '3572208474'),
(640, '', 'Файчук', 'Іван', 'Васильович', 16, NULL, NULL, NULL, NULL, 0, NULL, NULL, NULL, '1996-09-24', '2012-09-01', NULL, 173, NULL, NULL, 'Cвідоцтво про базову загальну середню освіту XM 42', NULL, NULL, NULL, NULL, NULL, NULL, NULL, NULL, NULL, NULL, NULL, NULL, NULL, NULL, NULL, NULL, NULL, NULL, NULL, NULL, 63165, ' Свідоцтво: I-БB 014682 ', NULL),
(641, '', 'Фаринюк', 'Олександр', 'Ігорович', 25, NULL, NULL, NULL, NULL, 0, NULL, NULL, NULL, '1998-01-23', '2013-09-01', NULL, 0, NULL, NULL, 'Cвідоцтво про базову загальну середню освіту XM 44', NULL, NULL, NULL, NULL, NULL, NULL, NULL, NULL, NULL, NULL, NULL, NULL, NULL, NULL, NULL, NULL, NULL, NULL, NULL, NULL, 2536159, ' Свідоцтво: I-БB 077518 ', '3581703651'),
(642, '', 'Федик', 'Іван', 'Володимирович', 31, NULL, NULL, NULL, NULL, 0, NULL, NULL, NULL, '1996-10-09', '2012-09-01', NULL, 173, NULL, NULL, 'Cвідоцтво про базову загальну середню освіту XM 43', NULL, NULL, NULL, NULL, NULL, NULL, NULL, NULL, NULL, NULL, NULL, NULL, NULL, NULL, NULL, NULL, NULL, NULL, NULL, NULL, 307394, ' Свідоцтво: I-БB 007976 ', '3534610718'),
(643, '', 'Федик', 'Мирослав', 'Миколайович', 28, NULL, NULL, NULL, NULL, 0, NULL, NULL, NULL, '1995-12-25', '2013-09-01', NULL, 0, NULL, NULL, 'Атестат про повну загальну середню освіту XM 44562', NULL, NULL, NULL, NULL, NULL, NULL, NULL, NULL, NULL, NULL, NULL, NULL, NULL, NULL, NULL, NULL, NULL, NULL, NULL, NULL, 2624907, 'Паспорт: HB 626975   ', NULL),
(644, '', 'Федоранич', 'Павло', 'Дмитрович', 18, NULL, NULL, NULL, NULL, 0, NULL, NULL, NULL, '1996-07-12', '2011-09-01', NULL, 173, NULL, NULL, 'Cвідоцтво про базову загальну середню освіту XM 40', NULL, NULL, NULL, NULL, NULL, NULL, NULL, NULL, NULL, NULL, NULL, NULL, NULL, NULL, NULL, NULL, NULL, NULL, NULL, NULL, 1802161, ' Свідоцтво: I-БB 046384 ', '3525703539'),
(645, '', 'Федоров', 'Артур', 'Володимирович', 6, NULL, NULL, NULL, NULL, 0, NULL, NULL, NULL, '1996-09-15', '2011-09-01', NULL, 205, NULL, NULL, 'Cвідоцтво про базову загальну середню освіту XM 41', NULL, NULL, NULL, NULL, NULL, NULL, NULL, NULL, NULL, NULL, NULL, NULL, NULL, NULL, NULL, NULL, NULL, NULL, NULL, NULL, 1775051, 'Паспорт: HB 649204   ', '3532207972'),
(646, '', 'Федоров', 'Олександр', 'Олександрович', 9, NULL, NULL, NULL, NULL, 0, NULL, NULL, NULL, '1998-06-27', '2013-09-01', NULL, 0, NULL, NULL, 'Cвідоцтво про базову загальну середню освіту XM 44', NULL, NULL, NULL, NULL, NULL, NULL, NULL, NULL, NULL, NULL, NULL, NULL, NULL, NULL, NULL, NULL, NULL, NULL, NULL, NULL, 2494596, ' Свідоцтво: I-БB 075513 ', '3597207632'),
(647, '', 'Фетісова', 'Анастасія', 'Сергіївна', 26, NULL, NULL, NULL, NULL, 1, NULL, NULL, NULL, '1997-06-22', '2012-09-01', NULL, 173, NULL, NULL, 'Cвідоцтво про базову загальну середню освіту XM 42', NULL, NULL, NULL, NULL, NULL, NULL, NULL, NULL, NULL, NULL, NULL, NULL, NULL, NULL, NULL, NULL, NULL, NULL, NULL, NULL, 172485, ' Свідоцтво: I-БB 064196 ', '3560208769'),
(648, '', 'Філішин', 'Олег', 'Ельшадович', 26, NULL, NULL, NULL, NULL, 0, NULL, NULL, NULL, '1997-07-11', '2012-09-01', NULL, 173, NULL, NULL, 'Cвідоцтво про базову загальну середню освіту XM 42', NULL, NULL, NULL, NULL, NULL, NULL, NULL, NULL, NULL, NULL, NULL, NULL, NULL, NULL, NULL, NULL, NULL, NULL, NULL, NULL, 482991, ' Свідоцтво: I-БB 064576 ', '3562110115'),
(649, '', 'Філь', 'Юрій', 'Іванович', 38, NULL, NULL, NULL, NULL, 0, NULL, NULL, NULL, '1996-05-14', '2011-09-01', NULL, 173, NULL, NULL, 'Cвідоцтво про базову загальну середню освіту XM 40', NULL, NULL, NULL, NULL, NULL, NULL, NULL, NULL, NULL, NULL, NULL, NULL, NULL, NULL, NULL, NULL, NULL, NULL, NULL, NULL, 2211983, ' Свідоцтво: I-БB 029618 ', '3519801612'),
(650, '', 'Франківський', 'Євген', 'Віталійович', 38, NULL, NULL, NULL, NULL, 0, NULL, NULL, NULL, '1996-03-17', '2011-09-01', NULL, 173, NULL, NULL, 'Cвідоцтво про базову загальну середню освіту XM 40', NULL, NULL, NULL, NULL, NULL, NULL, NULL, NULL, NULL, NULL, NULL, NULL, NULL, NULL, NULL, NULL, NULL, NULL, NULL, NULL, 2212013, 'Паспорт: HB 630471   ', '3514008194'),
(651, '', 'Франков', 'Віталій', 'Анатолійович', 30, NULL, NULL, NULL, NULL, 0, NULL, NULL, NULL, '1997-09-11', '2012-09-01', NULL, 173, NULL, NULL, 'Cвідоцтво про базову загальну середню освіту XM 42', NULL, NULL, NULL, NULL, NULL, NULL, NULL, NULL, NULL, NULL, NULL, NULL, NULL, NULL, NULL, NULL, NULL, NULL, NULL, NULL, 310709, ' Свідоцтво: I-БB 026942 ', '3568308050'),
(652, '', 'Франчук', 'Дмитро', 'Леонідович', 37, NULL, NULL, NULL, NULL, 0, NULL, NULL, NULL, '1995-11-23', '2011-09-01', NULL, 173, NULL, NULL, 'Cвідоцтво про базову загальну середню освіту XM 40', NULL, NULL, NULL, NULL, NULL, NULL, NULL, NULL, NULL, NULL, NULL, NULL, NULL, NULL, NULL, NULL, NULL, NULL, NULL, NULL, 2205305, ' Свідоцтво: I-БB 046610 ', '3502509516'),
(653, '', 'Фреюк', 'Андрій', 'Іванович', 16, NULL, NULL, NULL, NULL, 0, NULL, NULL, NULL, '1996-08-29', '2012-09-01', NULL, 173, NULL, NULL, 'Cвідоцтво про базову загальну середню освіту XM 40', NULL, NULL, NULL, NULL, NULL, NULL, NULL, NULL, NULL, NULL, NULL, NULL, NULL, NULL, NULL, NULL, NULL, NULL, NULL, NULL, 491468, ' Свідоцтво: I-БB 055377 ', NULL),
(654, '', 'Хеленюк', 'Руслана', 'Олександрівна', 22, NULL, NULL, NULL, NULL, 1, NULL, NULL, NULL, '1998-07-08', '2013-09-01', NULL, 0, NULL, NULL, 'Cвідоцтво про базову загальну середню освіту XM 44', NULL, NULL, NULL, NULL, NULL, NULL, NULL, NULL, NULL, NULL, NULL, NULL, NULL, NULL, NULL, NULL, NULL, NULL, NULL, NULL, 2686105, ' Свідоцтво: I-БB 280238 ', '3598307722'),
(655, '', 'Хмелюк', 'Олександр', 'Андрійович', 29, NULL, NULL, NULL, NULL, 0, NULL, NULL, NULL, '1997-11-24', '2012-09-01', NULL, 173, NULL, NULL, 'Cвідоцтво про базову загальну середню освіту XM 42', NULL, NULL, NULL, NULL, NULL, NULL, NULL, NULL, NULL, NULL, NULL, NULL, NULL, NULL, NULL, NULL, NULL, NULL, NULL, NULL, 62976, ' Свідоцтво: I-БB 057024 ', NULL),
(656, '', 'Хмельницький', 'Богдан', 'Валерійович', 37, NULL, NULL, NULL, NULL, 0, NULL, NULL, NULL, '1996-10-12', '2011-09-01', NULL, 173, NULL, NULL, 'Cвідоцтво про базову загальну середню освіту XM 40', NULL, NULL, NULL, NULL, NULL, NULL, NULL, NULL, NULL, NULL, NULL, NULL, NULL, NULL, NULL, NULL, NULL, NULL, NULL, NULL, 2205306, ' Свідоцтво: I-БB 041600 ', '3534904556'),
(657, '', 'Хобоша', 'Андрій', 'Володимирович', 6, NULL, NULL, NULL, NULL, 0, NULL, NULL, NULL, '1997-02-01', '2012-09-01', NULL, 173, NULL, NULL, 'Cвідоцтво про базову загальну середню освіту XM 43', NULL, NULL, NULL, NULL, NULL, NULL, NULL, NULL, NULL, NULL, NULL, NULL, NULL, NULL, NULL, NULL, NULL, NULL, NULL, NULL, 387244, ' Свідоцтво: I-БB 042163 ', NULL),
(658, '', 'Хованець', 'Юлія', 'Вікторівна', 22, NULL, NULL, NULL, NULL, 1, NULL, NULL, NULL, '1998-08-16', '2013-09-01', NULL, 0, NULL, NULL, 'Cвідоцтво про базову загальну середню освіту XM 44', NULL, NULL, NULL, NULL, NULL, NULL, NULL, NULL, NULL, NULL, NULL, NULL, NULL, NULL, NULL, NULL, NULL, NULL, NULL, NULL, 2687686, ' Свідоцтво: I-БB 287419 ', '3602207740'),
(659, '', 'Ходаніцька', 'Тетяна', 'В''ячеславівна', 27, NULL, NULL, NULL, NULL, 1, NULL, NULL, NULL, '1997-01-24', '2012-09-01', NULL, 173, NULL, NULL, 'Cвідоцтво про базову загальну середню освіту XM 42', NULL, NULL, NULL, NULL, NULL, NULL, NULL, NULL, NULL, NULL, NULL, NULL, NULL, NULL, NULL, NULL, NULL, NULL, NULL, NULL, 129052, ' Свідоцтво: I-БB 276406 ', '3545310541'),
(660, '', 'Холмогоров', 'Юрій', 'Володимирович', 10, NULL, NULL, NULL, NULL, 0, NULL, NULL, NULL, '1995-10-25', '2011-09-01', NULL, 173, NULL, NULL, 'Cвідоцтво про базову загальну середню освіту XM 40', NULL, NULL, NULL, NULL, NULL, NULL, NULL, NULL, NULL, NULL, NULL, NULL, NULL, NULL, NULL, NULL, NULL, NULL, NULL, NULL, 1741723, 'Паспорт: HB 616422   ', '3499610536'),
(661, '', 'Хоманець', 'Артем', 'Володимирович', 29, NULL, NULL, NULL, NULL, 0, NULL, NULL, NULL, '1997-08-16', '2012-09-01', NULL, 173, NULL, NULL, 'Cвідоцтво про базову загальну середню освіту XM 42', NULL, NULL, NULL, NULL, NULL, NULL, NULL, NULL, NULL, NULL, NULL, NULL, NULL, NULL, NULL, NULL, NULL, NULL, NULL, NULL, 462196, ' Свідоцтво: I-БB 039498 ', NULL),
(662, '', 'Хоманець', 'Артем', 'Ігорович', 34, NULL, NULL, NULL, NULL, 0, NULL, NULL, NULL, '1995-10-04', '2011-09-01', NULL, 173, NULL, NULL, 'Cвідоцтво про базову загальну середню освіту XM 40', NULL, NULL, NULL, NULL, NULL, NULL, NULL, NULL, NULL, NULL, NULL, NULL, NULL, NULL, NULL, NULL, NULL, NULL, NULL, NULL, 1171725, ' Свідоцтво: I-БB 025058 ', '3497511512'),
(663, '', 'Хоменко', 'Іван', 'Андрійович', 28, NULL, NULL, NULL, NULL, 0, NULL, NULL, NULL, '1996-10-09', '2012-09-01', NULL, 173, NULL, NULL, 'Cвідоцтво про базову загальну середню освіту XM 42', NULL, NULL, NULL, NULL, NULL, NULL, NULL, NULL, NULL, NULL, NULL, NULL, NULL, NULL, NULL, NULL, NULL, NULL, NULL, NULL, 425714, ' Свідоцтво: I-БB 046975 ', '3534610577'),
(664, '', 'Хомяк', 'Богдан', 'Вікторович', 13, NULL, NULL, NULL, NULL, 0, NULL, NULL, NULL, '1998-01-22', '2013-09-01', NULL, 0, NULL, NULL, 'Cвідоцтво про базову загальну середню освіту XM 44', NULL, NULL, NULL, NULL, NULL, NULL, NULL, NULL, NULL, NULL, NULL, NULL, NULL, NULL, NULL, NULL, NULL, NULL, NULL, NULL, 2500998, ' Свідоцтво: I-БB 077464 ', '3581606093'),
(665, '', 'Цаплюк', 'Андрій', 'Романович', 36, NULL, NULL, NULL, NULL, 0, NULL, NULL, NULL, '1994-06-01', '2010-09-01', NULL, 192, NULL, NULL, 'Cвідоцтво про базову загальну середню освіту XM 38', NULL, NULL, NULL, NULL, NULL, NULL, NULL, NULL, NULL, NULL, NULL, NULL, NULL, NULL, NULL, NULL, NULL, NULL, NULL, NULL, 1222957, 'Паспорт: HB 567752   ', '3448513692'),
(666, '', 'Цвяк', 'Марія', 'Сергіївна', 21, NULL, NULL, NULL, NULL, 1, NULL, NULL, NULL, '1997-04-07', '2013-09-01', NULL, 0, NULL, NULL, 'Cвідоцтво про базову загальну середню освіту XM 42', NULL, NULL, NULL, NULL, NULL, NULL, NULL, NULL, NULL, NULL, NULL, NULL, NULL, NULL, NULL, NULL, NULL, NULL, NULL, NULL, 2469652, 'Паспорт: HB 669308   ', '3552610345'),
(667, '', 'Цибульський', 'Ярослав', 'Ярославович', 28, NULL, NULL, NULL, NULL, 0, NULL, NULL, NULL, '1996-08-11', '2012-09-01', NULL, 173, NULL, NULL, 'Cвідоцтво про базову загальну середню освіту XM 40', NULL, NULL, NULL, NULL, NULL, NULL, NULL, NULL, NULL, NULL, NULL, NULL, NULL, NULL, NULL, NULL, NULL, NULL, NULL, NULL, 64360, ' Свідоцтво: I-БB 044569 ', '3528709117'),
(668, '', 'Цілінський', 'Роман', 'Валерійович', 25, NULL, NULL, NULL, NULL, 0, NULL, NULL, NULL, '1998-11-13', '2013-09-01', NULL, 0, NULL, NULL, 'Cвідоцтво про базову загальну середню освіту XM 44', NULL, NULL, NULL, NULL, NULL, NULL, NULL, NULL, NULL, NULL, NULL, NULL, NULL, NULL, NULL, NULL, NULL, NULL, NULL, NULL, 2640380, ' Свідоцтво: I-БB 067239 ', '3611106517'),
(669, '', 'Ціпцюра', 'Віктор', 'Русланович', 31, NULL, NULL, NULL, NULL, 0, NULL, NULL, NULL, '1997-05-01', '2012-09-01', NULL, 173, NULL, NULL, 'Cвідоцтво про базову загальну середню освіту XM 42', NULL, NULL, NULL, NULL, NULL, NULL, NULL, NULL, NULL, NULL, NULL, NULL, NULL, NULL, NULL, NULL, NULL, NULL, NULL, NULL, 29724, ' Свідоцтво: I-БB 038906 ', '3555008130'),
(670, '', 'Цісар', 'Михайло', 'Вікторович', 25, NULL, NULL, NULL, NULL, 0, NULL, NULL, NULL, '1998-04-21', '2013-09-01', NULL, 0, NULL, NULL, 'Cвідоцтво про базову загальну середню освіту XM 44', NULL, NULL, NULL, NULL, NULL, NULL, NULL, NULL, NULL, NULL, NULL, NULL, NULL, NULL, NULL, NULL, NULL, NULL, NULL, NULL, 2758906, ' Свідоцтво: I-БB 285014 ', '3590508658'),
(671, '', 'Цісар', 'Олександр', 'Петрович', 35, NULL, NULL, NULL, NULL, 0, NULL, NULL, NULL, '1996-05-23', '2011-09-01', NULL, 173, NULL, NULL, 'Cвідоцтво про базову загальну середню освіту XM 40', NULL, NULL, NULL, NULL, NULL, NULL, NULL, NULL, NULL, NULL, NULL, NULL, NULL, NULL, NULL, NULL, NULL, NULL, NULL, NULL, 2180367, ' Свідоцтво: I-БB 040242 ', '3520710091'),
(672, '', 'Чабан', 'Роман', 'Володимирович', 9, NULL, NULL, NULL, NULL, 0, NULL, NULL, NULL, '1998-08-08', '2013-09-01', NULL, 0, NULL, NULL, 'Cвідоцтво про базову загальну середню освіту XM 44', NULL, NULL, NULL, NULL, NULL, NULL, NULL, NULL, NULL, NULL, NULL, NULL, NULL, NULL, NULL, NULL, NULL, NULL, NULL, NULL, 2494304, ' Свідоцтво: I-БB 287399 ', '3601407696');
INSERT INTO `student` (`id`, `code`, `last_name`, `first_name`, `middle_name`, `group_id`, `phone_number`, `mobile_number`, `mother_name`, `father_name`, `gender`, `official_address`, `characteristics`, `factual_address`, `birth_date`, `admission_date`, `tuition_payment`, `admission_order_number`, `admission_semester`, `entry_exams`, `education_document`, `contract`, `math_mark`, `ua_language_mark`, `mother_workplace`, `mother_position`, `mother_workphone`, `mother_boss_workphone`, `father_workplace`, `father_position`, `father_workphone`, `father_boss_workphone`, `graduated`, `graduation_date`, `graduation_basis`, `graduation_semester`, `graduation_order_number`, `diploma`, `direction`, `misc_data`, `hobby`, `sseed_id`, `document`, `identification_code`) VALUES
(673, '', 'Чарнюк', 'Вадим', 'Володимирович', 21, NULL, NULL, NULL, NULL, 0, NULL, NULL, NULL, '1998-07-01', '2013-09-01', NULL, 0, NULL, NULL, 'Cвідоцтво про базову загальну середню освіту XM 44', NULL, NULL, NULL, NULL, NULL, NULL, NULL, NULL, NULL, NULL, NULL, NULL, NULL, NULL, NULL, NULL, NULL, NULL, NULL, NULL, 2524159, ' Свідоцтво: I-БB 057675 ', '3597610276'),
(674, '', 'Чаюк', 'Роман', 'Юрійович', 14, NULL, NULL, NULL, NULL, 0, NULL, NULL, NULL, '1996-11-05', '2012-09-01', NULL, 41, NULL, NULL, 'Cвідоцтво про базову загальну середню освіту XM 42', NULL, NULL, NULL, NULL, NULL, NULL, NULL, NULL, NULL, NULL, NULL, NULL, NULL, NULL, NULL, NULL, NULL, NULL, NULL, NULL, 483000, ' Свідоцтво: I-БB 035427 ', '3537310757'),
(675, '', 'Черватюк', 'Іван', 'Іванович', 36, NULL, NULL, NULL, NULL, 0, NULL, NULL, NULL, '1995-06-27', '2012-09-01', NULL, 215, NULL, NULL, 'Атестат про повну загальну середню освіту BH 42170', NULL, NULL, NULL, NULL, NULL, NULL, NULL, NULL, NULL, NULL, NULL, NULL, NULL, NULL, NULL, NULL, NULL, NULL, NULL, NULL, 661833, 'Паспорт: AB 954651   ', NULL),
(676, '', 'Черватюк', 'Олексій', 'Валентинович', 36, NULL, NULL, NULL, NULL, 0, NULL, NULL, NULL, '1995-05-09', '2011-09-01', NULL, 173, NULL, NULL, 'Cвідоцтво про базову загальну середню освіту XM 40', NULL, NULL, NULL, NULL, NULL, NULL, NULL, NULL, NULL, NULL, NULL, NULL, NULL, NULL, NULL, NULL, NULL, NULL, NULL, NULL, 1300062, ' Свідоцтво: I-БП 258779 ', '3482711558'),
(677, '', 'Черевченко', 'Ростислав', 'Андрійович', 25, NULL, NULL, NULL, NULL, 0, NULL, NULL, NULL, '1998-04-13', '2013-09-01', NULL, 0, NULL, NULL, 'Cвідоцтво про базову загальну середню освіту XM 44', NULL, NULL, NULL, NULL, NULL, NULL, NULL, NULL, NULL, NULL, NULL, NULL, NULL, NULL, NULL, NULL, NULL, NULL, NULL, NULL, 2565086, ' Свідоцтво: I-БB 057546 ', NULL),
(678, '', 'Черешня', 'Дмитро', 'Сергійович', 10, NULL, NULL, NULL, NULL, 0, NULL, NULL, NULL, '1995-10-29', '2011-09-01', NULL, 173, NULL, NULL, 'Cвідоцтво про базову загальну середню освіту XM 41', NULL, NULL, NULL, NULL, NULL, NULL, NULL, NULL, NULL, NULL, NULL, NULL, NULL, NULL, NULL, NULL, NULL, NULL, NULL, NULL, 1741946, 'Паспорт: HB 623395   ', '3500009639'),
(679, '', 'Черній', 'Віталій', 'Анатолійович', 29, NULL, NULL, NULL, NULL, 0, NULL, NULL, NULL, '1995-03-01', '2003-09-01', NULL, 0, NULL, NULL, 'Атестат про повну загальну середню освіту XM 44727', NULL, NULL, NULL, NULL, NULL, NULL, NULL, NULL, NULL, NULL, NULL, NULL, NULL, NULL, NULL, NULL, NULL, NULL, NULL, NULL, 2777367, 'Паспорт: HB 595378   ', NULL),
(680, '', 'Чернюк', 'Юлія', 'Володимирівна', 26, NULL, NULL, NULL, NULL, 1, NULL, NULL, NULL, '1996-08-22', '2012-09-01', NULL, 173, NULL, NULL, 'Cвідоцтво про базову загальну середню освіту XM 42', NULL, NULL, NULL, NULL, NULL, NULL, NULL, NULL, NULL, NULL, NULL, NULL, NULL, NULL, NULL, NULL, NULL, NULL, NULL, NULL, 328744, ' Свідоцтво: I-БB 014434 ', NULL),
(681, '', 'Черняк', 'Віталій', 'Васильович', 14, NULL, NULL, NULL, NULL, 0, NULL, NULL, NULL, '1997-03-27', '2012-09-01', NULL, 173, NULL, NULL, 'Cвідоцтво про базову загальну середню освіту XM 42', NULL, NULL, NULL, NULL, NULL, NULL, NULL, NULL, NULL, NULL, NULL, NULL, NULL, NULL, NULL, NULL, NULL, NULL, NULL, NULL, 212860, ' Свідоцтво: I-БB 053082 ', '3551509192'),
(682, '', 'Чорний', 'Віталій', 'Олегович', 23, NULL, NULL, NULL, NULL, 0, NULL, NULL, NULL, '1998-05-13', '2013-09-01', NULL, 0, NULL, NULL, 'Cвідоцтво про базову загальну середню освіту XM 44', NULL, NULL, NULL, NULL, NULL, NULL, NULL, NULL, NULL, NULL, NULL, NULL, NULL, NULL, NULL, NULL, NULL, NULL, NULL, NULL, 2539760, ' Свідоцтво: I-БB 039764 ', '3592704573'),
(683, '', 'Чорний', 'Микола', 'Миколайович', 31, NULL, NULL, NULL, NULL, 0, NULL, NULL, NULL, '1997-06-26', '2012-09-01', NULL, 173, NULL, NULL, 'Cвідоцтво про базову загальну середню освіту XM 42', NULL, NULL, NULL, NULL, NULL, NULL, NULL, NULL, NULL, NULL, NULL, NULL, NULL, NULL, NULL, NULL, NULL, NULL, NULL, NULL, 41360, ' Свідоцтво: I-БB 037753 ', '3560610270'),
(684, '', 'Чорнобривий', 'Олег', 'Андрійович', 32, NULL, NULL, NULL, NULL, 0, NULL, NULL, NULL, '1997-01-23', '2012-09-01', NULL, 173, NULL, NULL, 'Cвідоцтво про базову загальну середню освіту XM 42', NULL, NULL, NULL, NULL, NULL, NULL, NULL, NULL, NULL, NULL, NULL, NULL, NULL, NULL, NULL, NULL, NULL, NULL, NULL, NULL, 388163, ' Свідоцтво: I-БB 054913 ', '3545206658'),
(685, '', 'Чукань', 'Андрій', 'Анатолійович', 30, NULL, NULL, NULL, NULL, 0, NULL, NULL, NULL, '1997-07-15', '2012-09-01', NULL, 173, NULL, NULL, 'Cвідоцтво про базову загальну середню освіту XM 42', NULL, NULL, NULL, NULL, NULL, NULL, NULL, NULL, NULL, NULL, NULL, NULL, NULL, NULL, NULL, NULL, NULL, NULL, NULL, NULL, 427388, ' Свідоцтво: I-БB 064575 ', '3562510599'),
(686, '', 'Чумак', 'Євген', 'Михайлович', 7, NULL, NULL, NULL, NULL, 0, NULL, NULL, NULL, '1997-04-11', '2012-09-01', NULL, 173, NULL, NULL, 'Cвідоцтво про базову загальну середню освіту XM 42', NULL, NULL, NULL, NULL, NULL, NULL, NULL, NULL, NULL, NULL, NULL, NULL, NULL, NULL, NULL, NULL, NULL, NULL, NULL, NULL, 387348, ' Свідоцтво: I-БB 060659 ', '3553006018'),
(687, '', 'Шахрай', 'Олексій', 'Юрійович', 30, NULL, NULL, NULL, NULL, 0, NULL, NULL, NULL, '1997-02-11', '2012-09-01', NULL, 173, NULL, NULL, 'Свідоцтво про присвоєння(підвищення) робітничої кв', NULL, NULL, NULL, NULL, NULL, NULL, NULL, NULL, NULL, NULL, NULL, NULL, NULL, NULL, NULL, NULL, NULL, NULL, NULL, NULL, 303967, ' Свідоцтво: I-БB 041520 ', '3547110276'),
(688, '', 'Швець', 'Вадим', 'Володимирович', 29, NULL, NULL, NULL, NULL, 0, NULL, NULL, NULL, '1994-01-10', '2013-09-01', NULL, 226, NULL, NULL, 'Диплом кваліфікованого робітника XM 45054822', NULL, NULL, NULL, NULL, NULL, NULL, NULL, NULL, NULL, NULL, NULL, NULL, NULL, NULL, NULL, NULL, NULL, NULL, NULL, NULL, 2790155, 'Паспорт: HB 579287   ', '3434314754'),
(689, '', 'Швець', 'Максим', 'Вікторович', 23, NULL, NULL, NULL, NULL, 0, NULL, NULL, NULL, '1997-11-27', '2013-09-01', NULL, 0, NULL, NULL, 'Cвідоцтво про базову загальну середню освіту XM 44', NULL, NULL, NULL, NULL, NULL, NULL, NULL, NULL, NULL, NULL, NULL, NULL, NULL, NULL, NULL, NULL, NULL, NULL, NULL, NULL, 2784340, ' Свідоцтво: I-БB 071116 ', '3576009959'),
(690, '', 'Швидюк', 'Роман', 'Сергійович', 36, NULL, NULL, NULL, NULL, 0, NULL, NULL, NULL, '1995-09-17', '2011-09-01', NULL, 173, NULL, NULL, 'Cвідоцтво про базову загальну середню освіту XM 40', NULL, NULL, NULL, NULL, NULL, NULL, NULL, NULL, NULL, NULL, NULL, NULL, NULL, NULL, NULL, NULL, NULL, NULL, NULL, NULL, 1300535, ' Свідоцтво: I-БB 011664 ', '3495809396'),
(691, '', 'Шевчук', 'Владислав', 'Олегович', 38, NULL, NULL, NULL, NULL, 0, NULL, NULL, NULL, '1996-03-06', '2011-09-01', NULL, 9, NULL, NULL, 'Cвідоцтво про базову загальну середню освіту XM 40', NULL, NULL, NULL, NULL, NULL, NULL, NULL, NULL, NULL, NULL, NULL, NULL, NULL, NULL, NULL, NULL, NULL, NULL, NULL, NULL, 2212017, ' Свідоцтво: I-БB 034494 ', '3512904218'),
(692, '', 'Шевчук', 'Дмитрій', 'Олегович', 17, NULL, NULL, NULL, NULL, 0, NULL, NULL, NULL, '1996-08-25', '2011-09-01', NULL, 173, NULL, NULL, 'Cвідоцтво про базову загальну середню освіту XM 40', NULL, NULL, NULL, NULL, NULL, NULL, NULL, NULL, NULL, NULL, NULL, NULL, NULL, NULL, NULL, NULL, NULL, NULL, NULL, NULL, 993950, ' Свідоцтво: I-БB 004936 ', '3530107516'),
(693, '', 'Шевчук', 'Ілля', 'Михайлович', 13, NULL, NULL, NULL, NULL, 0, NULL, NULL, NULL, '1998-08-01', '2013-09-01', NULL, 0, NULL, NULL, 'Cвідоцтво про базову загальну середню освіту XM 44', NULL, NULL, NULL, NULL, NULL, NULL, NULL, NULL, NULL, NULL, NULL, NULL, NULL, NULL, NULL, NULL, NULL, NULL, NULL, NULL, 2726207, ' Свідоцтво: I-БB 287264 ', '3600704832'),
(694, '', 'Шевчук', 'Роман', 'Віталійович', 37, NULL, NULL, NULL, NULL, 0, NULL, NULL, NULL, '1996-04-20', '2011-09-01', NULL, 173, NULL, NULL, 'Cвідоцтво про базову загальну середню освіту XM 40', NULL, NULL, NULL, NULL, NULL, NULL, NULL, NULL, NULL, NULL, NULL, NULL, NULL, NULL, NULL, NULL, NULL, NULL, NULL, NULL, 2205307, 'Паспорт: HB 630315   ', '3517407873'),
(695, '', 'Шевчук', 'Юрій', 'Сергійович', 23, NULL, NULL, NULL, NULL, 0, NULL, NULL, NULL, '1998-03-26', '2013-09-01', NULL, 0, NULL, NULL, 'Cвідоцтво про базову загальну середню освіту XM 44', NULL, NULL, NULL, NULL, NULL, NULL, NULL, NULL, NULL, NULL, NULL, NULL, NULL, NULL, NULL, NULL, NULL, NULL, NULL, NULL, 2433874, ' Свідоцтво: I-БB 073077 ', '3587909078'),
(696, '', 'Шидіч', 'Олександр', 'Андрійович', 35, NULL, NULL, NULL, NULL, 0, NULL, NULL, NULL, '1995-07-30', '2012-09-01', NULL, 173, NULL, NULL, 'Атестат про повну загальну середню освіту XM 42585', NULL, NULL, NULL, NULL, NULL, NULL, NULL, NULL, NULL, NULL, NULL, NULL, NULL, NULL, NULL, NULL, NULL, NULL, NULL, NULL, 50781, '   ', NULL),
(697, '', 'Шидловський', 'Олександр', 'Вікторович', 17, NULL, NULL, NULL, NULL, 0, NULL, NULL, NULL, '1996-07-09', '2011-09-01', NULL, 173, NULL, NULL, 'Cвідоцтво про базову загальну середню освіту XM 41', NULL, NULL, NULL, NULL, NULL, NULL, NULL, NULL, NULL, NULL, NULL, NULL, NULL, NULL, NULL, NULL, NULL, NULL, NULL, NULL, 993731, ' Свідоцтво: I-БB 046148 ', '3525412417'),
(698, '', 'Шкарупа', 'Валентин', 'Богданович', 6, NULL, NULL, NULL, NULL, 0, NULL, NULL, NULL, '1996-12-23', '2012-09-01', NULL, 173, NULL, NULL, 'Cвідоцтво про базову загальну середню освіту XM 42', NULL, NULL, NULL, NULL, NULL, NULL, NULL, NULL, NULL, NULL, NULL, NULL, NULL, NULL, NULL, NULL, NULL, NULL, NULL, NULL, 134055, ' Свідоцтво: I-БB 054477 ', '3542103231'),
(699, '', 'Шлапак', 'Костянтин', 'Миколайович', 34, NULL, NULL, NULL, NULL, 0, NULL, NULL, NULL, '1995-11-12', '2011-09-01', NULL, 173, NULL, NULL, 'Cвідоцтво про базову загальну середню освіту XM 40', NULL, NULL, NULL, NULL, NULL, NULL, NULL, NULL, NULL, NULL, NULL, NULL, NULL, NULL, NULL, NULL, NULL, NULL, NULL, NULL, 1172207, ' Свідоцтво: I-БB 009406 ', '3501409677'),
(700, '', 'Шмагайло', 'Вадим', 'Володимирович', 9, NULL, NULL, NULL, NULL, 0, NULL, NULL, NULL, '1998-07-15', '2013-09-01', NULL, 0, NULL, NULL, 'Cвідоцтво про базову загальну середню освіту XM 44', NULL, NULL, NULL, NULL, NULL, NULL, NULL, NULL, NULL, NULL, NULL, NULL, NULL, NULL, NULL, NULL, NULL, NULL, NULL, NULL, 2531988, ' Свідоцтво: I-БB 205033 ', '3599004050'),
(701, '', 'Шнейдер', 'Олександр', 'Олегович', 38, NULL, NULL, NULL, NULL, 0, NULL, NULL, NULL, '1995-09-16', '2011-09-01', NULL, 173, NULL, NULL, 'Cвідоцтво про базову загальну середню освіту XM 40', NULL, NULL, NULL, NULL, NULL, NULL, NULL, NULL, NULL, NULL, NULL, NULL, NULL, NULL, NULL, NULL, NULL, NULL, NULL, NULL, 2212027, 'Паспорт: HB 630351   ', '3495710631'),
(702, '', 'Шостка', 'Борис', 'Миколайович', 32, NULL, NULL, NULL, NULL, 0, NULL, NULL, NULL, '1997-01-15', '2012-09-01', NULL, 173, NULL, NULL, 'Cвідоцтво про базову загальну середню освіту XM 42', NULL, NULL, NULL, NULL, NULL, NULL, NULL, NULL, NULL, NULL, NULL, NULL, NULL, NULL, NULL, NULL, NULL, NULL, NULL, NULL, 335703, ' Свідоцтво: I-БB 173311 ', '3544406915'),
(703, '', 'Шпак', 'Назар', 'Вікторович', 29, NULL, NULL, NULL, NULL, 0, NULL, NULL, NULL, '1997-09-07', '2012-09-01', NULL, 173, NULL, NULL, 'Cвідоцтво про базову загальну середню освіту XM 42', NULL, NULL, NULL, NULL, NULL, NULL, NULL, NULL, NULL, NULL, NULL, NULL, NULL, NULL, NULL, NULL, NULL, NULL, NULL, NULL, 426292, ' Свідоцтво: I-БB 276483 ', '3567906711'),
(704, '', 'Шпаченко', 'Тарас', 'Олександрович', 6, NULL, NULL, NULL, NULL, 0, NULL, NULL, NULL, '1997-03-11', '2012-09-01', NULL, 180, NULL, NULL, 'Cвідоцтво про базову загальну середню освіту XM 42', NULL, NULL, NULL, NULL, NULL, NULL, NULL, NULL, NULL, NULL, NULL, NULL, NULL, NULL, NULL, NULL, NULL, NULL, NULL, NULL, 24946, ' Свідоцтво: I-БB 060343 ', '3549908396'),
(705, '', 'Шпулак', 'Павло', 'Ігорович', 10, NULL, NULL, NULL, NULL, 0, NULL, NULL, NULL, '1996-07-19', '2011-09-01', NULL, 173, NULL, NULL, 'Cвідоцтво про базову загальну середню освіту XM 40', NULL, NULL, NULL, NULL, NULL, NULL, NULL, NULL, NULL, NULL, NULL, NULL, NULL, NULL, NULL, NULL, NULL, NULL, NULL, NULL, 1741412, 'Паспорт: HB 646080   ', '3526409132'),
(706, '', 'Шулик', 'Аліна', 'Сергіївна', 11, NULL, NULL, NULL, NULL, 1, NULL, NULL, NULL, '1996-09-11', '2011-09-01', NULL, 173, NULL, NULL, 'Cвідоцтво про базову загальну середню освіту XM 40', NULL, NULL, NULL, NULL, NULL, NULL, NULL, NULL, NULL, NULL, NULL, NULL, NULL, NULL, NULL, NULL, NULL, NULL, NULL, NULL, 1888743, ' Свідоцтво: I-БB 46408 ', '3531805762'),
(707, '', 'Щебетаха', 'Тарас', 'Сергійович', 35, NULL, NULL, NULL, NULL, 0, NULL, NULL, NULL, '1995-10-28', '2011-09-01', NULL, 173, NULL, NULL, 'Cвідоцтво про базову загальну середню освіту XM 40', NULL, NULL, NULL, NULL, NULL, NULL, NULL, NULL, NULL, NULL, NULL, NULL, NULL, NULL, NULL, NULL, NULL, NULL, NULL, NULL, 2180379, ' Свідоцтво: I-БB 025451 ', '3499908955'),
(708, '', 'Юзвишен', 'Ярослав', 'Володимирович', 38, NULL, NULL, NULL, NULL, 0, NULL, NULL, NULL, '1996-03-12', '2011-09-01', NULL, 173, NULL, NULL, 'Cвідоцтво про базову загальну середню освіту XM 40', NULL, NULL, NULL, NULL, NULL, NULL, NULL, NULL, NULL, NULL, NULL, NULL, NULL, NULL, NULL, NULL, NULL, NULL, NULL, NULL, 2212048, 'Паспорт: HB 632249   ', '3513509850'),
(709, '', 'Юнчик', 'Юрій', 'Дмитрович', 28, NULL, NULL, NULL, NULL, 0, NULL, NULL, NULL, '1996-01-30', '2003-09-01', NULL, 0, NULL, NULL, 'Атестат про повну загальну середню освіту XM 44563', NULL, NULL, NULL, NULL, NULL, NULL, NULL, NULL, NULL, NULL, NULL, NULL, NULL, NULL, NULL, NULL, NULL, NULL, NULL, NULL, 2507690, 'Паспорт: HB 630177   ', NULL),
(710, '', 'Ющенко', 'Владислав', 'Богданович', 9, NULL, NULL, NULL, NULL, 0, NULL, NULL, NULL, '1998-06-08', '2013-09-01', NULL, 0, NULL, NULL, 'Cвідоцтво про базову загальну середню освіту XM 44', NULL, NULL, NULL, NULL, NULL, NULL, NULL, NULL, NULL, NULL, NULL, NULL, NULL, NULL, NULL, NULL, NULL, NULL, NULL, NULL, 2560194, ' Свідоцтво: I-БB 067505 ', '3595309977'),
(711, '', 'Ягозінський', 'Валерій', 'Валентинович', 15, NULL, NULL, NULL, NULL, 0, NULL, NULL, NULL, '1996-11-20', '2012-09-01', NULL, 173, NULL, NULL, 'Cвідоцтво про базову загальну середню освіту XM 42', NULL, NULL, NULL, NULL, NULL, NULL, NULL, NULL, NULL, NULL, NULL, NULL, NULL, NULL, NULL, NULL, NULL, NULL, NULL, NULL, 329150, ' Свідоцтво: I-БB 054417 ', '3538805074'),
(712, '', 'Якимишин', 'Богдан', 'Юрійович', 7, NULL, NULL, NULL, NULL, 0, NULL, NULL, NULL, '1996-11-24', '2003-09-01', NULL, 215, NULL, NULL, 'Атестат про повну загальну середню освіту XM 44565', NULL, NULL, NULL, NULL, NULL, NULL, NULL, NULL, NULL, NULL, NULL, NULL, NULL, NULL, NULL, NULL, NULL, NULL, NULL, NULL, 2566021, ' Свідоцтво: I-БB 054355 ', NULL),
(713, '', 'Якимчук', 'Деніс', 'Іванович', 34, NULL, NULL, NULL, NULL, 0, NULL, NULL, NULL, '1995-03-15', '2011-09-01', NULL, 173, NULL, NULL, 'Cвідоцтво про базову загальну середню освіту PH 38', NULL, NULL, NULL, NULL, NULL, NULL, NULL, NULL, NULL, NULL, NULL, NULL, NULL, NULL, NULL, NULL, NULL, NULL, NULL, NULL, 1172706, 'Паспорт: HT 050235   ', '3477213014'),
(714, '', 'Якимчук', 'Михайло', 'Михайлович', 33, NULL, NULL, NULL, NULL, 0, NULL, NULL, NULL, '1996-01-17', '2011-09-01', NULL, 173, NULL, NULL, 'Cвідоцтво про базову загальну середню освіту XM 40', NULL, NULL, NULL, NULL, NULL, NULL, NULL, NULL, NULL, NULL, NULL, NULL, NULL, NULL, NULL, NULL, NULL, NULL, NULL, NULL, 2062121, ' Свідоцтво: I-БB 009801 ', '3508009938'),
(715, '', 'Яловий', 'Олександр', 'Вікторович', 36, NULL, NULL, NULL, NULL, 0, NULL, NULL, NULL, '1996-04-15', '2011-09-01', NULL, 173, NULL, NULL, 'Cвідоцтво про базову загальну середню освіту XM 40', NULL, NULL, NULL, NULL, NULL, NULL, NULL, NULL, NULL, NULL, NULL, NULL, NULL, NULL, NULL, NULL, NULL, NULL, NULL, NULL, 1292733, ' Свідоцтво: I-БK 389236 ', '3516910255'),
(716, '', 'Януш', 'Роман', 'Володимирович', 17, NULL, NULL, NULL, NULL, 0, NULL, NULL, NULL, '1995-07-20', '2011-09-01', NULL, 173, NULL, NULL, 'Cвідоцтво про базову загальну середню освіту XM 40', NULL, NULL, NULL, NULL, NULL, NULL, NULL, NULL, NULL, NULL, NULL, NULL, NULL, NULL, NULL, NULL, NULL, NULL, NULL, NULL, 1056996, ' Свідоцтво: I-БB 020176 ', '3489906376'),
(717, '', 'Януш', 'Руслан', 'Станіславович', 34, NULL, NULL, NULL, NULL, 0, NULL, NULL, NULL, '1996-07-22', '2011-09-01', NULL, 175, NULL, NULL, 'Cвідоцтво про базову загальну середню освіту XM 40', NULL, NULL, NULL, NULL, NULL, NULL, NULL, NULL, NULL, NULL, NULL, NULL, NULL, NULL, NULL, NULL, NULL, NULL, NULL, NULL, 1173576, ' Свідоцтво: I-БB 154185 ', '3526710535'),
(718, '', 'Ярема', 'Віталій', 'Костянтинович', 34, NULL, NULL, NULL, NULL, 0, NULL, NULL, NULL, '1995-02-13', '2011-09-01', NULL, 173, NULL, NULL, 'Cвідоцтво про базову загальну середню освіту XM 40', NULL, NULL, NULL, NULL, NULL, NULL, NULL, NULL, NULL, NULL, NULL, NULL, NULL, NULL, NULL, NULL, NULL, NULL, NULL, NULL, 1173183, ' Свідоцтво: I-БB 113171 ', '3474213078'),
(719, '', 'Яроха', 'Артур', 'Віталійович', 6, NULL, NULL, NULL, NULL, 0, NULL, NULL, NULL, '1996-10-25', '2012-09-01', NULL, 173, NULL, NULL, 'Cвідоцтво про базову загальну середню освіту XM 42', NULL, NULL, NULL, NULL, NULL, NULL, NULL, NULL, NULL, NULL, NULL, NULL, NULL, NULL, NULL, NULL, NULL, NULL, NULL, NULL, 62388, ' Свідоцтво: I-БB 054374 ', NULL),
(720, '', 'Яцик', 'Денис', 'Іванович', 7, NULL, NULL, NULL, NULL, 0, NULL, NULL, NULL, '1996-12-21', '2012-09-01', NULL, 317, NULL, NULL, 'Cвідоцтво про базову загальну середню освіту BH 42', NULL, NULL, NULL, NULL, NULL, NULL, NULL, NULL, NULL, NULL, NULL, NULL, NULL, NULL, NULL, NULL, NULL, NULL, NULL, NULL, 461782, ' Свідоцтво: I-AM 010384 ', '3541908238'),
(721, '', 'Ящук', 'Дмитро', 'Володимирович', 26, NULL, NULL, NULL, NULL, 0, NULL, NULL, NULL, '1996-06-01', '2003-09-01', NULL, 0, NULL, NULL, 'Атестат про повну загальну середню освіту XM 44566', NULL, NULL, NULL, NULL, NULL, NULL, NULL, NULL, NULL, NULL, NULL, NULL, NULL, NULL, NULL, NULL, NULL, NULL, NULL, NULL, 2707563, 'Паспорт: HB 641257   ', NULL);

--
-- Дамп данных таблицы `subject`
--

INSERT INTO `subject` (`id`, `title`, `code`, `short_name`, `practice`) VALUES
(163, 'Основи філософських знань', '1,04', 'філософія', NULL),
(162, 'Культурологія', '1,03', 'Культурологія', NULL),
(161, 'Українська мова (за професійним спрямуванням)', '1,02', 'Укр.мова проф', NULL),
(160, 'Історія України2', '1,01', 'Історія України', NULL),
(159, 'Основи програмування та алгоритмічні мови', '3,02', 'Оосн.прог', NULL),
(158, 'Програмування Інтернет-застосувань', '4,13', 'Програмування Інтернет-застосувань', NULL),
(157, 'Ліцензування та сертифікація програмних продуктів', '4,12', 'Ліц. та серт. ПЗ', NULL),
(108, 'Світова література', 'ЗО.04', 'Світ.літ.', NULL),
(107, 'Іноземна мова', 'ЗО.03', 'Іноз. мова', NULL),
(106, 'Українська література ', 'ЗО.02', 'Укр.літ', NULL),
(105, 'Українська мова', 'ЗО.01', 'УКр.мова', NULL),
(154, 'Автоматизовані інформаційні системи', '4,9', 'АІС', NULL),
(155, 'Економіка та організація виробництва', '4,10', 'Економіка та орг. вироб', NULL),
(156, 'Дискретні структури', '4,11', 'Дискретні структури', NULL),
(113, 'Людина і світ', 'ЗО.07', 'Людина і світ', NULL),
(114, 'Художня культура', 'ЗО.08', 'Худ.культура', NULL),
(115, 'Алгебра', 'ЗО.09', 'Алгебра', NULL),
(116, 'Геометрія', 'ЗО.09', 'Геометрія', NULL),
(117, 'Фізика', 'ЗО.10', 'Фізика', NULL),
(118, 'Астрономія', 'ЗО.11', 'Астрономія', NULL),
(119, 'Біологія', 'ЗО.12', 'Біологія', NULL),
(120, 'Географія', 'ЗО.13', 'Географія', NULL),
(121, 'Хімія', 'ЗО.14', 'Хімія', NULL),
(122, 'Екологія', 'ЗО.15', 'Екологія', NULL),
(123, 'Технологія', 'ЗО.16', 'Технологія', NULL),
(124, 'Інформатикаи (основи програмування та алгоритмічні', 'ЗО.17', 'Інформат', NULL),
(125, 'Фізична культура', 'ЗО.18', 'Фіз.культ', NULL),
(126, 'Захист Вітчизни', 'ЗО.19', 'Захист Вітчизни', NULL),
(112, 'Економіка', 'ЗО.07', 'Економіка', NULL),
(111, 'Правознавство', 'ЗО.07', 'Правознавство', NULL),
(110, 'Всесвітня історія', 'ЗО.06', 'Всес.іст.', NULL),
(109, 'Історія України', 'ЗО.05', 'Іст.Укр', NULL),
(137, 'Конструювання програмного забезпечення', '3,12', 'КПЗ', NULL),
(138, 'Проектний практикум', '3,13', 'Прок.практикум', NULL),
(139, 'Охорона праці', '3,14', 'Ох. праці', NULL),
(140, 'Охорона праці в галузі', '3,15', 'Ох праці в галуз', NULL),
(141, 'Практика з програмування', '3,16', 'Практика з прог', NULL),
(142, 'Практика з ОС та ООП', '3,17', 'Практика з ОС та ООП', NULL),
(143, 'Технологічна практика', '3,18', 'Технологічна практика', NULL),
(144, 'Переддипломна практика', '3,19', 'Переддипломна практика', NULL),
(145, 'Дипломне проктування', '3,20', 'Дипломне проктування', NULL),
(146, 'Основи психології та педагогіки', '4,1', 'Основи психології та педагогіки', NULL),
(147, 'Політологія', '4,2', 'Політологія', NULL),
(148, 'Підприємництво та менеджмент', '4,3', 'Підприємництво та менеджмент', NULL),
(149, 'Англійська мова (технічний переклад)', '4,4', 'Англійська мова (технічний переклад)', NULL),
(150, 'Комп''ютерна графіка', '4,5', 'Комп''ютерна графіка', NULL),
(151, 'Групова дінаміка і комунікації', '4,6', 'ГДК', NULL),
(152, 'Засоби системного програмування', '4,7', 'ЗСП', NULL),
(153, 'Математичні методи дослідження операцій', '4,8', 'Мат методи', NULL),
(127, 'Вступ в спеціальність', '3.01', 'Вступ ', NULL),
(128, 'Об''єктно-орієнтоване програмування', '3,02', 'ООП', NULL),
(129, 'Алгоритми і структури даних', '3,04', 'Алг і стр.дан', NULL),
(130, 'Операційні системи', '3,05', 'ОС', NULL),
(131, 'Інструментальні засоби візуального програмування', '3,06', 'ІЗВП', NULL),
(132, 'Бази даних', '3,07', 'БД', NULL),
(133, 'Людинно-машинна взаємодія', '3,08', 'ЛМВ', NULL),
(134, 'Архітектура комп''ютерів', '3.09', 'Арх.комп', NULL),
(135, 'Організація комп''ютерних систем', '3,10', 'Орг ком.сис.', NULL),
(136, 'Основи програмної інженерії', '3,11', 'ОПІ', NULL);

--
-- Дамп данных таблицы `subject_cycle`
--

INSERT INTO `subject_cycle` (`id`, `title`) VALUES
(1, 'Цикл загальноосвітніх предметів'),
(2, 'Гуманітарні  та соціально економічні дисципліни'),
(4, 'Дисципліни природничо-наукової  (фундаментальної) підготовки'),
(8, 'Вибіркові навчальні дисципліни'),
(6, 'Дисципліни професійної і практичної підготовки');

--
-- Дамп данных таблицы `subject_has_speciality_and_cycle`
--

INSERT INTO `subject_has_speciality_and_cycle` (`subject_id`, `speciality_id`, `cycle_id`) VALUES
(105, 1, 1),
(106, 1, 1),
(107, 1, 1),
(108, 1, 1),
(109, 1, 1),
(110, 1, 1),
(111, 1, 1),
(113, 1, 1),
(114, 1, 1),
(115, 1, 1),
(116, 1, 1),
(117, 1, 1),
(118, 1, 1),
(119, 1, 1),
(120, 1, 1),
(121, 1, 1),
(122, 1, 1),
(123, 1, 1),
(124, 1, 1),
(125, 1, 1),
(126, 1, 1),
(127, 1, 6),
(128, 1, 6),
(129, 1, 6),
(130, 1, 6),
(131, 1, 6),
(132, 1, 6),
(133, 1, 6),
(134, 1, 6),
(135, 1, 6),
(136, 1, 6),
(137, 1, 6),
(138, 1, 6),
(139, 1, 6),
(140, 1, 6),
(141, 1, 6),
(142, 1, 6),
(143, 1, 6),
(144, 1, 1),
(144, 1, 6),
(145, 1, 6),
(146, 1, 8),
(147, 1, 8),
(148, 1, 8),
(149, 1, 8),
(150, 1, 8),
(151, 1, 8),
(152, 1, 8),
(153, 1, 8),
(154, 1, 8),
(155, 1, 8),
(156, 1, 8),
(157, 1, 8),
(158, 1, 8),
(159, 1, 6),
(161, 1, 2),
(162, 1, 2),
(163, 1, 2);


--
-- Дамп данных таблицы `user`
--

INSERT INTO `user` (`id`, `username`, `password`, `email`, `role`, `identity_id`, `identity_type`) VALUES
(1, 'root', 'c4ca4238a0b923820dcc509a6f75849b', 'root@email.com', 1, NULL, NULL),
(2, 'teacher1', 'c4ca4238a0b923820dcc509a6f75849b', '', 1, 1, 1),
(3, 'teacher2', 'c4ca4238a0b923820dcc509a6f75849b', '', 1, 2, 1),
(4, 'teacher3', 'c4ca4238a0b923820dcc509a6f75849b', '', 1, 3, 1),
(5, 'teacher4', 'c4ca4238a0b923820dcc509a6f75849b', '', 1, 4, 1),
(6, 'teacher5', 'c4ca4238a0b923820dcc509a6f75849b', '', 1, 5, 1),
(7, 'teacher6', 'c4ca4238a0b923820dcc509a6f75849b', '', 1, 6, 1),
(8, 'teacher7', 'c4ca4238a0b923820dcc509a6f75849b', '', 1, 7, 1),
(9, 'teacher8', 'c4ca4238a0b923820dcc509a6f75849b', '', 1, 8, 1),
(10, 'teacher9', 'c4ca4238a0b923820dcc509a6f75849b', '', 1, 9, 1),
(11, 'teacher10', 'c4ca4238a0b923820dcc509a6f75849b', '', 1, 10, 1),
(12, 'teacher11', 'c4ca4238a0b923820dcc509a6f75849b', '', 1, 11, 1),
(13, 'teacher12', 'c4ca4238a0b923820dcc509a6f75849b', '', 1, 12, 1),
(14, 'teacher13', 'c4ca4238a0b923820dcc509a6f75849b', '', 1, 13, 1),
(15, 'teacher14', 'c4ca4238a0b923820dcc509a6f75849b', '', 1, 14, 1),
(16, 'teacher15', 'c4ca4238a0b923820dcc509a6f75849b', '', 1, 15, 1),
(17, 'teacher16', 'c4ca4238a0b923820dcc509a6f75849b', '', 1, 16, 1),
(18, 'teacher17', 'c4ca4238a0b923820dcc509a6f75849b', '', 1, 17, 1),
(19, 'teacher18', 'c4ca4238a0b923820dcc509a6f75849b', '', 1, 18, 1),
(20, 'teacher19', 'c4ca4238a0b923820dcc509a6f75849b', '', 1, 19, 1),
(21, 'teacher20', 'c4ca4238a0b923820dcc509a6f75849b', '', 1, 20, 1),
(22, 'teacher21', 'c4ca4238a0b923820dcc509a6f75849b', '', 1, 21, 1),
(23, 'teacher22', 'c4ca4238a0b923820dcc509a6f75849b', '', 1, 22, 1),
(24, 'teacher23', 'c4ca4238a0b923820dcc509a6f75849b', '', 1, 23, 1),
(25, 'teacher24', 'c4ca4238a0b923820dcc509a6f75849b', '', 1, 24, 1),
(26, 'teacher25', 'c4ca4238a0b923820dcc509a6f75849b', '', 1, 25, 1),
(27, 'teacher26', 'c4ca4238a0b923820dcc509a6f75849b', '', 1, 26, 1),
(28, 'teacher27', 'c4ca4238a0b923820dcc509a6f75849b', '', 1, 27, 1),
(29, 'teacher28', 'c4ca4238a0b923820dcc509a6f75849b', '', 1, 28, 1),
(30, 'teacher29', 'c4ca4238a0b923820dcc509a6f75849b', '', 1, 29, 1),
(31, 'teacher30', 'c4ca4238a0b923820dcc509a6f75849b', '', 1, 30, 1),
(32, 'teacher31', 'c4ca4238a0b923820dcc509a6f75849b', '', 1, 31, 1),
(33, 'teacher32', 'c4ca4238a0b923820dcc509a6f75849b', '', 1, 32, 1),
(34, 'teacher33', 'c4ca4238a0b923820dcc509a6f75849b', '', 1, 33, 1),
(35, 'teacher34', 'c4ca4238a0b923820dcc509a6f75849b', '', 1, 34, 1),
(36, 'teacher35', 'c4ca4238a0b923820dcc509a6f75849b', '', 1, 35, 1),
(37, 'teacher36', 'c4ca4238a0b923820dcc509a6f75849b', '', 1, 36, 1),
(38, 'teacher37', 'c4ca4238a0b923820dcc509a6f75849b', '', 1, 37, 1),
(39, 'teacher38', 'c4ca4238a0b923820dcc509a6f75849b', '', 1, 38, 1),
(40, 'teacher39', 'c4ca4238a0b923820dcc509a6f75849b', '', 1, 39, 1),
(41, 'teacher40', 'c4ca4238a0b923820dcc509a6f75849b', '', 1, 40, 1),
(42, 'teacher41', 'c4ca4238a0b923820dcc509a6f75849b', '', 1, 41, 1),
(43, 'teacher42', 'c4ca4238a0b923820dcc509a6f75849b', '', 1, 42, 1),
(44, 'teacher43', 'c4ca4238a0b923820dcc509a6f75849b', '', 1, 43, 1),
(45, 'teacher44', 'c4ca4238a0b923820dcc509a6f75849b', '', 1, 44, 1),
(46, 'teacher45', 'c4ca4238a0b923820dcc509a6f75849b', '', 1, 45, 1),
(47, 'teacher46', 'c4ca4238a0b923820dcc509a6f75849b', '', 1, 46, 1),
(48, 'teacher47', 'c4ca4238a0b923820dcc509a6f75849b', '', 1, 47, 1),
(49, 'teacher48', 'c4ca4238a0b923820dcc509a6f75849b', '', 1, 48, 1),
(50, 'teacher49', 'c4ca4238a0b923820dcc509a6f75849b', '', 1, 49, 1),
(51, 'teacher50', 'c4ca4238a0b923820dcc509a6f75849b', '', 1, 50, 1),
(52, 'teacher51', 'c4ca4238a0b923820dcc509a6f75849b', '', 1, 51, 1),
(53, 'teacher52', 'c4ca4238a0b923820dcc509a6f75849b', '', 1, 52, 1),
(54, 'teacher53', 'c4ca4238a0b923820dcc509a6f75849b', '', 1, 53, 1),
(55, 'teacher54', 'c4ca4238a0b923820dcc509a6f75849b', '', 1, 54, 1),
(56, 'teacher55', 'c4ca4238a0b923820dcc509a6f75849b', '', 1, 55, 1),
(57, 'teacher56', 'c4ca4238a0b923820dcc509a6f75849b', '', 1, 56, 1),
(58, 'teacher57', 'c4ca4238a0b923820dcc509a6f75849b', '', 1, 57, 1),
(59, 'teacher58', 'c4ca4238a0b923820dcc509a6f75849b', '', 1, 58, 1),
(60, 'teacher59', 'c4ca4238a0b923820dcc509a6f75849b', '', 1, 59, 1),
(61, 'teacher60', 'c4ca4238a0b923820dcc509a6f75849b', '', 1, 60, 1),
(62, 'teacher61', 'c4ca4238a0b923820dcc509a6f75849b', '', 1, 61, 1),
(63, 'teacher62', 'c4ca4238a0b923820dcc509a6f75849b', '', 1, 62, 1),
(64, 'teacher63', 'c4ca4238a0b923820dcc509a6f75849b', '', 1, 63, 1),
(65, 'teacher64', 'c4ca4238a0b923820dcc509a6f75849b', '', 1, 64, 1),
(66, 'teacher65', 'c4ca4238a0b923820dcc509a6f75849b', '', 1, 65, 1),
(67, 'teacher66', 'c4ca4238a0b923820dcc509a6f75849b', '', 1, 66, 1),
(68, 'teacher67', 'c4ca4238a0b923820dcc509a6f75849b', '', 1, 67, 1),
(69, 'teacher68', 'c4ca4238a0b923820dcc509a6f75849b', '', 1, 68, 1),
(70, 'teacher69', 'c4ca4238a0b923820dcc509a6f75849b', '', 1, 69, 1),
(71, 'teacher70', 'c4ca4238a0b923820dcc509a6f75849b', '', 1, 70, 1),
(72, 'teacher71', 'c4ca4238a0b923820dcc509a6f75849b', '', 1, 71, 1),
(73, 'teacher72', 'c4ca4238a0b923820dcc509a6f75849b', '', 1, 72, 1),
(74, 'teacher73', 'c4ca4238a0b923820dcc509a6f75849b', '', 1, 73, 1),
(75, 'teacher74', 'c4ca4238a0b923820dcc509a6f75849b', '', 1, 74, 1),
(76, 'teacher75', 'c4ca4238a0b923820dcc509a6f75849b', '', 1, 75, 1),
(77, 'teacher76', 'c4ca4238a0b923820dcc509a6f75849b', '', 1, 76, 1),
(78, 'teacher77', 'c4ca4238a0b923820dcc509a6f75849b', '', 1, 77, 1),
(79, 'teacher78', 'c4ca4238a0b923820dcc509a6f75849b', '', 1, 78, 1),
(80, 'teacher79', 'c4ca4238a0b923820dcc509a6f75849b', '', 1, 79, 1),
(81, 'teacher80', 'c4ca4238a0b923820dcc509a6f75849b', '', 1, 80, 1),
(82, 'teacher81', 'c4ca4238a0b923820dcc509a6f75849b', '', 1, 81, 1),
(83, 'teacher82', 'c4ca4238a0b923820dcc509a6f75849b', '', 1, 82, 1),
(84, 'teacher83', 'c4ca4238a0b923820dcc509a6f75849b', '', 1, 83, 1),
(85, 'teacher84', 'c4ca4238a0b923820dcc509a6f75849b', '', 1, 84, 1),
(86, 'teacher85', 'c4ca4238a0b923820dcc509a6f75849b', '', 1, 85, 1),
(87, 'teacher86', 'c4ca4238a0b923820dcc509a6f75849b', '', 1, 86, 1),
(88, 'teacher87', 'c4ca4238a0b923820dcc509a6f75849b', '', 1, 87, 1),
(89, 'teacher88', 'c4ca4238a0b923820dcc509a6f75849b', '', 1, 88, 1),
(90, 'teacher89', 'c4ca4238a0b923820dcc509a6f75849b', '', 1, 89, 1),
(91, 'testdephead1', 'c4ca4238a0b923820dcc509a6f75849b', '', 1, 3, 1),
(92, 'testcurator1', 'c4ca4238a0b923820dcc509a6f75849b', '', 1, 1, 1),
(93, 'testteacher1', 'c4ca4238a0b923820dcc509a6f75849b', '', 1, 4, 1),
(94, 'teststudent1', 'c4ca4238a0b923820dcc509a6f75849b', '', 1, 1, 2),
(95, 'testprefect1', 'c4ca4238a0b923820dcc509a6f75849b', '', 1, 7, 2),
(96, 'owwpahdmx', 'c1edb404b40a033d7feec8ec956f5b24', 'defaultmail@xpk.com', 1, 1, 2),
(97, 'lslbwzgvz', '544a417b8057d828b5965bf160e81683', 'defaultmail@xpk.com', 1, 2, 2),
(98, 'tzfrmmuor', '9817174f99b922f8865fd57028c2389d', 'defaultmail@xpk.com', 1, 3, 2),
(99, 'xdcmwrhrw', '96626a71341991526a024e92121efc7e', 'defaultmail@xpk.com', 1, 4, 2),
(100, 'pmljfavzr', '15b90c7bc0cabd1bea6372a408f824f5', 'defaultmail@xpk.com', 1, 5, 2),
(101, 'cqbvwclzn', 'b67f2bbd67457032074421bde63245f7', 'defaultmail@xpk.com', 1, 6, 2),
(102, 'ypvdymeos', '297f1ff98de14b522f17dadb7d85a6cb', 'defaultmail@xpk.com', 1, 7, 2),
(103, 'retehxnpo', '9fde8308d47414a73874fe40c0229194', 'defaultmail@xpk.com', 1, 8, 2),
(104, 'fbzcmlizb', '2d805c904c613b56b1423a4817894bf1', 'defaultmail@xpk.com', 1, 9, 2),
(105, 'dtscxlxok', '9a48e5033db2d27f40ea73c77c74d6ac', 'defaultmail@xpk.com', 1, 10, 2),
(106, 'oqrisqbnc', 'c9de66d62a68d39674422e4872717bb3', 'defaultmail@xpk.com', 1, 11, 2),
(107, 'xndeldmbi', '8a7203e48c6e714f98d47b29b6822a09', 'defaultmail@xpk.com', 1, 12, 2),
(108, 'mgzxcozcx', '6d4ae48397a1b50f14ed4e7fec7250df', 'defaultmail@xpk.com', 1, 13, 2),
(109, 'pgilgnxfb', '1c58b5913e4ab0b85bfcb01aec592fbc', 'defaultmail@xpk.com', 1, 14, 2),
(110, 'ojuzmvkfy', '2d9b37bd9266319c6e14fa37f5c4a35e', 'defaultmail@xpk.com', 1, 15, 2),
(111, 'begacrglc', 'ccea629a3074c79ba07c86f01907b878', 'defaultmail@xpk.com', 1, 16, 2),
(112, 'ahoazopqt', '4b8a6ef062b2d568cdc257fe41c95b88', 'defaultmail@xpk.com', 1, 17, 2),
(113, 'xjekkpask', '0dfdbe73ad5d575eedcafa3b1f49538e', 'defaultmail@xpk.com', 1, 18, 2),
(114, 'ewwatzjjh', '5d1fd4be4fa9247fc8d1fea74cd4cabc', 'defaultmail@xpk.com', 1, 19, 2),
(115, 'rpinaeiet', 'f5552399fe37c579cea239a6008b411f', 'defaultmail@xpk.com', 1, 20, 2),
(116, 'atogoueav', '701878f3b7787b262dead0a7dc440ea7', 'defaultmail@xpk.com', 1, 21, 2),
(117, 'kuqhcxjjk', '6ad33e13c50d605098dac3f1cb8f22d0', 'defaultmail@xpk.com', 1, 22, 2),
(118, 'gzzswkyco', '38af5bc73e75e9c25f6d8ccc4455313d', 'defaultmail@xpk.com', 1, 23, 2),
(119, 'mkhemzrho', '10f8576c9c586085cbd780a36531f612', 'defaultmail@xpk.com', 1, 24, 2),
(120, 'pxrpjscad', '548bef77b5798b13d6e65f88ad7fc5c1', 'defaultmail@xpk.com', 1, 25, 2),
(121, 'cuifsbvjv', 'a3f7714c2b87e807e3fe2b35010e9269', 'defaultmail@xpk.com', 1, 26, 2),
(122, 'osaymawhb', '1a2b74a701145191be5727484b9ad6fb', 'defaultmail@xpk.com', 1, 27, 2),
(123, 'iiroqpafd', 'ff16a8c3f377136aede725aa7c567799', 'defaultmail@xpk.com', 1, 28, 2),
(124, 'uimntovgg', '01fb6041e44521fddac519bc2dc8e931', 'defaultmail@xpk.com', 1, 29, 2),
(125, 'vasdcrbse', 'e517991c147930442cdb0d725c05d628', 'defaultmail@xpk.com', 1, 30, 2),
(126, 'jrbotbpoq', 'fd32a81bc785340640ed1ff1bf4e248a', 'defaultmail@xpk.com', 1, 31, 2),
(127, 'goscsyzlv', '377e64236cd175a9f186240561106301', 'defaultmail@xpk.com', 1, 32, 2),
(128, 'mlmbynheg', 'ff4ba8012d9ec3ebe94a102bb586edf5', 'defaultmail@xpk.com', 1, 33, 2),
(129, 'abinsiumw', '90838199291781340ee27968e50d4cd0', 'defaultmail@xpk.com', 1, 34, 2),
(130, 'ltdawkcwv', 'ed7630f5e61330e503267712c7451ca6', 'defaultmail@xpk.com', 1, 35, 2),
(131, 'zqxuuiwqs', '9f188bf62b946076ef7c9abbcc41a390', 'defaultmail@xpk.com', 1, 36, 2),
(132, 'wakpbyjic', 'ac5cd97697375ce08eaa9ae2a9ac020f', 'defaultmail@xpk.com', 1, 37, 2),
(133, 'rdnrxccza', '988f457850bd3d2385d8c994f01cbcfe', 'defaultmail@xpk.com', 1, 38, 2),
(134, 'mjipjoksb', '8cecab0bf65437887c8d5fa12fe119e8', 'defaultmail@xpk.com', 1, 39, 2),
(135, 'fghidimfb', 'c64caa285c6445bf1be94b8e64f295de', 'defaultmail@xpk.com', 1, 40, 2),
(136, 'yzbpydezz', '51f7b338375d13f2971aa8003677f777', 'defaultmail@xpk.com', 1, 41, 2),
(137, 'amnspcuen', '130a233241d3e9b974f29199040e959a', 'defaultmail@xpk.com', 1, 42, 2),
(138, 'obdbywtot', '25163cd7c2fde988d0ffcaa61bbe652a', 'defaultmail@xpk.com', 1, 43, 2),
(139, 'rznjkdyhr', '500bec6fff2fca24eb808bac1d85da55', 'defaultmail@xpk.com', 1, 44, 2),
(140, 'zqifnjofk', '06e0f0b19dc250f8265974ea875a53b7', 'defaultmail@xpk.com', 1, 45, 2),
(141, 'tjxnakbys', 'a7e3a97cd5f3994eea5eb5a7d636b62c', 'defaultmail@xpk.com', 1, 46, 2),
(142, 'jrzvnxjxv', 'a6a0f3d6db4742282542e7cf3b42cbb6', 'defaultmail@xpk.com', 1, 47, 2),
(143, 'tvtdpqwto', '50afd767ac7362955aaa394bd6f419ed', 'defaultmail@xpk.com', 1, 48, 2),
(144, 'jzyorjkdk', '90fa74dc0c98db57d7219a741896f64b', 'defaultmail@xpk.com', 1, 49, 2),
(145, 'ltdfmqzef', '8456a2a5af2da04bda611d89ec8d5710', 'defaultmail@xpk.com', 1, 50, 2),
(146, 'nwwktyhbc', '454223a0516058b5fc52e3d455a26f72', 'defaultmail@xpk.com', 1, 51, 2),
(147, 'qxwrjorxf', '725fe50726128a1f61e35f9846b054f2', 'defaultmail@xpk.com', 1, 52, 2),
(148, 'jmexyfong', '24f92d65fdb19a2d2d2726762cbd756a', 'defaultmail@xpk.com', 1, 53, 2),
(149, 'wvouhmatr', '547b4bafa5bdff536cd90f6ff73f9598', 'defaultmail@xpk.com', 1, 54, 2),
(150, 'ggzwbxhvo', '0e929ebbf694e637e9ee740414e51384', 'defaultmail@xpk.com', 1, 55, 2),
(151, 'orygdpqbr', '576cf83b2a7491c1f498dc3e6b521465', 'defaultmail@xpk.com', 1, 56, 2),
(152, 'vubmkrufy', 'c1445d5a2e1b12a2d8a152f068e5c690', 'defaultmail@xpk.com', 1, 57, 2),
(153, 'sphxmcebp', '961156c3d3ddbd3904eec23cfc343f76', 'defaultmail@xpk.com', 1, 58, 2),
(154, 'khtovyxch', '29978e6fb7e7670ef7bfee38aa169086', 'defaultmail@xpk.com', 1, 59, 2),
(155, 'tcvzfeoyp', 'ea019f4399f809ac2d5ef0ed9a61a6b8', 'defaultmail@xpk.com', 1, 60, 2),
(156, 'wqxjhktrj', 'd6b98c9c45c5611f05eaeca7d29e85ec', 'defaultmail@xpk.com', 1, 61, 2),
(157, 'bycuuvmei', '9cb50bd2abce4141409c837164ed814b', 'defaultmail@xpk.com', 1, 62, 2),
(158, 'vmedtpatw', 'bbdddd82f0a4734a7487488906c7d802', 'defaultmail@xpk.com', 1, 63, 2),
(159, 'hazlbudtp', '4b9578fede5bf3a245e5d5c041a3e7ff', 'defaultmail@xpk.com', 1, 64, 2),
(160, 'ubzmivrbb', 'a3c4f1d8b5ae3f7672534189a00dc55a', 'defaultmail@xpk.com', 1, 65, 2),
(161, 'zbohhemoe', '139fa31854a818270746259a5fd1045b', 'defaultmail@xpk.com', 1, 66, 2),
(162, 'yshasjjne', '3d99229a55f86a7b8bc04afee237e048', 'defaultmail@xpk.com', 1, 67, 2),
(163, 'tqkedhrej', '6935810bc2c99334b27948b2095b67ed', 'defaultmail@xpk.com', 1, 68, 2),
(164, 'cjvqoevzi', 'd5734113df27093285c43aae7c803fdc', 'defaultmail@xpk.com', 1, 69, 2),
(165, 'pckttaupt', '69e0b3f8045423ab98636a03f3da32ca', 'defaultmail@xpk.com', 1, 70, 2),
(166, 'qhbjfuobe', '87dc0f9f9439372c2359aafa52f485c0', 'defaultmail@xpk.com', 1, 71, 2),
(167, 'offqedhzm', '1d46baa0d7162b3ef23b2913eee1304b', 'defaultmail@xpk.com', 1, 72, 2),
(168, 'gevgmcvsr', 'd5c10c51fa0df5e45733201abf0c0e10', 'defaultmail@xpk.com', 1, 73, 2),
(169, 'bxteefrep', '35e717397fba3a42925971f066fd17e4', 'defaultmail@xpk.com', 1, 74, 2),
(170, 'wkppakbqp', '7a89f933835ef2ab236fd0a1bb4e7bc4', 'defaultmail@xpk.com', 1, 75, 2),
(171, 'eopdqlrnp', 'a33833dcc1d0112fc9d8b13e673826a1', 'defaultmail@xpk.com', 1, 76, 2),
(172, 'bfngggnae', 'f0c83e06698a904a3b26a859eed34e55', 'defaultmail@xpk.com', 1, 77, 2),
(173, 'hqjjwqtpo', '226399762e25f008ed0ed420c53f76e6', 'defaultmail@xpk.com', 1, 78, 2),
(174, 'mmgxsijkw', 'd1e079782a3fd8c7a1d3c45a846400a9', 'defaultmail@xpk.com', 1, 79, 2),
(175, 'mkvegmkhn', 'c5169b9699bec4873a06ddc14163ea02', 'defaultmail@xpk.com', 1, 80, 2),
(176, 'cwqyuvoue', '6072f5e3247fc080ec71e3e77701193d', 'defaultmail@xpk.com', 1, 81, 2),
(177, 'fcgrvvwwo', '6ee72e2b09eaed074d8fde2f7b7d883b', 'defaultmail@xpk.com', 1, 82, 2),
(178, 'linfqnmgw', 'b6120e5e71813820e2b2b5e6c1377ebd', 'defaultmail@xpk.com', 1, 83, 2),
(179, 'zhcienmjw', '2576a5a5835bcebd26002cb41956fa01', 'defaultmail@xpk.com', 1, 84, 2),
(180, 'ylftwwnra', 'b583f5085bddbe1542bc3c462cc03b76', 'defaultmail@xpk.com', 1, 85, 2),
(181, 'dqiujvcgm', '9a315b9828641bf42df0b6fc5adfe8af', 'defaultmail@xpk.com', 1, 86, 2),
(182, 'ymfjsqfqv', '5b3765db79487f473541dc0c360f5779', 'defaultmail@xpk.com', 1, 87, 2),
(183, 'vwntppnwf', '742533ff24fb19c53400caf1d6e97206', 'defaultmail@xpk.com', 1, 88, 2),
(184, 'vckxiswsn', '3195075e64536b93097e65dab5608514', 'defaultmail@xpk.com', 1, 89, 2),
(185, 'tknjevgmr', 'fce3e0afe23d41f390b81b3ee5f7cef8', 'defaultmail@xpk.com', 1, 90, 2),
(186, 'bwqygkguy', 'c7fd13c67adc83ae7fd11aa32256140f', 'defaultmail@xpk.com', 1, 91, 2),
(187, 'jzzxryutb', 'bef1b0b7094653754bd72058e704065e', 'defaultmail@xpk.com', 1, 92, 2),
(188, 'qyeksxwmm', '902f708c2b19bffff723520099ae0b2e', 'defaultmail@xpk.com', 1, 93, 2),
(189, 'symawzpos', '2304d830949be6b83d233e1c664bf2d1', 'defaultmail@xpk.com', 1, 94, 2),
(190, 'sjgcvnbut', '6764b358d57cb9e5b95c0d318bdcbeb1', 'defaultmail@xpk.com', 1, 95, 2),
(191, 'dqlmzguew', 'e324db027ffa1d4214015e97ef065259', 'defaultmail@xpk.com', 1, 96, 2),
(192, 'tvybnsswf', '979eb9102c41759db24d9749a1c3f81d', 'defaultmail@xpk.com', 1, 97, 2),
(193, 'heqjdqbxv', 'bd1ff8e0a7b7fd69dc733405f936ec30', 'defaultmail@xpk.com', 1, 98, 2),
(194, 'pmwnudsmq', 'ecaa5cc9fa24e38035a1c0383ecef8f1', 'defaultmail@xpk.com', 1, 99, 2),
(195, 'scoflzsix', 'a7bbc6dfa2383ec762f7e1c2069be171', 'defaultmail@xpk.com', 1, 100, 2),
(196, 'sxkgtvrre', '75ae2c23e9458dacbf856f42a8f57730', 'defaultmail@xpk.com', 1, 101, 2),
(197, 'zvmrzmazq', '85baa1c4681c3bf931de2da57b78eca8', 'defaultmail@xpk.com', 1, 102, 2),
(198, 'oteqznvub', 'a42cf362a411acda458ba9f304ad35af', 'defaultmail@xpk.com', 1, 103, 2),
(199, 'xuciyqeah', '8532e5fac1201823d7033f236d380790', 'defaultmail@xpk.com', 1, 104, 2),
(200, 'uxrixyblv', '7b2091712dae6624d8f1c150e9f5e708', 'defaultmail@xpk.com', 1, 105, 2),
(201, 'wtqxshafc', '023b5259eab4b5720f7d07a803b05454', 'defaultmail@xpk.com', 1, 106, 2),
(202, 'yqcmamoho', 'd845cd26a264df4eb5e3ea2e359a5d63', 'defaultmail@xpk.com', 1, 107, 2),
(203, 'kogqqitjy', '21092c711014ccb14456816308f7a510', 'defaultmail@xpk.com', 1, 108, 2),
(204, 'jlyabssjf', '789f85a2d6447d60c8b9e5a82cb00456', 'defaultmail@xpk.com', 1, 109, 2),
(205, 'roqxidenk', '16b009b47818421aa4b40aa326bc44a5', 'defaultmail@xpk.com', 1, 110, 2),
(206, 'acaykbeac', '28a78d141d2cf76212177524d904ba41', 'defaultmail@xpk.com', 1, 111, 2),
(207, 'poosianpq', 'c675ee40c2da82f6aaae82e6ed79110c', 'defaultmail@xpk.com', 1, 112, 2),
(208, 'jbewekkfc', 'c844c361e73456971c463b5db01b2289', 'defaultmail@xpk.com', 1, 113, 2),
(209, 'jyejsyoki', '98da5874fe5ede1bd652bcc57474e52c', 'defaultmail@xpk.com', 1, 114, 2),
(210, 'ejkmllfht', 'ba198e2b560526e327ea7bd75da18d07', 'defaultmail@xpk.com', 1, 115, 2),
(211, 'ymaeoheip', '38672151c00ebc98972ea707a0edc0ec', 'defaultmail@xpk.com', 1, 116, 2),
(212, 'ugsjpzpks', '0c68d3add1b36e379167f0fcb6060fc1', 'defaultmail@xpk.com', 1, 117, 2),
(213, 'xjrwoaurr', '688c81e00084be7d08845e31086dfa05', 'defaultmail@xpk.com', 1, 118, 2),
(214, 'tekujotak', 'a62d4097577e5a4786523d5f626d751b', 'defaultmail@xpk.com', 1, 119, 2),
(215, 'qwlfsvoud', 'd7405cfd66f38bc5343d4ac7cde12bef', 'defaultmail@xpk.com', 1, 120, 2),
(216, 'cmjyqxewg', 'fa5037684bb3cf25ba589ee151b4b5a1', 'defaultmail@xpk.com', 1, 121, 2),
(217, 'nklwlgtwd', '7241dd737569437b72b279a5860b00cd', 'defaultmail@xpk.com', 1, 122, 2),
(218, 'cvqnwtthn', 'a2ce0dc07fc623a2c6ed7ec302b7c15d', 'defaultmail@xpk.com', 1, 123, 2),
(219, 'kwmxfbpsu', '37f1021630946915e53e03542d9be731', 'defaultmail@xpk.com', 1, 124, 2),
(220, 'kmfxyviqc', 'b204ffa5cec534ee95a7147b1b2b9dd3', 'defaultmail@xpk.com', 1, 125, 2),
(221, 'cyjydfams', 'bac374f7e32cca1c64104c41f6067ade', 'defaultmail@xpk.com', 1, 126, 2),
(222, 'sjpgfdtiy', '7d43ccc030b2528bfa097d41b276b9fe', 'defaultmail@xpk.com', 1, 127, 2),
(223, 'moamlsegf', '5cdfddfa99c8c2ac87c48f12b5139f91', 'defaultmail@xpk.com', 1, 128, 2),
(224, 'rkgrtxiha', 'f36fde7576e492778d71665e04bbad9c', 'defaultmail@xpk.com', 1, 129, 2),
(225, 'alkxtnqol', 'a359a13ff9a6f9fe4d37a31d82106a4d', 'defaultmail@xpk.com', 1, 130, 2),
(226, 'ttbpeejrm', '81d224ffa24c67e48b9f3f3c3a11da89', 'defaultmail@xpk.com', 1, 131, 2),
(227, 'tpmahvlfe', '9d1add95aa71b10db3990097bbd1bdd7', 'defaultmail@xpk.com', 1, 132, 2),
(228, 'rksginrlg', 'e74557cbd4d8a25ea1f736a32fa7af6d', 'defaultmail@xpk.com', 1, 133, 2),
(229, 'ccnutnyvf', '5c846fe69ba4328add6079ae94cc334f', 'defaultmail@xpk.com', 1, 134, 2),
(230, 'sfuvvfkwn', '857d57825f5a100d4624878148a3e8fd', 'defaultmail@xpk.com', 1, 135, 2),
(231, 'barmfkiph', '9044d87296184eb6de5044e3c1d4d679', 'defaultmail@xpk.com', 1, 136, 2),
(232, 'vjxfoczxg', '7375209922f51c8c62c85aa6ef757608', 'defaultmail@xpk.com', 1, 137, 2),
(233, 'pnwajnglx', '33ce5cd9798810b2485dbae5a07a72c4', 'defaultmail@xpk.com', 1, 138, 2),
(234, 'ijzbethim', '40523178bff6e8825fedc6a227e3a4bc', 'defaultmail@xpk.com', 1, 139, 2),
(235, 'snjraxxht', 'caa97991f5eae4d1e63031a9631b9eb2', 'defaultmail@xpk.com', 1, 140, 2),
(236, 'nldhsuplz', 'c7daa619f698c776a8dc50900c4ba116', 'defaultmail@xpk.com', 1, 141, 2),
(237, 'nusojlopo', 'd9933fcf962bc62e39891fc52469eb7b', 'defaultmail@xpk.com', 1, 142, 2),
(238, 'uxchxkudp', '8030d69753f26f6265b91c2c4357a13f', 'defaultmail@xpk.com', 1, 143, 2),
(239, 'dtkqqrpbs', 'd952fb2b97e03fc44ea085ab85b500f1', 'defaultmail@xpk.com', 1, 144, 2),
(240, 'wfuyvtwzu', '2ee90a33ad46d8ccd7aeb6c4edb0d28c', 'defaultmail@xpk.com', 1, 145, 2),
(241, 'tjioxbfde', '7ed234781e88b27b1b92aeb3e1e33ed4', 'defaultmail@xpk.com', 1, 146, 2),
(242, 'vvzsjvxot', '0db9ae0087d012f1e42ea737f41a0317', 'defaultmail@xpk.com', 1, 147, 2),
(243, 'rxbisbecl', '01417e425789af40b2205868620a31a7', 'defaultmail@xpk.com', 1, 148, 2),
(244, 'bobxcsbvz', '60f16443960c9540fe228bfabd767645', 'defaultmail@xpk.com', 1, 149, 2),
(245, 'ktakeijaz', 'f48ba81a7547cdad8bed947dc944932b', 'defaultmail@xpk.com', 1, 150, 2),
(246, 'ggllezhif', 'b37ca6322c2defca9d9d3edf4fe2e04a', 'defaultmail@xpk.com', 1, 151, 2),
(247, 'anszeroct', 'f56a5c53640698b1cab21548ccba95be', 'defaultmail@xpk.com', 1, 152, 2),
(248, 'qhwsokojd', '0e9bff92195c579d21be40732d00f11d', 'defaultmail@xpk.com', 1, 153, 2),
(249, 'feyvaczap', '0312c4af7a60b0e8925b78e0dcfd5db5', 'defaultmail@xpk.com', 1, 154, 2),
(250, 'gmfwmvhad', 'eeabf9f5007d7fb31a7e350cbcdfe1eb', 'defaultmail@xpk.com', 1, 155, 2),
(251, 'opufjeafh', '6b059402dff050456bee86d7e096efaa', 'defaultmail@xpk.com', 1, 156, 2),
(252, 'umgyylsxs', 'e8e8fa47f5fe40c72748529bfd51419a', 'defaultmail@xpk.com', 1, 157, 2),
(253, 'hsfwiqzcm', '43dd4606c5a8efb9207f816b96f9ff71', 'defaultmail@xpk.com', 1, 158, 2),
(254, 'httnbtrkb', '07b9fa5006abe3c41a93116860d94731', 'defaultmail@xpk.com', 1, 159, 2),
(255, 'fjdfoondk', 'a76216823407374bcc576d76b1489459', 'defaultmail@xpk.com', 1, 160, 2),
(256, 'idkvouccp', 'd112e3f0643d3deecaf43c1697d1b6c4', 'defaultmail@xpk.com', 1, 161, 2),
(257, 'tpsubclwc', '7a78b46d099bd24e421ed5d376591445', 'defaultmail@xpk.com', 1, 162, 2),
(258, 'dzgbwcwoa', '8325d97ee8eeafdd476e67903c06403c', 'defaultmail@xpk.com', 1, 163, 2),
(259, 'ffnqcmgdg', '2d7366a1cb2128256b3222f9582ce5af', 'defaultmail@xpk.com', 1, 164, 2),
(260, 'plhaebdrj', '967d270690ca109c16b485d362ce5cb6', 'defaultmail@xpk.com', 1, 165, 2),
(261, 'ntfzdxqcj', '157e0158fb445f35cf28141e849e7b56', 'defaultmail@xpk.com', 1, 166, 2),
(262, 'mcmhuacip', '28c8f3f3006c9d5848249f2f78fa89ec', 'defaultmail@xpk.com', 1, 167, 2),
(263, 'jawpxmuhl', '82e6e0ff1b3b7e553af5bb38f73b2068', 'defaultmail@xpk.com', 1, 168, 2),
(264, 'xtthqpwgj', '1a3d811ffde2b2fb96d7ce18de34f17d', 'defaultmail@xpk.com', 1, 169, 2),
(265, 'epggftftd', '2d37a50d6991d2fda0a0aa3ed9b12a67', 'defaultmail@xpk.com', 1, 170, 2),
(266, 'ffofhegoc', 'e2b50461340de01c7d3a8a819d6708c6', 'defaultmail@xpk.com', 1, 171, 2),
(267, 'zfnrckbrd', 'bcdef191572283da6947f36fe79d447b', 'defaultmail@xpk.com', 1, 172, 2),
(268, 'uvuqbvobq', 'bf64f42c5314d9b6678d8508568edda1', 'defaultmail@xpk.com', 1, 173, 2),
(269, 'qgebyupbm', '548e05d64d98c58e62da8e18a8195d49', 'defaultmail@xpk.com', 1, 174, 2),
(270, 'izkffvcxc', 'f0fbe51064ca8e1499ae0a48eeeb6dc6', 'defaultmail@xpk.com', 1, 175, 2),
(271, 'nssyfcozv', '31066f99b46819b19892de8fde8593fa', 'defaultmail@xpk.com', 1, 176, 2),
(272, 'mixbwnhoj', '54df373ad55c57ab18a13868437ff573', 'defaultmail@xpk.com', 1, 177, 2),
(273, 'gnribnsen', 'ffc69fcb30b12f088060c33be4255e0d', 'defaultmail@xpk.com', 1, 178, 2),
(274, 'bvcpmxngv', '4a6264c590c3a0e053b43821d2466b2a', 'defaultmail@xpk.com', 1, 179, 2),
(275, 'tcukcafzd', 'e343c48972099f4c8ab5ae1df3eae0d4', 'defaultmail@xpk.com', 1, 180, 2),
(276, 'bgzwolgya', 'cb9086368ad36ad08cd2fbc7a2222c3c', 'defaultmail@xpk.com', 1, 181, 2),
(277, 'jwakxzenp', '62917dafb7733dbe615533d513de1ab4', 'defaultmail@xpk.com', 1, 182, 2),
(278, 'srxniwiil', '92d1df3f042e120b11a9452b253683bd', 'defaultmail@xpk.com', 1, 183, 2),
(279, 'gfptvoxlo', '649cb5677d42cc54aad54fc5d9d134b4', 'defaultmail@xpk.com', 1, 184, 2),
(280, 'sspvywshz', 'e1d37f3014971629b7c966068b3c742b', 'defaultmail@xpk.com', 1, 185, 2),
(281, 'yqwxwfmxc', 'b86322cbdc2b50ff43ca500eecc33f3a', 'defaultmail@xpk.com', 1, 186, 2),
(282, 'arwolgvew', 'd480a849005367caf523e2b4d2c79d17', 'defaultmail@xpk.com', 1, 187, 2),
(283, 'jhyrvegys', 'aa9b08d6a9118d1ee7c1e8790aa82114', 'defaultmail@xpk.com', 1, 188, 2),
(284, 'cbicqyiio', '715a91d8562ec27ad1ffcc7d13d33566', 'defaultmail@xpk.com', 1, 189, 2),
(285, 'lofpbawql', 'ecb8873d9bc2ce655ed3e14979f5adab', 'defaultmail@xpk.com', 1, 190, 2),
(286, 'npajyjbcu', '82c227411432394c1e33f4e1b23ca72a', 'defaultmail@xpk.com', 1, 191, 2),
(287, 'tfnhxkaac', '147304c895e20bd2c1d7ee6e57b8cdcd', 'defaultmail@xpk.com', 1, 192, 2),
(288, 'vubrjtopt', 'd8abaa7cf3e51602f19ce9240a209868', 'defaultmail@xpk.com', 1, 193, 2),
(289, 'jacgipfpq', 'f68d64db909fe432cd9889be297d2724', 'defaultmail@xpk.com', 1, 194, 2),
(290, 'nrnjdaqjo', '29dc5e3ac4a0c324cc3a71c929b53b9b', 'defaultmail@xpk.com', 1, 195, 2),
(291, 'ryrdudhzy', '5f5898ffd7288c6fad72953b68815d66', 'defaultmail@xpk.com', 1, 196, 2),
(292, 'bviwsqnhu', '1404ae83279a41430ed942d819286947', 'defaultmail@xpk.com', 1, 197, 2),
(293, 'dnuzncigu', 'ccb01d0f3ca7326c615ee5e618cb46c7', 'defaultmail@xpk.com', 1, 198, 2),
(294, 'pfnptzjvm', '79e5074d7123ae9bd24ffd52b35bfd26', 'defaultmail@xpk.com', 1, 199, 2),
(295, 'ytlaswyge', '9a90f31d86980bbf0c3ed96a81997a84', 'defaultmail@xpk.com', 1, 200, 2),
(296, 'ngjpcxvdt', '611c6752e4e35b6f562dc0794dbe5641', 'defaultmail@xpk.com', 1, 201, 2),
(297, 'znuewkuev', 'ef9548a8fc6b2169d4bc15e83373ab81', 'defaultmail@xpk.com', 1, 202, 2),
(298, 'wvzkvaosn', '9e87ec24115c77f7968d6ba460681c97', 'defaultmail@xpk.com', 1, 203, 2),
(299, 'baetveahi', 'de022e84e60d1fe129a20356a5c6daff', 'defaultmail@xpk.com', 1, 204, 2),
(300, 'wdgbfxufr', '10af310379a46ebc3936dd526e7c701f', 'defaultmail@xpk.com', 1, 205, 2),
(301, 'wravvfmen', 'd1dac4286abbcb8dc102dfa2fd2d117d', 'defaultmail@xpk.com', 1, 206, 2),
(302, 'wenxuecmj', 'f183621d2fbc1d78ad7e2e22138a9c4f', 'defaultmail@xpk.com', 1, 207, 2),
(303, 'nkgdoxegb', '2dfa79514c9ac97a5ab6f2fe9c98eb1d', 'defaultmail@xpk.com', 1, 208, 2),
(304, 'wgawelqqg', '118ca643e0a5cc19fbbdf33e926a9865', 'defaultmail@xpk.com', 1, 209, 2),
(305, 'tctkibuhu', '1a46ac0610c2aef96031d1174289ead4', 'defaultmail@xpk.com', 1, 210, 2),
(306, 'czppgzxlf', 'ed16d47f03004de8ba670d786ee1a21d', 'defaultmail@xpk.com', 1, 211, 2),
(307, 'suezorktf', 'da55c005d2eea12ba16c0a5a035b46af', 'defaultmail@xpk.com', 1, 212, 2),
(308, 'tlsfzhuab', 'd1d4fd571a6b6833df8f563c40e634a6', 'defaultmail@xpk.com', 1, 213, 2),
(309, 'eyhxfwzth', 'ea375737ab2d185b9b2f7b51af2c6b33', 'defaultmail@xpk.com', 1, 214, 2),
(310, 'wkqtyvvhi', 'c6934d4b7aef7a84acdf4c4154de1061', 'defaultmail@xpk.com', 1, 215, 2),
(311, 'tycrqvwwy', '0e752be652ce3f9148dd181ea1803908', 'defaultmail@xpk.com', 1, 216, 2),
(312, 'oxzlmsyvz', '4b0d127665dece6b2b1d34c3595c97c0', 'defaultmail@xpk.com', 1, 217, 2),
(313, 'denvpfylf', '0f84c4b4cf489d1bb720ca0012156c77', 'defaultmail@xpk.com', 1, 218, 2),
(314, 'savxavnbk', 'cf2f11c9afe00a2c75bd72f8d53ec6c2', 'defaultmail@xpk.com', 1, 219, 2),
(315, 'vfncynstt', '41c2a43fabbabbf54d46442dfb18452f', 'defaultmail@xpk.com', 1, 220, 2),
(316, 'nkeqvhlhq', '453728c5613adfa668e3f47be8dc5281', 'defaultmail@xpk.com', 1, 221, 2),
(317, 'dglvqsiad', 'e2e616ec5ab342de359cf761b63c6674', 'defaultmail@xpk.com', 1, 222, 2),
(318, 'mxuhhovjn', '7ac1af7e85a9b15d0b47cfe66a38d590', 'defaultmail@xpk.com', 1, 223, 2),
(319, 'vlfnlucij', '260a1470adb634822bbf4a0b8d5863a5', 'defaultmail@xpk.com', 1, 224, 2),
(320, 'ddgnbsvhr', 'c92c872a6a018b3be4511c75848a30cb', 'defaultmail@xpk.com', 1, 225, 2),
(321, 'zwkxjgmuh', '3cbcfbb62ae0297b6bded35811fc9871', 'defaultmail@xpk.com', 1, 226, 2),
(322, 'ptkjpqvcf', 'c6c5949eb5b5230067a77c8b0b2d287c', 'defaultmail@xpk.com', 1, 227, 2),
(323, 'rmqskktzz', 'fa422c71d715976d5efb689c2b40e0ad', 'defaultmail@xpk.com', 1, 228, 2),
(324, 'whhhcrgvl', '4a160c399c0ef3dbf64aaea6f8ee4118', 'defaultmail@xpk.com', 1, 229, 2),
(325, 'fofivwzai', '7cfda91b36cd58a5dacb23434b9ce703', 'defaultmail@xpk.com', 1, 230, 2),
(326, 'zjoqltphj', '6e06fb3b3f40972a4fcdf0a72f7cbd74', 'defaultmail@xpk.com', 1, 231, 2),
(327, 'hnyclxmxj', 'e0373a48f2d891a3d4a5032e9b8b073c', 'defaultmail@xpk.com', 1, 232, 2),
(328, 'sjqlxvvwy', '1f3734b9d8f2765bc80e48daec096d0c', 'defaultmail@xpk.com', 1, 233, 2),
(329, 'gtfzflyik', '99916d854d113f3893825dbedc3cc718', 'defaultmail@xpk.com', 1, 234, 2),
(330, 'seoeomoas', '9ceca188eebc9d099fc4890a39563e23', 'defaultmail@xpk.com', 1, 235, 2),
(331, 'crkqqkbqj', '794970bc0d3cb6846095ec1f52c92195', 'defaultmail@xpk.com', 1, 236, 2),
(332, 'wxkdhrqap', '8685d42d904affd7598c9dd01fba9315', 'defaultmail@xpk.com', 1, 237, 2),
(333, 'gjiwfdbab', '7a479ee72ef74f0a08340e935cd65c59', 'defaultmail@xpk.com', 1, 238, 2),
(334, 'lwlextxpr', 'bcb8a43deea68997a85a8b193cb6f3a6', 'defaultmail@xpk.com', 1, 239, 2),
(335, 'cpkigdtfk', 'abff6dd7d9402e811f74fd40ad7cb703', 'defaultmail@xpk.com', 1, 240, 2),
(336, 'vmekdrgch', '28c5b04e9fb9b77ddb1dacbab7745af8', 'defaultmail@xpk.com', 1, 241, 2),
(337, 'spmlfptnx', 'daea10e7139cd954bd99b2fff76b62fd', 'defaultmail@xpk.com', 1, 242, 2),
(338, 'ffqizwiuy', '82cfdf72dfefbce9f23a73108f1757b3', 'defaultmail@xpk.com', 1, 243, 2),
(339, 'xiqocfqgz', 'ce1ad34e5ec790bb375d20d56980e3d1', 'defaultmail@xpk.com', 1, 244, 2),
(340, 'snbymsntr', 'ccf8090d7ccaa117d7222547cd1898f5', 'defaultmail@xpk.com', 1, 245, 2),
(341, 'yhiuyabtb', '35bceea5e3bf8ccef70a9121fb2516d6', 'defaultmail@xpk.com', 1, 246, 2),
(342, 'uesrziyid', '0a300e6e5182f61298fb195fb4dc1435', 'defaultmail@xpk.com', 1, 247, 2),
(343, 'ejkszxndv', 'c73f1c238ec1444be212bfc89a13d284', 'defaultmail@xpk.com', 1, 248, 2),
(344, 'ypcfpgnvy', '1493cca7ffba52248469b6183e6d16db', 'defaultmail@xpk.com', 1, 249, 2),
(345, 'jelaveoug', '32e7fd7df2de72b80c0c0f31ad8d0ee9', 'defaultmail@xpk.com', 1, 250, 2),
(346, 'kufngtyqw', 'e745db77cb86e80602f54b7ac8748b46', 'defaultmail@xpk.com', 1, 251, 2),
(347, 'ftlwonrjj', '26dd44feaa2aeef8cbf11cf40366df54', 'defaultmail@xpk.com', 1, 252, 2),
(348, 'qhpmiohha', '103bf0ea594e7f3f378f1168e95430e1', 'defaultmail@xpk.com', 1, 253, 2),
(349, 'nssiysswn', '80ef274241bc4a97e083ec44f0dfbd1c', 'defaultmail@xpk.com', 1, 254, 2),
(350, 'vqqbcwqnj', '6fd1fe07c0d25cdc8ea7d10e9c861fc7', 'defaultmail@xpk.com', 1, 255, 2),
(351, 'gxospbhcy', 'f32d4234571f609768a1f2f6c9332df3', 'defaultmail@xpk.com', 1, 256, 2),
(352, 'oluyontvu', '141148bf2c3aab5359494543fb312fcd', 'defaultmail@xpk.com', 1, 257, 2),
(353, 'yftujzyaf', '95cab0c499a321b34a4945fae97d3fc9', 'defaultmail@xpk.com', 1, 258, 2),
(354, 'milhjqjns', 'e64aab56ca807f1c3f0fb8316f01f3fd', 'defaultmail@xpk.com', 1, 259, 2),
(355, 'rbrdzrtin', '61289c9895d5db0a97c9a3d52745debe', 'defaultmail@xpk.com', 1, 260, 2),
(356, 'fmpyfvurl', 'f7cfa8620b2ee336d4c38a42d85e469e', 'defaultmail@xpk.com', 1, 261, 2),
(357, 'tfwuwaeng', '1bfe276e36443c96f064ae6d303a5e8a', 'defaultmail@xpk.com', 1, 262, 2),
(358, 'dlegymsmf', '287b764fa56e024aa6a49b23fc0202b4', 'defaultmail@xpk.com', 1, 263, 2),
(359, 'kihytwfij', 'd9c2334ce5d74294cc90a214b880d1fb', 'defaultmail@xpk.com', 1, 264, 2),
(360, 'djzhagcnl', '7314e7795ae597c3da07f5a882df7f07', 'defaultmail@xpk.com', 1, 265, 2),
(361, 'baavptzug', '315854545525d78e64634003fb6bb9bb', 'defaultmail@xpk.com', 1, 266, 2),
(362, 'nqlhuxull', '39956d736d2767fec4731d211f786ec2', 'defaultmail@xpk.com', 1, 267, 2),
(363, 'kseqblqqg', '5afd501e06eae884b6f2c4851a20dabe', 'defaultmail@xpk.com', 1, 268, 2),
(364, 'cfhyjmezg', '45f2f77774ec7efd7083d3e8ad4f12e8', 'defaultmail@xpk.com', 1, 269, 2),
(365, 'yycytyxqa', 'a38f80bc145f7b79757251cc4dd257a3', 'defaultmail@xpk.com', 1, 270, 2),
(366, 'ptknxjbru', 'dcd85d4c319a7d95c127256fae2e5e31', 'defaultmail@xpk.com', 1, 271, 2),
(367, 'tteuuvnuy', '3c8c8d157ed9ee2882e0bbc060419c30', 'defaultmail@xpk.com', 1, 272, 2),
(368, 'cssmeitmp', '1b2688155c7a7cc392d2dd8da1e9a7c3', 'defaultmail@xpk.com', 1, 273, 2),
(369, 'rlxjgjpjl', 'd77ae756c78d0d3322b5f7fc4db679c9', 'defaultmail@xpk.com', 1, 274, 2),
(370, 'rjmsllgqt', '7dc4c4bd5c1b4e3a681fe8df9162769e', 'defaultmail@xpk.com', 1, 275, 2),
(371, 'fzwinrcpd', 'ff85f339547bf298a75c6280f4d81674', 'defaultmail@xpk.com', 1, 276, 2),
(372, 'jjuwgrzny', '5ba56aafe330a3d07929522361b34ed3', 'defaultmail@xpk.com', 1, 277, 2),
(373, 'izsjktafu', 'fb374300461e22023ba0669ac72bfcca', 'defaultmail@xpk.com', 1, 278, 2),
(374, 'wtejbgoka', '760c55f695bb4722f381cffbe2013949', 'defaultmail@xpk.com', 1, 279, 2),
(375, 'bhucgogtg', 'c6addbd8384a245b57d58013eb8ee9b2', 'defaultmail@xpk.com', 1, 280, 2),
(376, 'vlfzkmqdf', 'fb66901dd447666c26a08deba32e0450', 'defaultmail@xpk.com', 1, 281, 2),
(377, 'yfvxxpdkg', '24538e1f5a01fd15f6462a93ff4e56f2', 'defaultmail@xpk.com', 1, 282, 2),
(378, 'ovpteebvf', '2509d304e0ec5249a12b03dbd21ff2ad', 'defaultmail@xpk.com', 1, 283, 2),
(379, 'odmskswno', '46e0b7b39127bbc739dca2c4106b5677', 'defaultmail@xpk.com', 1, 284, 2),
(380, 'xeoarbroc', '050a10dedf90ca5f5c0dba56020879a3', 'defaultmail@xpk.com', 1, 285, 2),
(381, 'morbhsafo', 'd83bc43091da0cbf865d162139ee6451', 'defaultmail@xpk.com', 1, 286, 2),
(382, 'redzssaaw', 'e6ee70f2e9b515093f7f1f67c71bca24', 'defaultmail@xpk.com', 1, 287, 2),
(383, 'gzolvnhyg', '430b9f6c4eb9036ed45a8c56ab6eb006', 'defaultmail@xpk.com', 1, 288, 2),
(384, 'nvirtjqxv', '5199f9fe392dda142c05255c261db911', 'defaultmail@xpk.com', 1, 289, 2),
(385, 'scbxghhno', '62a0d9ce773f3eec5413427212960419', 'defaultmail@xpk.com', 1, 290, 2),
(386, 'onxlterwz', 'c7371089b206d36302b1f8033de09e2e', 'defaultmail@xpk.com', 1, 291, 2),
(387, 'tqujsbtoj', 'dc6881fee191942595d53a994b047536', 'defaultmail@xpk.com', 1, 292, 2),
(388, 'ivbnzenti', 'f4ca5e99e01bce13afd1e25359c700a9', 'defaultmail@xpk.com', 1, 293, 2),
(389, 'pwiykuiuk', 'ef7e035e58ecc5a5c21628c393b2a8ec', 'defaultmail@xpk.com', 1, 294, 2),
(390, 'jlmcvgvlm', '387da4ed32aa002f232b6a0ad6f49256', 'defaultmail@xpk.com', 1, 295, 2),
(391, 'ksiwhutno', '60bba09c250a1d22f461b97d137ee024', 'defaultmail@xpk.com', 1, 296, 2),
(392, 'yozewvmzp', '46963f0110d250127ebe0d4d76433d28', 'defaultmail@xpk.com', 1, 297, 2),
(393, 'dfznhkfzd', '67963b66a6d3097943fc716a569bdaf5', 'defaultmail@xpk.com', 1, 298, 2),
(394, 'gyxokqurr', 'ed7b8d3970a9effb498a60d23a28362c', 'defaultmail@xpk.com', 1, 299, 2),
(395, 'esfkzyhiw', '8080478dc17ffaafc10f1388f37e19ff', 'defaultmail@xpk.com', 1, 300, 2),
(396, 'kslbyxvhm', 'dde5cb5b09218a69ef938e3723595229', 'defaultmail@xpk.com', 1, 301, 2),
(397, 'dydmmfgpu', 'bdfc4527a68221156b58b099831ee3bc', 'defaultmail@xpk.com', 1, 302, 2),
(398, 'wcykdirii', 'f9bc135ca5710ff6c782e77dd0c4a871', 'defaultmail@xpk.com', 1, 303, 2),
(399, 'bykixyxnf', '93f7d3426bca52aaab7bff6d31a82b9d', 'defaultmail@xpk.com', 1, 304, 2),
(400, 'ygvkxdtcv', '3cf576b29c8d6ba71cbe7522a203494a', 'defaultmail@xpk.com', 1, 305, 2),
(401, 'uqrrpisfa', '7d6c77860c48646b3c14169b3de48c2d', 'defaultmail@xpk.com', 1, 306, 2),
(402, 'fmsxrjema', '6fbdad0a457f3e0c324feebc9b691c61', 'defaultmail@xpk.com', 1, 307, 2),
(403, 'tbxqabjjn', '54552e02aa09206ef387742ab63622d5', 'defaultmail@xpk.com', 1, 308, 2),
(404, 'kjuyrdmpx', '0a6e89941a535d7467c87a149fa5bf49', 'defaultmail@xpk.com', 1, 309, 2),
(405, 'jdzteaaas', 'c1752f2aa6b2b4c903d62cff69c6943e', 'defaultmail@xpk.com', 1, 310, 2),
(406, 'gljqqsgqx', 'ca926808f73b238e9efa9ca5702d1793', 'defaultmail@xpk.com', 1, 311, 2),
(407, 'ghblwhcfn', 'a1209fa8a036776db8e3d443728287eb', 'defaultmail@xpk.com', 1, 312, 2),
(408, 'mtwegcszw', '2801337eabf25b1f6946af5ae0d4f53f', 'defaultmail@xpk.com', 1, 313, 2),
(409, 'gatrecoow', 'b3ffb190a982bbdad524cbbb1d179e43', 'defaultmail@xpk.com', 1, 314, 2),
(410, 'tzrqykiwo', 'aa75665b83dbcf3abd177aaa7d689343', 'defaultmail@xpk.com', 1, 315, 2),
(411, 'eoaxbumhi', '83aa986bfdbce6513f1683dc1c2ab3ff', 'defaultmail@xpk.com', 1, 316, 2),
(412, 'sddevswdo', '1f682ce399eec8d242cb46dbbf80a995', 'defaultmail@xpk.com', 1, 317, 2),
(413, 'qjekdnutz', '6590acbbf12e85785b5bf8065e59a7a8', 'defaultmail@xpk.com', 1, 318, 2),
(414, 'pmflguhee', '527d1e069267d6f58857f340aef115c3', 'defaultmail@xpk.com', 1, 319, 2),
(415, 'acptyzgui', '2934a1e581b9699d22d7b01c3f4f083f', 'defaultmail@xpk.com', 1, 320, 2),
(416, 'bnvskrnpy', '8aa0c898050a4a0b7dd7fcbe4ec17eee', 'defaultmail@xpk.com', 1, 321, 2),
(417, 'neboeydua', '6705eb5d5be09553f6525ac4e7d61fa0', 'defaultmail@xpk.com', 1, 322, 2),
(418, 'afuojcvoh', '6992cde34f9a17916f7a40036bed22c9', 'defaultmail@xpk.com', 1, 323, 2),
(419, 'ykhxniihu', '9141cee72d74c6af155ec9175265d602', 'defaultmail@xpk.com', 1, 324, 2),
(420, 'vdlnaiawu', 'e69451c491ee729a736ebb6a66df93b3', 'defaultmail@xpk.com', 1, 325, 2),
(421, 'xtynitalw', '71615dc0952d23ef501b8c937090bdef', 'defaultmail@xpk.com', 1, 326, 2),
(422, 'mzjzuocis', 'a8f1462f2e9c23084d4baf2ed84427a8', 'defaultmail@xpk.com', 1, 327, 2),
(423, 'yxokmnpwn', '6ba51ad8a562995df0b3f76386762d90', 'defaultmail@xpk.com', 1, 328, 2),
(424, 'vbbqwmtfa', '417b15ed4fecf7ff6809cd2a2d14c3b4', 'defaultmail@xpk.com', 1, 329, 2),
(425, 'fhkmfjnge', 'c7f199e0f8ea4a5212a49b58b6374882', 'defaultmail@xpk.com', 1, 330, 2),
(426, 'rfvwbsces', 'd469100e0ef20b7ac1176b0d2d4244fb', 'defaultmail@xpk.com', 1, 331, 2),
(427, 'iafmkuqzp', 'b82c51141b0bd919cca78eb6c23c1ee6', 'defaultmail@xpk.com', 1, 332, 2),
(428, 'wxbcuzvnf', '1ec8e7a3391b671109948f7bdf6b0697', 'defaultmail@xpk.com', 1, 333, 2),
(429, 'untinyneo', 'd6a95338177f0e194d548ea56044f9d5', 'defaultmail@xpk.com', 1, 334, 2),
(430, 'vayejxjfr', '972872e900e6875e9dcfdd8f2e89d57b', 'defaultmail@xpk.com', 1, 335, 2),
(431, 'hhssdjale', 'eda08d646c1478a344b39ad0af33427b', 'defaultmail@xpk.com', 1, 336, 2),
(432, 'aflmidjpi', '0200a2865e48217e9af64e8d02d009fd', 'defaultmail@xpk.com', 1, 337, 2),
(433, 'gnczadbrd', '7c55c5fbbfc12fc0f4f1bed936317a5e', 'defaultmail@xpk.com', 1, 338, 2),
(434, 'jlnotzdbp', 'ae9f1ac84ad5711336d7c0da6b143c44', 'defaultmail@xpk.com', 1, 339, 2),
(435, 'amjrhahku', '17775ee57f79a0439864bda4538e23ac', 'defaultmail@xpk.com', 1, 340, 2),
(436, 'vamdbtpko', 'f384f67a3f7b89c45edf68baa14ce310', 'defaultmail@xpk.com', 1, 341, 2),
(437, 'chueuacqi', 'c6acf8b611d1baead6f5f3062adcd0c1', 'defaultmail@xpk.com', 1, 342, 2),
(438, 'ydnzfrnjh', 'b19f47d00766bf7492f890885174ffb7', 'defaultmail@xpk.com', 1, 343, 2),
(439, 'udjzhdyme', '94569c1460662b5cb5e167ce39a2db55', 'defaultmail@xpk.com', 1, 344, 2),
(440, 'innmwntsk', '020b9386be93fb8ef1fa812bc17bd706', 'defaultmail@xpk.com', 1, 345, 2),
(441, 'mdskjvhwy', '16576431bc8ce44a1e2195ee398239fd', 'defaultmail@xpk.com', 1, 346, 2),
(442, 'xsuvfmopq', 'c6e4798f9ddccdc3eafda0c678f99387', 'defaultmail@xpk.com', 1, 347, 2),
(443, 'ajtkocdyl', '072c22827e685cdd5badf441eb5ae163', 'defaultmail@xpk.com', 1, 348, 2),
(444, 'jypntnopy', '222dd0b2e7415aa1a01e51c931cc6500', 'defaultmail@xpk.com', 1, 349, 2),
(445, 'udqctjeyj', '7b0288f48f600cd0c6368f5e04c0a660', 'defaultmail@xpk.com', 1, 350, 2),
(446, 'xunyxispy', '43b20c511584b8221efcf8978f2cb186', 'defaultmail@xpk.com', 1, 351, 2),
(447, 'xtjlynawk', 'e85c10a213f25f6d1615c5465a8a1e38', 'defaultmail@xpk.com', 1, 352, 2),
(448, 'nwikquohp', '3018e1f166349e68ee7b13ed049a41da', 'defaultmail@xpk.com', 1, 353, 2),
(449, 'vcjmouqsg', '2278753f1963788c27983bd63aecbf6e', 'defaultmail@xpk.com', 1, 354, 2),
(450, 'sonkheliw', 'ebd9175dbb4b71d5e605137c42ab2376', 'defaultmail@xpk.com', 1, 355, 2),
(451, 'gbvjlxgdy', 'e6979cfee3b06e71ea547852cc945f24', 'defaultmail@xpk.com', 1, 356, 2),
(452, 'xdzahnemn', '74f6aaa28702788b2f75ee5ca59ddf49', 'defaultmail@xpk.com', 1, 357, 2),
(453, 'psdvojxrz', '90ab55a39b8d45b73e9075c437a79f38', 'defaultmail@xpk.com', 1, 358, 2),
(454, 'tiostdujj', 'a72f206f70f32fd4bdf8bc34c05caaf0', 'defaultmail@xpk.com', 1, 359, 2),
(455, 'zxzchllni', 'dad5b4d479ccb1ac4314fd85dc01c265', 'defaultmail@xpk.com', 1, 360, 2),
(456, 'vttpjadma', 'd6342e83ddf5208a28450fc1061403e8', 'defaultmail@xpk.com', 1, 361, 2),
(457, 'shnaaljgy', '25c0691eac043a6ae40be332bd7d1481', 'defaultmail@xpk.com', 1, 362, 2),
(458, 'giewyiulm', 'c79f39af140777d9b324ec5ec9389cc1', 'defaultmail@xpk.com', 1, 363, 2),
(459, 'yeyneiidp', 'bc62dbcc84f60d789cf5cf2288a32a83', 'defaultmail@xpk.com', 1, 364, 2),
(460, 'mdsiginyx', 'd589a929f7ab24a66b214cacd729beb2', 'defaultmail@xpk.com', 1, 365, 2),
(461, 'mnmnxmlnb', '5e67b834560c4bd06f320a4b7b7ff1cf', 'defaultmail@xpk.com', 1, 366, 2),
(462, 'ntlbzetrk', '09591f096f29fd9905ad2c6ed3786c60', 'defaultmail@xpk.com', 1, 367, 2),
(463, 'ugvuxhreb', 'fb8a2ade3decc8584c7f9c0335673abb', 'defaultmail@xpk.com', 1, 368, 2),
(464, 'vzzlawfap', 'f8dec2b05e7e8f2d6cc3ab1d204223a5', 'defaultmail@xpk.com', 1, 369, 2),
(465, 'rcwztnynb', 'f70ea0fe74458ee8bf2ce35c7c7c839e', 'defaultmail@xpk.com', 1, 370, 2),
(466, 'obklyajvr', '8ac1883ba42ae9e1c42faa6c5c243506', 'defaultmail@xpk.com', 1, 371, 2),
(467, 'ycggqhvwt', '702594ad166d989bbfd268a1569fa0c8', 'defaultmail@xpk.com', 1, 372, 2),
(468, 'aubqofwrv', 'caf574ed46d44cd971004cca65e239c9', 'defaultmail@xpk.com', 1, 373, 2),
(469, 'cavwxoqoj', '083f5ab5671637f9f2d30bbe2c7b175f', 'defaultmail@xpk.com', 1, 374, 2),
(470, 'fsytgwyke', '0d615bbef7d106b40e725ba73e589321', 'defaultmail@xpk.com', 1, 375, 2),
(471, 'aefekvyxy', '67ce58d44cca2f616a5ba56a3b7b617f', 'defaultmail@xpk.com', 1, 376, 2),
(472, 'ivwysnikr', '454291954e49d241b4b7931ee46763da', 'defaultmail@xpk.com', 1, 377, 2),
(473, 'dzcoufydl', '3caeaa4f900c729312901f4911905adf', 'defaultmail@xpk.com', 1, 378, 2),
(474, 'tlymehpec', '8a3ba29fc9c0ce9d27de5e1cbc56998a', 'defaultmail@xpk.com', 1, 379, 2),
(475, 'ckkwkhsyw', 'bb5acd26db2c11a95a273c92ff48fce8', 'defaultmail@xpk.com', 1, 380, 2),
(476, 'iihpbhacg', '0287598657bdbe2f593ab9db9c872b7b', 'defaultmail@xpk.com', 1, 381, 2),
(477, 'xmsxwtgpd', '5affa04f72ca4a671f4652345b5d1f02', 'defaultmail@xpk.com', 1, 382, 2),
(478, 'ckkejjrvp', 'b2704d252c0da71a4ddb6e6935dd212c', 'defaultmail@xpk.com', 1, 383, 2),
(479, 'qiunrpazb', 'd379cfcc09bed1b2ac73cf33bf1f6046', 'defaultmail@xpk.com', 1, 384, 2),
(480, 'igkugaeqm', 'e60016b7a7ba7a3d0d4d2bfae3b159d3', 'defaultmail@xpk.com', 1, 385, 2),
(481, 'uigbsxrnc', '3536d09cc3a97902ee5367563e6eebbc', 'defaultmail@xpk.com', 1, 386, 2),
(482, 'naohjvjsa', '731f4a9b55d53f106b89a55b13b263f8', 'defaultmail@xpk.com', 1, 387, 2),
(483, 'xleboireh', 'd05bebb0666d5354585ebf8401f7eb1b', 'defaultmail@xpk.com', 1, 388, 2),
(484, 'wjaqcuttl', '30f896df3ad043d95948bc431bc11001', 'defaultmail@xpk.com', 1, 389, 2),
(485, 'rgxvjnufq', 'b1013c361c1709bf850e1248243a1439', 'defaultmail@xpk.com', 1, 390, 2),
(486, 'xbjqqyood', '3d371fa7df9a472363111e1668c165a7', 'defaultmail@xpk.com', 1, 391, 2),
(487, 'hhtafrryl', '052bddca3db3b4a4fd376adfd9974387', 'defaultmail@xpk.com', 1, 392, 2),
(488, 'cxssrklmr', '5f01194402415e996d19bc43902830c7', 'defaultmail@xpk.com', 1, 393, 2),
(489, 'opyexwszh', '4e92ab9bb13a9aab9e38a9ff1f7d6bff', 'defaultmail@xpk.com', 1, 394, 2),
(490, 'itoaefsre', 'df77f01193c148dea487186e0ebd81d1', 'defaultmail@xpk.com', 1, 395, 2),
(491, 'rrnptzagh', 'c1bb7a9a9a6e9cba61608f25132aad7d', 'defaultmail@xpk.com', 1, 396, 2),
(492, 'hhoszhhxd', '9413d09c1812633c94cc8e102cec5a1c', 'defaultmail@xpk.com', 1, 397, 2),
(493, 'mujodrncz', '0ac2f5b6289388ffe8306b185c9a5b0e', 'defaultmail@xpk.com', 1, 398, 2),
(494, 'atwuhuwlq', 'c17b927d798b0aa7b741da69bd572343', 'defaultmail@xpk.com', 1, 399, 2),
(495, 'ajmbrltwj', '8aed73fc2069d36a73e76036630940c0', 'defaultmail@xpk.com', 1, 400, 2),
(496, 'vbltxapgf', '04e85d1fef48a53ce9fb9394a2b07267', 'defaultmail@xpk.com', 1, 401, 2),
(497, 'hlqxacsuk', '4f1dfb20e0e0f9f366d130f28c2f2e83', 'defaultmail@xpk.com', 1, 402, 2),
(498, 'vkumgtbpl', 'c9a0c9e8a2effc20a8fb131d2cecc148', 'defaultmail@xpk.com', 1, 403, 2),
(499, 'fwtupncev', 'cb60a630cc913034fdf106d90ed992f6', 'defaultmail@xpk.com', 1, 404, 2),
(500, 'kfrbngggz', '0366ed12937c3394b8a5b5ee3daea80d', 'defaultmail@xpk.com', 1, 405, 2),
(501, 'zjailtyyg', '12092c2ba77507d12e3ea8c1a1e5c5ac', 'defaultmail@xpk.com', 1, 406, 2),
(502, 'hsywuzcva', '230b25c7dc29067d1a384b34d9ff65a9', 'defaultmail@xpk.com', 1, 407, 2),
(503, 'hxbsnzhge', '3e051f6de30de3b4940a932e338ca9bc', 'defaultmail@xpk.com', 1, 408, 2),
(504, 'uxdgonjkf', '56244309e69689b5c9b69cbe725189a6', 'defaultmail@xpk.com', 1, 409, 2),
(505, 'javzdntjj', '042bc233cf005ce094e4ea1791190592', 'defaultmail@xpk.com', 1, 410, 2),
(506, 'qxakbonil', 'd33e67328125b26a47bd2f2b83443da5', 'defaultmail@xpk.com', 1, 411, 2),
(507, 'gewpjslgz', '13f4868ce7a4bfa9cb47ae360b6c8214', 'defaultmail@xpk.com', 1, 412, 2),
(508, 'sqnzvrvhl', '796b9d4331a1760be7791bfffc042815', 'defaultmail@xpk.com', 1, 413, 2),
(509, 'idalhfutq', '16edc1f7c25966d1e166c7c9752fce38', 'defaultmail@xpk.com', 1, 414, 2),
(510, 'amjtdbiua', '2e301e07cf6ae8974b5bd61965322035', 'defaultmail@xpk.com', 1, 415, 2),
(511, 'pjorrhplt', 'bf1e813b391134f3ebe3d81eebfe2933', 'defaultmail@xpk.com', 1, 416, 2),
(512, 'suqcehruf', '38ebe010f5e396a8a5d868cdb8586e5e', 'defaultmail@xpk.com', 1, 417, 2),
(513, 'zpolcwyrx', '2aaf4780fdc8a252a2c101b282848f1f', 'defaultmail@xpk.com', 1, 418, 2),
(514, 'chopopavn', '5a6d54b2b986e08055ce41cf287ef0c4', 'defaultmail@xpk.com', 1, 419, 2),
(515, 'biwmhtskx', '73711a376532bde2bf1e0403c7f59d24', 'defaultmail@xpk.com', 1, 420, 2),
(516, 'jmsiryowm', '937c14370ee7bef087eee97ff46d767b', 'defaultmail@xpk.com', 1, 421, 2),
(517, 'yxtgppdgq', 'aff942a2933606dfaa3313f001bbef5a', 'defaultmail@xpk.com', 1, 422, 2),
(518, 'wvjjwahmu', '421ff014d899d8917858463c8c348c59', 'defaultmail@xpk.com', 1, 423, 2),
(519, 'mlquiouda', '689d0b58ca537b8ded2ad16464159d72', 'defaultmail@xpk.com', 1, 424, 2),
(520, 'udfirlbru', 'fd27f57e2a563dd406d3c1c5960b3966', 'defaultmail@xpk.com', 1, 425, 2),
(521, 'wtjcwxtvw', '098f564ae9c3be6203c3e31e53db9bc1', 'defaultmail@xpk.com', 1, 426, 2),
(522, 'omumqrhzv', '8ea1aa5a82ae97645c22eb20be8f6740', 'defaultmail@xpk.com', 1, 427, 2),
(523, 'ocptbchrp', '007e6339471a420b43a18654805c8f7a', 'defaultmail@xpk.com', 1, 428, 2),
(524, 'vlgihxzga', '4585873866334aeff4b8c7754e04e430', 'defaultmail@xpk.com', 1, 429, 2),
(525, 'fmeeezvco', 'b549cf7f027424b3518723424c140097', 'defaultmail@xpk.com', 1, 430, 2),
(526, 'bbvcgiyhi', 'bb25eb896ba68c5b5aebfe81ce1f19d0', 'defaultmail@xpk.com', 1, 431, 2),
(527, 'onzrerocn', 'd3361991c4cbc11862b52ed130d596f8', 'defaultmail@xpk.com', 1, 432, 2),
(528, 'vkuhyzurt', 'e31b1c61622b11233b56e83d8fefb133', 'defaultmail@xpk.com', 1, 433, 2),
(529, 'mhruomvux', 'c195771e72e7bb26609090bc9a3be3a8', 'defaultmail@xpk.com', 1, 434, 2),
(530, 'neycclwnj', '5e3e939e1d71a11d4fcff0232557cd3e', 'defaultmail@xpk.com', 1, 435, 2),
(531, 'caiyzvekl', '72cfcdedd2f4bcaf1cd6f1429d200a33', 'defaultmail@xpk.com', 1, 436, 2),
(532, 'bcpehhkka', '82961c02e6f8ddc0e82b8b6dcce96d98', 'defaultmail@xpk.com', 1, 437, 2),
(533, 'zdllrstvc', '6d6172b7a2553ef31cad2075c89978ca', 'defaultmail@xpk.com', 1, 438, 2),
(534, 'hmkjoosez', '1cab598f5b95f61c5a2e5bf170fef3cc', 'defaultmail@xpk.com', 1, 439, 2),
(535, 'cztzmieji', '3170c56d3f3a38cc5d8e64ac4b3c0392', 'defaultmail@xpk.com', 1, 440, 2),
(536, 'iliwukvzz', '58195c6471582d90782058a4355815f2', 'defaultmail@xpk.com', 1, 441, 2),
(537, 'eqvqmdlbg', '82668c2c020e37282e24bfb97d4aae00', 'defaultmail@xpk.com', 1, 442, 2),
(538, 'wcmzuobai', '40fef5dde451692fc1921eb737b057a6', 'defaultmail@xpk.com', 1, 443, 2),
(539, 'bpzaopedy', '3b02f309788f27078dfbfc42ae0a7a33', 'defaultmail@xpk.com', 1, 444, 2),
(540, 'krwquseiy', '3c8e12a2d021ee74158a562ced36d6d5', 'defaultmail@xpk.com', 1, 445, 2),
(541, 'fzydfrbjo', '12e0d09d7a8748e7c89b2f9c754fdeba', 'defaultmail@xpk.com', 1, 446, 2),
(542, 'feainatsz', '58f5825034c7225d92e227d4957628d1', 'defaultmail@xpk.com', 1, 447, 2),
(543, 'jfljesjmd', '09004e227db563b6e17402c7e4a5f0b6', 'defaultmail@xpk.com', 1, 448, 2),
(544, 'lieyqxiad', '51274db1dc705cfabb8ea39c03de1cc8', 'defaultmail@xpk.com', 1, 449, 2),
(545, 'nrtqjgary', 'c161564c547c2585a232b73a316b5c7b', 'defaultmail@xpk.com', 1, 450, 2),
(546, 'hbvavsgpe', 'f5fc85c3fa069a944529fdf1be5f341f', 'defaultmail@xpk.com', 1, 451, 2),
(547, 'irqhtsrir', 'af9f978e0863b4ed7615f53b83fb4470', 'defaultmail@xpk.com', 1, 452, 2),
(548, 'slmwymhja', '1b9fab1f0240cafdce5b7ab5382102d3', 'defaultmail@xpk.com', 1, 453, 2),
(549, 'pnudbdcii', 'b56c9cd60562ca6b6a9cb5ae0cda32fd', 'defaultmail@xpk.com', 1, 454, 2),
(550, 'mekxeyitg', '47ff859499b7ce278db9f7cfc06e1f39', 'defaultmail@xpk.com', 1, 455, 2),
(551, 'ypyejljol', '18d74b7cadb00d2abe8829350e8e13a1', 'defaultmail@xpk.com', 1, 456, 2),
(552, 'zyenhbcrh', '1f946c2f08d12e88f9e58e6a45c2fca0', 'defaultmail@xpk.com', 1, 457, 2),
(553, 'odrbrweke', '903a890068f14b0a630850c3e5cd61e8', 'defaultmail@xpk.com', 1, 458, 2),
(554, 'gebjlqlnu', '8b505d6fc91715ba7dafdcbda16d1ccc', 'defaultmail@xpk.com', 1, 459, 2),
(555, 'mrrixxmjr', 'f4cb0eebbdf8407859983bbd39e2a1bd', 'defaultmail@xpk.com', 1, 460, 2),
(556, 'mfvkneibw', '8f70c5d60277b97a9104195750242a25', 'defaultmail@xpk.com', 1, 461, 2),
(557, 'upbiphuuv', '0710b6e33abed1c5fa1b3334721f8f78', 'defaultmail@xpk.com', 1, 462, 2),
(558, 'vupsgzykq', 'bedb14ef14b7b900b5f8454fd29c2d81', 'defaultmail@xpk.com', 1, 463, 2),
(559, 'nqvdbacsd', '4f01bf1f75cbd265141e04f1616a6b30', 'defaultmail@xpk.com', 1, 464, 2),
(560, 'zcpmmvchc', '09395027be5a44a531ad8bea94bff31b', 'defaultmail@xpk.com', 1, 465, 2),
(561, 'rkayuoksv', '39c06b462dbef0b3c5ea4e06185c28fe', 'defaultmail@xpk.com', 1, 466, 2),
(562, 'flimoxbwd', 'a49981b8cf8be2ce5cd74202b1b322c7', 'defaultmail@xpk.com', 1, 467, 2),
(563, 'waptrlryj', 'c52b8c392a23ae5e1123e296d3c86643', 'defaultmail@xpk.com', 1, 468, 2),
(564, 'tsksgqnbl', '959752b49b8fee772ff16cb8acfb1f21', 'defaultmail@xpk.com', 1, 469, 2),
(565, 'kklywdwxo', '0f9f4c8f2c82a20a956d970dce1c28d5', 'defaultmail@xpk.com', 1, 470, 2),
(566, 'yeliegaci', '1edd75bad5aa2bdf82828b597cc32968', 'defaultmail@xpk.com', 1, 471, 2),
(567, 'kkjriuuuu', 'fe6d965f5bd61d3774876d52542aa61c', 'defaultmail@xpk.com', 1, 472, 2),
(568, 'mkrsorwom', '6401ebd6d181a9e7e1e099a6a1289a06', 'defaultmail@xpk.com', 1, 473, 2),
(569, 'aucygmeql', 'a17522cc11b1f93bc33bdcd951906b86', 'defaultmail@xpk.com', 1, 474, 2),
(570, 'ufcfcdfcx', '7ff5e63f721ad015d8456aabd9a4d593', 'defaultmail@xpk.com', 1, 475, 2),
(571, 'mfsyulnxg', '569f8548804d4806756c7e4ae5fdc84b', 'defaultmail@xpk.com', 1, 476, 2),
(572, 'bavelugwh', 'fdc6b6f67e6fa9ec730589e751813eb0', 'defaultmail@xpk.com', 1, 477, 2),
(573, 'rkafayhrw', 'e518c6cdbf6c9d02380bd743a80aa36c', 'defaultmail@xpk.com', 1, 478, 2),
(574, 'xhxgnxirv', 'f1cd5f682835e7fcf6ac3011d975051f', 'defaultmail@xpk.com', 1, 479, 2),
(575, 'jyiwphvwb', '889215486dc425422f659c384340e7f7', 'defaultmail@xpk.com', 1, 480, 2),
(576, 'tvgdjefle', '73e5d611c3b9f2392e7a16795c3b02ea', 'defaultmail@xpk.com', 1, 481, 2),
(577, 'zufvtpjsq', '7aeeac98a80aa26279a2dd93914d580f', 'defaultmail@xpk.com', 1, 482, 2),
(578, 'bdsemzigg', 'b13c6123f086763392f371b2b6ac210b', 'defaultmail@xpk.com', 1, 483, 2),
(579, 'uhzpmtyme', '15d21e5126c01a1953ad2a1e8bc3ab22', 'defaultmail@xpk.com', 1, 484, 2),
(580, 'bacewdkoc', '3d67497f8d2a94526ae87d5f28d58595', 'defaultmail@xpk.com', 1, 485, 2),
(581, 'uvswrxeky', 'aee1af58563831e1a22e3677ae2ab130', 'defaultmail@xpk.com', 1, 486, 2),
(582, 'jmemrwtfb', '1ea56da05ebe0de5d96bbd7702401809', 'defaultmail@xpk.com', 1, 487, 2),
(583, 'yjemtucav', 'fb69f6c36440110ba7ac12b217d69ba8', 'defaultmail@xpk.com', 1, 488, 2),
(584, 'bxytoafdi', '07b1236510acbcf6b248495ce2c50451', 'defaultmail@xpk.com', 1, 489, 2),
(585, 'kgeqnvjox', '51d4221b7cc08c5848ec80431292f02d', 'defaultmail@xpk.com', 1, 490, 2),
(586, 'kijezvsfk', '7a0fcc3dd5717f22790df84773371fc0', 'defaultmail@xpk.com', 1, 491, 2),
(587, 'sxpwtscbh', '1f99661825ffb1a8b1c5d0bbfeacf5b6', 'defaultmail@xpk.com', 1, 492, 2),
(588, 'lonxixfdd', '612436902978f64c852685ccd3b86f6a', 'defaultmail@xpk.com', 1, 493, 2),
(589, 'ztxnvbphq', '19b88e5804b0170c49a428e9f6c75643', 'defaultmail@xpk.com', 1, 494, 2),
(590, 'nbboxxwqa', '8629ec0300619b58269bc543cb87eb55', 'defaultmail@xpk.com', 1, 495, 2);
INSERT INTO `user` (`id`, `username`, `password`, `email`, `role`, `identity_id`, `identity_type`) VALUES
(591, 'paakmnmfk', '20764a927271e3921e18469f5ae46980', 'defaultmail@xpk.com', 1, 496, 2),
(592, 'fjyedjxqi', '77b8aa3b954e247361c8ab5620610a8e', 'defaultmail@xpk.com', 1, 497, 2),
(593, 'eyymiwwof', 'ec63f21abf1741927ad76c84cc7775a2', 'defaultmail@xpk.com', 1, 498, 2),
(594, 'qgqwomzwx', '8d8004e350d281a7d102d4caf4a65270', 'defaultmail@xpk.com', 1, 499, 2),
(595, 'bdmpexyxc', 'e89d11d388fc7fde8f40f9bf4796f743', 'defaultmail@xpk.com', 1, 500, 2),
(596, 'lvjdjgfiq', 'fc292963f22376df535b3fea31b72532', 'defaultmail@xpk.com', 1, 501, 2),
(597, 'sxqyasbfn', '2df911d4efe912826ba7306afd9e92dc', 'defaultmail@xpk.com', 1, 502, 2),
(598, 'ytmsmdcwj', 'f6640a60a5b3f9b62ceaa861e32ee3e7', 'defaultmail@xpk.com', 1, 503, 2),
(599, 'khkqjiegk', 'b18016a66b2c0fc7ba724d5e6aff41ae', 'defaultmail@xpk.com', 1, 504, 2),
(600, 'fhpgalwtp', '05bda5e8d0211f4804a47ebf36c6b04e', 'defaultmail@xpk.com', 1, 505, 2),
(601, 'mluyrbfpp', '2d568eb7ba06c0a1aa22e5c232351129', 'defaultmail@xpk.com', 1, 506, 2),
(602, 'scjsgswyz', 'e817bf3c847b4cedda3f2cdf91c0572c', 'defaultmail@xpk.com', 1, 507, 2),
(603, 'daprbwpbn', '4e2a16df73bfcf4541e6291ee634a6ca', 'defaultmail@xpk.com', 1, 508, 2),
(604, 'gizxhjtsk', '1b14f30b0eb1772f70939500dd359bd7', 'defaultmail@xpk.com', 1, 509, 2),
(605, 'gugiidqva', 'c420d2c9f1235a4dd679435560911829', 'defaultmail@xpk.com', 1, 510, 2),
(606, 'zzqckcqcp', 'edf1dd2a8f86d5898a47f4b9c0f5650b', 'defaultmail@xpk.com', 1, 511, 2),
(607, 'lanlwehux', '2ea77455bde3e13b3515cdbb340b0336', 'defaultmail@xpk.com', 1, 512, 2),
(608, 'xseouqzyl', 'b99e560f0150bfc4021dbc9e9609c00a', 'defaultmail@xpk.com', 1, 513, 2),
(609, 'cpiepiwtl', 'd8a4c95a65b67e2e19b568c51e848be9', 'defaultmail@xpk.com', 1, 514, 2),
(610, 'tsmmgrdet', 'fb1004b5badaf818826591b27645ad65', 'defaultmail@xpk.com', 1, 515, 2),
(611, 'xvvwvqbcf', '1f6af129e656e5faf8526074a509de3a', 'defaultmail@xpk.com', 1, 516, 2),
(612, 'getwhehon', '319fe9b635844acd695eb3a5c5a92d35', 'defaultmail@xpk.com', 1, 517, 2),
(613, 'jnibzlajd', '5ba5fc98f9ebddae38b6189117970fb7', 'defaultmail@xpk.com', 1, 518, 2),
(614, 'qfvdwykyy', '003e3613165780a4cf1d4b2bca6cb821', 'defaultmail@xpk.com', 1, 519, 2),
(615, 'nerxpggkz', '6162c25b23112aba4842363c054c751d', 'defaultmail@xpk.com', 1, 520, 2),
(616, 'ktwfxnhth', '2c81eac9a63a4336f820f4b864c2d852', 'defaultmail@xpk.com', 1, 521, 2),
(617, 'mighxvexa', '44ac772fbb3584116b59909c13d98a74', 'defaultmail@xpk.com', 1, 522, 2),
(618, 'foidypyrs', 'e6b5b9e231dd2e7c42c98571018fa9a1', 'defaultmail@xpk.com', 1, 523, 2),
(619, 'ikmuytuwx', '3fc5fc3185ab0e87bc776643449ffb2d', 'defaultmail@xpk.com', 1, 524, 2),
(620, 'chvdznihi', '09a3965ff6ebd9d7c0ad86e690553a42', 'defaultmail@xpk.com', 1, 525, 2),
(621, 'hbnkojjwq', '51cfabba831c171273576bfcc5d5bd40', 'defaultmail@xpk.com', 1, 526, 2),
(622, 'smxlahanh', 'b965e8dcb8f902e5a9651635db8247b6', 'defaultmail@xpk.com', 1, 527, 2),
(623, 'hreamgabo', '1686f038513ea3f2a445032381265baa', 'defaultmail@xpk.com', 1, 528, 2),
(624, 'bdoqtzokt', 'af8caef473dd6c33e2759c387957b05e', 'defaultmail@xpk.com', 1, 529, 2),
(625, 'lcgjdfdgg', 'c26d33d0b15d66852d6c5f94d6bf2cfe', 'defaultmail@xpk.com', 1, 530, 2),
(626, 'opujatdkk', 'd46b86df328b3c7f901ac2d36f9ee81a', 'defaultmail@xpk.com', 1, 531, 2),
(627, 'rucscjlqs', '62af34104480d93ac66e8dfe27f3fe76', 'defaultmail@xpk.com', 1, 532, 2),
(628, 'huwttcdfb', 'f93c397164ad21f3a532caa3b682f7a3', 'defaultmail@xpk.com', 1, 533, 2),
(629, 'yiduucsrh', '06b1dc43e4a458b5c44646f62e0372cb', 'defaultmail@xpk.com', 1, 534, 2),
(630, 'lewuommoc', 'a78c2b0fd4e1b1a91b1fe1a47f2e33ca', 'defaultmail@xpk.com', 1, 535, 2),
(631, 'nxabnprmo', '59c28194b57fab6cb590a41c771dd7a8', 'defaultmail@xpk.com', 1, 536, 2),
(632, 'axfybxejt', 'f5cbddffaeaf4b84029df8543a61cd69', 'defaultmail@xpk.com', 1, 537, 2),
(633, 'yttohizqo', 'aa3872d9334432685f1c10908ea8af4c', 'defaultmail@xpk.com', 1, 538, 2),
(634, 'rdkwicnke', '41264523ea8ef7a6fdca7ed3876b0260', 'defaultmail@xpk.com', 1, 539, 2),
(635, 'xwedrcqra', '48cc7cac7f68f8045ee0e1b06904170c', 'defaultmail@xpk.com', 1, 540, 2),
(636, 'efxwuvqzz', '038c23ef7b06887aac29b9dd78f033a1', 'defaultmail@xpk.com', 1, 541, 2),
(637, 'pxqkglksy', '36e049846f8577e281c9d28ba0d555e4', 'defaultmail@xpk.com', 1, 542, 2),
(638, 'pukdnibqv', 'cba28513ab0084a5b63bec3c3a452eab', 'defaultmail@xpk.com', 1, 543, 2),
(639, 'ywisyhktz', '23c0ddc85e33d6be9cc74aa250ddf388', 'defaultmail@xpk.com', 1, 544, 2),
(640, 'mxyylvnxd', '924d927a89b72662d4261b12a1472630', 'defaultmail@xpk.com', 1, 545, 2),
(641, 'pbnkgqtfb', '27a44c5286b81922b64bf7b958d618e5', 'defaultmail@xpk.com', 1, 546, 2),
(642, 'iphruqfee', '33ad2cc041b35ddadc102616a04baa4d', 'defaultmail@xpk.com', 1, 547, 2),
(643, 'nluvrqiyw', 'a1c059a9bc5e066091d169b4303f50a3', 'defaultmail@xpk.com', 1, 548, 2),
(644, 'ajibzreyn', 'b6154a3c21d6659565f46a101ebf1866', 'defaultmail@xpk.com', 1, 549, 2),
(645, 'ammtiqwxl', 'f852557493713563f1101ce2ffaac2c9', 'defaultmail@xpk.com', 1, 550, 2),
(646, 'euoxhliiy', '11e0b0e8a82dae5928fb313fdb8e1cad', 'defaultmail@xpk.com', 1, 551, 2),
(647, 'yehrcftnx', '96f1a2dc92442ef09bc2985dbbab938c', 'defaultmail@xpk.com', 1, 552, 2),
(648, 'kceztdzfv', '9f9c04697c7bdeafc94304cefdda1843', 'defaultmail@xpk.com', 1, 553, 2),
(649, 'smdidtave', '8cd51f00cc31e41425f7d7d6eb1da1d3', 'defaultmail@xpk.com', 1, 554, 2),
(650, 'ylsocoztp', '33a809fa01beae4546c81615e31b00c9', 'defaultmail@xpk.com', 1, 555, 2),
(651, 'gdfgokfhq', '5377c8d5007f77841a949e2052682d98', 'defaultmail@xpk.com', 1, 556, 2),
(652, 'vspgrurgs', 'a198d0a669d707e271d3fdd1b833c0b0', 'defaultmail@xpk.com', 1, 557, 2),
(653, 'apfxkisuo', '7521570dfa530ef2248aa761e9c58d51', 'defaultmail@xpk.com', 1, 558, 2),
(654, 'emdvybole', '943be0c99452cd65184db1625d601746', 'defaultmail@xpk.com', 1, 559, 2),
(655, 'ceelgtxgy', '450fb3a19cce5b7e21ad77ddca404beb', 'defaultmail@xpk.com', 1, 560, 2),
(656, 'orikznbyy', '6e23b352b41edf5ae7a962f6de383829', 'defaultmail@xpk.com', 1, 561, 2),
(657, 'wvwrbdzns', '4e436e53046d08d9c0417d0d8894e954', 'defaultmail@xpk.com', 1, 562, 2),
(658, 'qzyfgamuw', '552cc77b57c8bab7f1ec574f24d4ce92', 'defaultmail@xpk.com', 1, 563, 2),
(659, 'ttvrguren', 'f98f6c1c3a83f55708200328f2d3b332', 'defaultmail@xpk.com', 1, 564, 2),
(660, 'twbvfqosv', 'ad4cc1478b123afad4121dd8974c3439', 'defaultmail@xpk.com', 1, 565, 2),
(661, 'fihjhcshs', 'e9b78c7cdbaaf17c703ad6a205458c6a', 'defaultmail@xpk.com', 1, 566, 2),
(662, 'axwhmtqhz', 'd123097ceaa36d9731ce7899042c7799', 'defaultmail@xpk.com', 1, 567, 2),
(663, 'gaygocmza', '3b1e3844d2abc3975c8e67f2ab43d001', 'defaultmail@xpk.com', 1, 568, 2),
(664, 'zalxdpnsg', '3b22b484373d4fa11a8ea89cf601c9ae', 'defaultmail@xpk.com', 1, 569, 2),
(665, 'pruaajqkq', 'f71b09c4a62d7a96090704b39fc9d4e3', 'defaultmail@xpk.com', 1, 570, 2),
(666, 'ljlcqqnbv', 'bf0eac645d2bf52efa19b9cc36d19d8a', 'defaultmail@xpk.com', 1, 571, 2),
(667, 'oudncgmue', '648c31896d0423486065cdc4b2624ee6', 'defaultmail@xpk.com', 1, 572, 2),
(668, 'gmuzxvpsh', '65d69391472203c011af90cc8022889d', 'defaultmail@xpk.com', 1, 573, 2),
(669, 'zagdkixva', '27b2b58ae03b0db3f8be86d4e9d48e84', 'defaultmail@xpk.com', 1, 574, 2),
(670, 'kmseanedg', '8209a456bc17c93072a4f1445fcd2ea6', 'defaultmail@xpk.com', 1, 575, 2),
(671, 'spucepqwt', '55dae2af24b8b790742e288d6349be0a', 'defaultmail@xpk.com', 1, 576, 2),
(672, 'wzcssenig', 'b16d4167b128ef21ada42282c9cd62cd', 'defaultmail@xpk.com', 1, 577, 2),
(673, 'srqipktpu', 'bce1d666254146f2566fe181b2ac819e', 'defaultmail@xpk.com', 1, 578, 2),
(674, 'zpiphozqg', '1098487d5ccfa263e83509d0a9c6ee14', 'defaultmail@xpk.com', 1, 579, 2),
(675, 'wlobqhnhv', '4766e043fb2c86065bc8b6d5472748f5', 'defaultmail@xpk.com', 1, 580, 2),
(676, 'dtqmsokdg', 'eb36e46e4986f1e92af952bdd83adcd2', 'defaultmail@xpk.com', 1, 581, 2),
(677, 'dxiunbbvl', '5933aa6f5fc747456b902be92baf57d7', 'defaultmail@xpk.com', 1, 582, 2),
(678, 'lmosafrug', '73a5e5fe330761272d7ad503e591a01e', 'defaultmail@xpk.com', 1, 583, 2),
(679, 'nxlwssmeo', 'f728950e3ef0194b301aac4c727c8da0', 'defaultmail@xpk.com', 1, 584, 2),
(680, 'oeoqyvjgh', '545907855f6074027c953234ae258218', 'defaultmail@xpk.com', 1, 585, 2),
(681, 'rxbysuvmp', '3f22df7843cd9004c4aa4b808a8d3e97', 'defaultmail@xpk.com', 1, 586, 2),
(682, 'konuidgwh', '2f3d43b30efa7c9406b908bb35c7fc56', 'defaultmail@xpk.com', 1, 587, 2),
(683, 'lledmeryt', '9ff4765ad375ba020a3c9eb3aaf0e0f1', 'defaultmail@xpk.com', 1, 588, 2),
(684, 'zshcdtoli', '310864b32ba0cca9719a34e54fb69587', 'defaultmail@xpk.com', 1, 589, 2),
(685, 'qszrrxiye', 'c7305a6ea5ad04a40b83b95117db225d', 'defaultmail@xpk.com', 1, 590, 2),
(686, 'xrqifhoms', '9a5412d1e215c3c95348b36950e5597e', 'defaultmail@xpk.com', 1, 591, 2),
(687, 'xjrcqgixa', 'ac91a1e930d709e4a5975ccda601e1d0', 'defaultmail@xpk.com', 1, 592, 2),
(688, 'bulkidmze', '93ebdd20baaaaee798240b5433a20c0b', 'defaultmail@xpk.com', 1, 593, 2),
(689, 'icehukgus', 'fd7458fbe85075be7694f2ac98bcaefe', 'defaultmail@xpk.com', 1, 594, 2),
(690, 'xtcqojxbs', 'e779afeca7bc026932029433076844bd', 'defaultmail@xpk.com', 1, 595, 2),
(691, 'vsivuhdxv', '873d62636437ed8ca17c212b4ac3b692', 'defaultmail@xpk.com', 1, 596, 2),
(692, 'arqomjinn', '0655aff48eb3bcc46ca898b76f2409da', 'defaultmail@xpk.com', 1, 597, 2),
(693, 'ybmyiboeq', '05f594f218451b008aedc0ef469554b3', 'defaultmail@xpk.com', 1, 598, 2),
(694, 'vorhqnkmg', 'e62b1b45f80a8f14ae1c1ddba521e49e', 'defaultmail@xpk.com', 1, 599, 2),
(695, 'tldukwysi', '53c9f604e57dcdc5beb71d988e15d2f4', 'defaultmail@xpk.com', 1, 600, 2),
(696, 'qoeqwcaap', '98f576626911acdd7baafd9fe7d26de7', 'defaultmail@xpk.com', 1, 601, 2),
(697, 'oqalohasc', 'eb123d32b6cfde4cdc04271c7434e2f8', 'defaultmail@xpk.com', 1, 602, 2),
(698, 'icuwiuofv', 'fb407ccf07ef944d09d4ef22427d3cb0', 'defaultmail@xpk.com', 1, 603, 2),
(699, 'mgqtjqflt', 'd8fbeb5a2d07f1b5d7d4d98f46affa70', 'defaultmail@xpk.com', 1, 604, 2),
(700, 'bbvhqivsa', '46fc226e089ace846352100a25bc5318', 'defaultmail@xpk.com', 1, 605, 2),
(701, 'rhbvwzmoj', 'c89176dfb544138708323d0afe5e2a7d', 'defaultmail@xpk.com', 1, 606, 2),
(702, 'mejigmirb', 'b44b17208a27bb8f0a56ceaa0bad1f12', 'defaultmail@xpk.com', 1, 607, 2),
(703, 'rchrmiybi', '01405cbde36e3be232fe968efe4d2a49', 'defaultmail@xpk.com', 1, 608, 2),
(704, 'mrappiljj', 'df46b9bab125dd833e5649847737d1ad', 'defaultmail@xpk.com', 1, 609, 2),
(705, 'dwnurmswr', '01b4857439dcd5fe19dd86ba5a6cacd0', 'defaultmail@xpk.com', 1, 610, 2),
(706, 'wlbqzyoir', '1ad346db07afd6887688173991902d66', 'defaultmail@xpk.com', 1, 611, 2),
(707, 'frzzenoca', '0e45b5c271b1cea8bd93fab5f5f31b89', 'defaultmail@xpk.com', 1, 612, 2),
(708, 'soagcfyug', 'db3679e04cef9d49a23e19dc17dce762', 'defaultmail@xpk.com', 1, 613, 2),
(709, 'skrgjyovt', '4cbd0e106cb503b581168b38054dab2b', 'defaultmail@xpk.com', 1, 614, 2),
(710, 'lbqefdevu', '00bca352e0938ceca3f891e5c4bf233f', 'defaultmail@xpk.com', 1, 615, 2),
(711, 'kcdmvudvw', '9f11ea27a0469ddd4df9ec13fb9ae9e4', 'defaultmail@xpk.com', 1, 616, 2),
(712, 'flzcvhfjm', 'f866fcbf795447d1f420e2f39e2a0c5f', 'defaultmail@xpk.com', 1, 617, 2),
(713, 'oyguqxxve', '9e2b2c2c90ed00ed3e9e76e55633cf52', 'defaultmail@xpk.com', 1, 618, 2),
(714, 'voqqtxwub', '9b2663c795c5710cd598148916f74c56', 'defaultmail@xpk.com', 1, 619, 2),
(715, 'lsnocyvou', 'b8cac0314610d49857ffa6572e59363f', 'defaultmail@xpk.com', 1, 620, 2),
(716, 'fgwzsizjn', '607cb197ae70d29ddce6a183cd95e943', 'defaultmail@xpk.com', 1, 621, 2),
(717, 'ehdkstpwv', 'f11ae986f94caef4ea9ce2e100837b98', 'defaultmail@xpk.com', 1, 622, 2),
(718, 'hjvxenrlh', '6550d59c7d97882a6397fd736e894de5', 'defaultmail@xpk.com', 1, 623, 2),
(719, 'qablxdcwb', '6e418f4c1f704d52b0c1768363d7142f', 'defaultmail@xpk.com', 1, 624, 2),
(720, 'dqednesss', '9cbae37ccfce7ea96241c7bdfef10513', 'defaultmail@xpk.com', 1, 625, 2),
(721, 'ucvwmeayy', '7646598a268d7bd2d9a49094e9f64d4c', 'defaultmail@xpk.com', 1, 626, 2),
(722, 'afkneisul', 'bc3a686e16280544fc5d45ae2657eded', 'defaultmail@xpk.com', 1, 627, 2),
(723, 'yxidhyhot', 'e12319d180f8abd7b7be7eda0543c093', 'defaultmail@xpk.com', 1, 628, 2),
(724, 'ungcahhxh', 'e300b5b156adeaf1eccefa61a7b4d55f', 'defaultmail@xpk.com', 1, 629, 2),
(725, 'uvrmilssc', '1bf94f0fad7172a1aacb4f4a3b32be1c', 'defaultmail@xpk.com', 1, 630, 2),
(726, 'fdoabinqg', 'fcf9336206bc7796a31b6deed395dac4', 'defaultmail@xpk.com', 1, 631, 2),
(727, 'bymhmtwuv', 'dc92c61b078ae1cb47521bc8e5d2732f', 'defaultmail@xpk.com', 1, 632, 2),
(728, 'tdcqhttif', '20fa130e210dab13b116f303b30e0d23', 'defaultmail@xpk.com', 1, 633, 2),
(729, 'klbzjmsjj', '47a84073ab1132e137c3520aabc7b2c0', 'defaultmail@xpk.com', 1, 634, 2),
(730, 'jvpdfhuxj', '962f08af050741ff8f1bd092536436bf', 'defaultmail@xpk.com', 1, 635, 2),
(731, 'ibmbygeqa', '90f0ae58ef4a57532f9efd422e123807', 'defaultmail@xpk.com', 1, 636, 2),
(732, 'trmxhmpmk', '32c4cf141a1f5a38f3b3dd3c62793c96', 'defaultmail@xpk.com', 1, 637, 2),
(733, 'djzljwzmt', '1c0ea394a60fbaf762c506cb2e25ab32', 'defaultmail@xpk.com', 1, 638, 2),
(734, 'mfwpitxkj', '064a71db601ee3425f0a23ff4bc34c3a', 'defaultmail@xpk.com', 1, 639, 2),
(735, 'mtyselexp', '1e9473b6aaf39d5285f162b2722588c9', 'defaultmail@xpk.com', 1, 640, 2),
(736, 'noofqtwmm', '020424b036580437af3206dda2fe5219', 'defaultmail@xpk.com', 1, 641, 2),
(737, 'icdqyhejn', '78e69e9179784191e26790e0629c47e5', 'defaultmail@xpk.com', 1, 642, 2),
(738, 'sczcfmcpa', '653a0ef6055d69714ef1c30a965339c4', 'defaultmail@xpk.com', 1, 643, 2),
(739, 'wavdlwxgv', 'de4cef48f8e5afbdae7cc64ba98bf6bb', 'defaultmail@xpk.com', 1, 644, 2),
(740, 'annbjbiea', '78ae3b3f78c04d799f17f12484cac845', 'defaultmail@xpk.com', 1, 645, 2),
(741, 'dfgydfezm', 'cd2bf870aae38b3d469eb8887bd687e5', 'defaultmail@xpk.com', 1, 646, 2),
(742, 'icxwiubpm', '0fadd9b591172b39228c1e3793c1d2d1', 'defaultmail@xpk.com', 1, 647, 2),
(743, 'cmiygodpb', 'ee4737a139c1ca1ec9fadd399011c6e0', 'defaultmail@xpk.com', 1, 648, 2),
(744, 'gqnfseqel', '3e4af052ee20b0fcd136d31131de85f7', 'defaultmail@xpk.com', 1, 649, 2),
(745, 'mfnaubqpy', '3c160cc64b0bc1de66b4c3cc943e55dc', 'defaultmail@xpk.com', 1, 650, 2),
(746, 'urrnzwrqm', 'ee3e5fb292b11be245c7ae2b636e5fc9', 'defaultmail@xpk.com', 1, 651, 2),
(747, 'gdsoktaew', '92431eba8ab5575fec539634352c1182', 'defaultmail@xpk.com', 1, 652, 2),
(748, 'dnndjbuvg', 'e35a85318217006046b2b0ba884ebdc1', 'defaultmail@xpk.com', 1, 653, 2),
(749, 'dnmzpytvw', 'ba714fadaa07bbfc10d3edeb9da89d64', 'defaultmail@xpk.com', 1, 654, 2),
(750, 'chmzehfhd', 'b99679fdb06902d002e8190874df16dd', 'defaultmail@xpk.com', 1, 655, 2),
(751, 'zedvkegrq', 'f92b3add14124ee0b6067d6d1ecff0ae', 'defaultmail@xpk.com', 1, 656, 2),
(752, 'yfjdrlpdy', '9e658eae51b8f8dcd4b44dd3dcf4f9d7', 'defaultmail@xpk.com', 1, 657, 2),
(753, 'zpgqfiotk', '01a0e19e6246d913f4a6563f71edc29e', 'defaultmail@xpk.com', 1, 658, 2),
(754, 'tpmlkciyr', 'dd22664f6552667e1085164345346d10', 'defaultmail@xpk.com', 1, 659, 2),
(755, 'csxgnsmza', '5c4a7a3ac2c0b6597fa1e86e839f8864', 'defaultmail@xpk.com', 1, 660, 2),
(756, 'fmbeofnwt', 'fa9c3f724afb1bbe5923f4310300ac72', 'defaultmail@xpk.com', 1, 661, 2),
(757, 'kvlhtvjqn', 'bb41fe03e717f59c3ec89ce5d355677e', 'defaultmail@xpk.com', 1, 662, 2),
(758, 'htpfdijcr', '2bab31560b14e8651bce955b89d82782', 'defaultmail@xpk.com', 1, 663, 2),
(759, 'lrrumdsrd', '42a6fa442e5bf8b5d90a7521b23fd5ac', 'defaultmail@xpk.com', 1, 664, 2),
(760, 'ykczgqjtj', '7fa86173ef7f2aaecb55d94311c4e25e', 'defaultmail@xpk.com', 1, 665, 2),
(761, 'wffietrnu', '67ea4ba25e8e4c9cc00015e28e4c3040', 'defaultmail@xpk.com', 1, 666, 2),
(762, 'hylpdouzy', '4582915195dc12f71e53a7c07b2712a3', 'defaultmail@xpk.com', 1, 667, 2),
(763, 'ckilkivuc', '55e8bbc21e2c23714043945af6c50aa2', 'defaultmail@xpk.com', 1, 668, 2),
(764, 'tcwhkvfls', '77f10dc4a25c5e6248f5d75f97bbf321', 'defaultmail@xpk.com', 1, 669, 2),
(765, 'qupfnqmli', '1902eb06187ce3cb452da1d75ea41ddd', 'defaultmail@xpk.com', 1, 670, 2),
(766, 'qmpcfxudo', 'dafb8b802cf627b08f59f5e8b5b454f2', 'defaultmail@xpk.com', 1, 671, 2),
(767, 'mxsikyazi', 'c6074390c23cc9ba5f32ec124ee0d17d', 'defaultmail@xpk.com', 1, 672, 2),
(768, 'qjakikqbq', '96a87dfcd001d627d38eedf6a87507fb', 'defaultmail@xpk.com', 1, 673, 2),
(769, 'thoozaryj', '37880d98e71a6e06f891e61d32dcdb5d', 'defaultmail@xpk.com', 1, 674, 2),
(770, 'sztgvelqr', '35572eff39f2142971ae433f086011be', 'defaultmail@xpk.com', 1, 675, 2),
(771, 'aujjmggta', 'fceebd86ce74ef3ac03af76a096ec316', 'defaultmail@xpk.com', 1, 676, 2),
(772, 'cwuyabhva', 'bba3c65a60819f9ab19610b7a9f4b1c5', 'defaultmail@xpk.com', 1, 677, 2),
(773, 'ilfxywign', '95f66e48ca8ac104b976e8b5e9128b0c', 'defaultmail@xpk.com', 1, 678, 2),
(774, 'ozuosqppr', '743ce4459478a53b19e4c184d2932a0c', 'defaultmail@xpk.com', 1, 679, 2),
(775, 'wtkdfhyec', '8ad0278572a27fcb981c819531ceda06', 'defaultmail@xpk.com', 1, 680, 2),
(776, 'zovcjeeum', '03522cc637b437e7d6f3c30a9585c2f3', 'defaultmail@xpk.com', 1, 681, 2),
(777, 'ftxehxdov', '8530ccc3a2aaa78aeecaae41de0032d1', 'defaultmail@xpk.com', 1, 682, 2),
(778, 'ldzwznubr', '653a792e27ea7184fb313918d05c4ea6', 'defaultmail@xpk.com', 1, 683, 2),
(779, 'ttayoudoz', 'bb8884a30ef595dc5f4ba1051e284466', 'defaultmail@xpk.com', 1, 684, 2),
(780, 'nmyklfsjo', '153aac61cfec6fb9c211649f6fe77f90', 'defaultmail@xpk.com', 1, 685, 2),
(781, 'ilwgzpgga', '14700ea7606086b1c344617f41d79b6a', 'defaultmail@xpk.com', 1, 686, 2),
(782, 'lpxmpkchn', '77452abfd5d008a7d2f483232fd36f5c', 'defaultmail@xpk.com', 1, 687, 2),
(783, 'lrjhdlnol', '9327ce05fe5608dd5f0919322dc197d1', 'defaultmail@xpk.com', 1, 688, 2),
(784, 'hukjlqoto', 'a4268c01787282699d0ee9f58d702e6d', 'defaultmail@xpk.com', 1, 689, 2),
(785, 'ahnkzhwqh', '1779b7ed20c6fb7037a8731d585d91b2', 'defaultmail@xpk.com', 1, 690, 2),
(786, 'ykzktshfo', '0e4307b8b967c4408d7c6c146e2553db', 'defaultmail@xpk.com', 1, 691, 2),
(787, 'dgyimnskp', 'caf0bfb2df3bae1d0d6ef6162218d1d1', 'defaultmail@xpk.com', 1, 692, 2),
(788, 'pxsgbrbdp', '31ce66147ff34be778954871668de574', 'defaultmail@xpk.com', 1, 693, 2),
(789, 'bxzoglcgh', '9226edddb5ac44410d2b52279848dbb7', 'defaultmail@xpk.com', 1, 694, 2),
(790, 'adrwhmkax', '891d518931c0a4038ba2a333c8b2cb74', 'defaultmail@xpk.com', 1, 695, 2),
(791, 'kipzvgroa', 'b1fe8610d3419c4e6d57728a067269d6', 'defaultmail@xpk.com', 1, 696, 2),
(792, 'ugydzwkxu', 'a22055fa04d614b822d90d825f0308d0', 'defaultmail@xpk.com', 1, 697, 2),
(793, 'kkdmraili', 'b1c8520fde3523fb7450562d5b221c23', 'defaultmail@xpk.com', 1, 698, 2),
(794, 'dgdifvmkq', 'a3c313a49abf7395a0318732dcd4d939', 'defaultmail@xpk.com', 1, 699, 2),
(795, 'tjubfjwrm', 'c8407d84f74729f11864cecb49812fa8', 'defaultmail@xpk.com', 1, 700, 2),
(796, 'pibbkbfxm', 'b979addbd9ac5db803fcabf1c9b856b9', 'defaultmail@xpk.com', 1, 701, 2),
(797, 'tmeimlbbr', '6bdb5eb4f4a85ec3995b9871002d2efd', 'defaultmail@xpk.com', 1, 702, 2),
(798, 'tkqzhehhm', 'c98bc079c64bbf15f05e482415f2a958', 'defaultmail@xpk.com', 1, 703, 2),
(799, 'iroknwhht', 'c986d451b5525797c4edf8bd773fd404', 'defaultmail@xpk.com', 1, 704, 2),
(800, 'qvffziauu', 'c02e0e66876c916bb47d1b44d865f0d6', 'defaultmail@xpk.com', 1, 705, 2),
(801, 'ctdmhcehy', '3eeecc9ad975a616a998b84d8808844f', 'defaultmail@xpk.com', 1, 706, 2),
(802, 'xaltkgkvp', '955a48cf21ac83f68de1d5b46be117c7', 'defaultmail@xpk.com', 1, 707, 2),
(803, 'ywlyxfeoj', 'a026f2a4d7df5c767436160194cf60f9', 'defaultmail@xpk.com', 1, 708, 2),
(804, 'gzpgvswec', '3095e16c71d0740163344db4c877a864', 'defaultmail@xpk.com', 1, 709, 2),
(805, 'xqoonhaow', '5952caaeb9a6d93693f1d8c1336ae256', 'defaultmail@xpk.com', 1, 710, 2),
(806, 'keomodemg', '6fad1a67cc1a1498af00b6b3e2e4018b', 'defaultmail@xpk.com', 1, 711, 2),
(807, 'kgvdpogaq', 'c07aa32c04932bc61ade74797511be59', 'defaultmail@xpk.com', 1, 712, 2),
(808, 'igzsxfchs', 'a27c98b76295e9506854530e3fd38715', 'defaultmail@xpk.com', 1, 713, 2),
(809, 'ihvcvepxz', '7681e0e6b54279064ca285e2201664ed', 'defaultmail@xpk.com', 1, 714, 2),
(810, 'behjcuqzs', '3e3a4fba273332fea56c3d1da0ba80c9', 'defaultmail@xpk.com', 1, 715, 2),
(811, 'lhnsokmqf', '8b24e20a370f166d9061c74d30f577ce', 'defaultmail@xpk.com', 1, 716, 2),
(812, 'mvsbjnecg', 'e64c01d82440a5c6597099ee650e147b', 'defaultmail@xpk.com', 1, 717, 2),
(813, 'vjajxkcck', '847907eff03fb273c13bebebb0aa40c1', 'defaultmail@xpk.com', 1, 718, 2),
(814, 'hpplmvugz', '812b021ff97fe3460cad677602194c85', 'defaultmail@xpk.com', 1, 719, 2),
(815, 'mpxygaosh', 'c61041f25ebf66ab67a67bcd01e52596', 'defaultmail@xpk.com', 1, 720, 2),
(816, 'mxrcgmgbr', 'd118d6114c204c1649653d8961c43bee', 'defaultmail@xpk.com', 1, 721, 2);

--
-- Дамп данных таблицы `wp_plan`
--

INSERT INTO `wp_plan` (`id`, `speciality_id`, `semesters`, `created`, `updated`, `graph`, `year_id`) VALUES
(12, 1, '17|24|16|17|16|17|16|8', 1401715112, 1401715118, '[["T","T","T","T","T","T","T","T","T","T","T","T","T","T","T","T","T","H","H","T","T","T","T","T","T","T","T","T","T","T","T","T","T","T","T","T","T","T","T","T","T","T","T","H","H","H","H","H","H","H","H","H"],["T","T","T","T","T","T","T","T","T","T","T","T","T","T","T","T","T","H","H","T","T","T","T","T","T","T","T","T","T","T","T","T","T","T","T","T","T","T","T","T","T","T","T","H","H","H","H","H","H","H","H","H"],["T","T","T","T","T","T","T","T","T","T","T","T","T","T","T","T","S","H","H","T","T","T","T","T","T","T","T","T","T","T","T","T","T","T","T","T","S","S","P","P","P","P","P","H","H","H","H","H","H","H","H","H"],["T","T","T","T","T","T","T","T","T","T","T","T","T","T","T","T","S","H","H","T","T","T","T","T","T","T","T","T","T","T","T","T","T","T","T","T","S","S","P","P","P","P","P","H","H","H","H","H","H","H","H","H"],["T","T","T","T","T","T","T","T","T","T","T","T","T","T","T","T","S","H","H","T","T","T","T","T","T","T","T","T","T","T","T","T","T","T","T","T","S","S","P","P","P","P","P","H","H","H","H","H","H","H","H","H"],["T","T","T","T","T","T","T","T","T","T","T","T","T","T","T","T","S","H","H","T","T","T","T","T","T","T","T","T","T","T","T","T","T","T","T","T","S","S","P","P","P","P","P","H","H","H","H","H","H","H","H","H"],["T","T","T","T","T","T","T","T","T","T","T","T","T","T","T","T","S","H","H","T","T","T","T","T","T","T","T","S","P","P","P","P","P","P","P","P","P","DP","DP","DP","DP","DP","DA"," "," "," "," "," "," "," "," "," "],["T","T","T","T","T","T","T","T","T","T","T","T","T","T","T","T","S","H","H","T","T","T","T","T","T","T","T","S","P","P","P","P","P","P","P","P","P","DP","DP","DP","DP","DP","DA"," "," "," "," "," "," "," "," "," "]]', 1),
(13, 1, NULL, 1401715133, 1401715133, '[["T","T","T","T","T","T","T","T","T","T","T","T","T","T","T","T","T","H","H","T","T","T","T","T","T","T","T","T","T","T","T","T","T","T","T","T","T","T","T","T","T","T","T","H","H","H","H","H","H","H","H","H"],["T","T","T","T","T","T","T","T","T","T","T","T","T","T","T","T","T","H","H","T","T","T","T","T","T","T","T","T","T","T","T","T","T","T","T","T","T","T","T","T","T","T","T","H","H","H","H","H","H","H","H","H"],["T","T","T","T","T","T","T","T","T","T","T","T","T","T","T","T","S","H","H","T","T","T","T","T","T","T","T","T","T","T","T","T","T","T","T","T","S","S","P","P","P","P","P","H","H","H","H","H","H","H","H","H"],["T","T","T","T","T","T","T","T","T","T","T","T","T","T","T","T","S","H","H","T","T","T","T","T","T","T","T","T","T","T","T","T","T","T","T","T","S","S","P","P","P","P","P","H","H","H","H","H","H","H","H","H"],["T","T","T","T","T","T","T","T","T","T","T","T","T","T","T","T","S","H","H","T","T","T","T","T","T","T","T","T","T","T","T","T","T","T","T","T","S","S","P","P","P","P","P","H","H","H","H","H","H","H","H","H"],["T","T","T","T","T","T","T","T","T","T","T","T","T","T","T","T","S","H","H","T","T","T","T","T","T","T","T","T","T","T","T","T","T","T","T","T","S","S","P","P","P","P","P","H","H","H","H","H","H","H","H","H"]]', 2);

--
-- Дамп данных таблицы `wp_subject`
--

INSERT INTO `wp_subject` (`id`, `plan_id`, `subject_id`, `total`, `lectures`, `labs`, `practs`, `weeks`, `control`, `cyclic_commission_id`, `certificate_name`, `diploma_name`, `control_hours`, `project_hours`, `dual_practice`, `dual_labs`) VALUES
(1, 3, 1, '125|200|125|||||', '50|120|50|||||', '10||||0|||', '38|24|46|||||', '6|6|6|||||', '[["0","0","0","0","0","0"],["1","0","0","0","0","0"],["0","0","1","0","0","0"],["0","0","0","0","0","0"],["0","0","0","0","0","0"],["0","0","0","0","0","0"],["0","0","0","0","0","0"],["0","0","0","0","0","0"]]', 3, '', '', NULL, NULL, NULL, NULL),
(2, 3, 2, '|||||||', '|||||||', '|||||||', '|||||||', '5|5||||||', '[["0","0","0","0","0","0"],["1","0","0","0","0","0"],["0","0","0","0","0","0"],["0","0","0","0","0","0"],["0","0","0","0","0","0"],["0","0","0","0","0","0"],["0","0","0","0","0","0"],["0","0","0","0","0","0"]]', NULL, NULL, NULL, NULL, NULL, NULL, NULL),
(3, 3, 102, '|||||||', '|||||||', '|||||||', '|||||||', '6|2||||||', '[["0","0","0","0","0","0"],["1","0","0","0","0","0"],["0","0","0","0","0","0"],["0","0","0","0","0","0"],["0","0","0","0","0","0"],["0","0","0","0","0","0"],["0","0","0","0","0","0"],["0","0","0","0","0","0"]]', NULL, NULL, NULL, NULL, NULL, NULL, NULL),
(4, 4, 1, '|||||||', '|||||||', '|||||||', '|||||||', '6|6|6||||0|', '[["0","0","0","0","0","0"],["1","0","0","0","0","0"],["0","0","1","0","0","0"],["0","0","0","0","0","0"],["0","0","0","0","0","0"],["0","0","0","0","0","0"],["0","0","0","0","0","0"],["0","0","0","0","0","0"]]', NULL, NULL, NULL, '{"total":"420","lectures":"236","labs":"100","practs":"0"}', NULL, NULL, NULL),
(5, 4, 2, '|||||||', '|||||||', '|||||||', '|||||||', '3|4||||||', '[["0","0","0","0","0","0"],["0","0","0","0","0","0"],["0","0","0","0","0","0"],["0","0","0","0","0","0"],["0","0","0","0","0","0"],["0","0","0","0","0","0"],["0","0","0","0","0","0"],["0","0","0","0","0","0"]]', NULL, NULL, NULL, '{"total":"165","lectures":"0","labs":"0","practs":"0"}', NULL, NULL, NULL),
(6, 5, 1, '|250||||||', '|25||||||', '|36||||||', '|85||||||', '6|6|6|||||', '[["0","0","0","0","0","0"],["1","0","0","0","0","0"],["0","0","0","0","0","0"],["0","0","0","0","0","0"],["0","0","0","0","0","0"],["0","0","0","0","0","0"],["0","0","0","0","0","0"],["0","0","0","0","0","0"]]', 3, '', '', '{"total":"420","lectures":"146","labs":"0","practs":"170"}', '', NULL, NULL),
(7, 5, 2, '|||||||', '|||||||', '|||||||', '|||||||', '5|5||||||', '[["0","0","0","0","0","0"],["1","0","0","0","0","0"],["0","0","0","0","0","0"],["0","0","0","0","0","0"],["0","0","0","0","0","0"],["0","0","0","0","0","0"],["0","0","0","0","0","0"],["0","0","0","0","0","0"]]', NULL, NULL, NULL, '{"total":"140","lectures":"72","labs":"20","practs":"28"}', NULL, NULL, NULL),
(8, 5, 103, '||||81|135||', '||||16|30||', '|1|||32|33||0', '|||||||', '||||3|4|0|0', '[["0","0","0","0","0","0"],["0","0","0","0","0","0"],["0","0","0","0","0","0"],["0","0","0","0","0","0"],["1","0","0","0","0","0"],["0","1","0","0","1","0"],["0","0","0","0","0","0"],["0","0","0","0","0","0"]]', 3, '', '', '{"total":"216","lectures":"46","labs":"66","practs":"0"}', '40', NULL, NULL),
(9, 8, 1, '|||||||', '|||||||', '|||||||', '|||||||', '6|6|6|||||', '[["0","0","0","0","0","0"],["1","0","0","0","0","0"],["0","0","0","0","0","0"],["0","0","0","0","0","0"],["0","0","0","0","0","0"],["0","0","0","0","0","0"],["0","0","0","0","0","0"],["0","0","0","0","0","0"]]', NULL, NULL, NULL, '{"total":"420","lectures":"146","labs":"0","practs":"170"}', NULL, NULL, NULL),
(10, 8, 2, '|||||||', '|||||||', '|||||||', '|||||||', '5|5||||||', '[["0","0","0","0","0","0"],["1","0","0","0","0","0"],["0","0","0","0","0","0"],["0","0","0","0","0","0"],["0","0","0","0","0","0"],["0","0","0","0","0","0"],["0","0","0","0","0","0"],["0","0","0","0","0","0"]]', NULL, NULL, NULL, '{"total":"140","lectures":"72","labs":"20","practs":"28"}', NULL, NULL, NULL),
(11, 8, 1, '|||||||', '|||||||', '|||||||', '|||||||', '6|2||||||', '[["0","0","0","0","0","0"],["1","0","0","0","0","0"],["0","0","0","0","0","0"],["0","0","0","0","0","0"],["0","0","0","0","0","0"],["0","0","0","0","0","0"],["0","0","0","0","0","0"],["0","0","0","0","0","0"]]', NULL, NULL, NULL, '{"total":"170","lectures":"100","labs":"20","practs":"30"}', NULL, NULL, NULL),
(12, 9, 1, '|||||||', '|||||||', '|||||||', '|||||||', '6|6|6|||||', '[["0","0","0","0","0","0"],["1","0","0","0","0","0"],["0","0","0","0","0","0"],["0","0","0","0","0","0"],["0","0","0","0","0","0"],["0","0","0","0","0","0"],["0","0","0","0","0","0"],["0","0","0","0","0","0"]]', NULL, NULL, NULL, '{"total":"420","lectures":"146","labs":"0","practs":"170"}', NULL, NULL, NULL),
(13, 9, 2, '|||||||', '|||||||', '|||||||', '|||||||', '5|5||||||', '[["0","0","0","0","0","0"],["1","0","0","0","0","0"],["0","0","0","0","0","0"],["0","0","0","0","0","0"],["0","0","0","0","0","0"],["0","0","0","0","0","0"],["0","0","0","0","0","0"],["0","0","0","0","0","0"]]', NULL, NULL, NULL, '{"total":"140","lectures":"72","labs":"20","practs":"28"}', NULL, NULL, NULL),
(14, 9, 1, '|||||||', '|||||||', '|||||||', '|||||||', '6|2||||||', '[["0","0","0","0","0","0"],["1","0","0","0","0","0"],["0","0","0","0","0","0"],["0","0","0","0","0","0"],["0","0","0","0","0","0"],["0","0","0","0","0","0"],["0","0","0","0","0","0"],["0","0","0","0","0","0"]]', NULL, NULL, NULL, '{"total":"170","lectures":"100","labs":"20","practs":"30"}', NULL, NULL, NULL),
(15, 10, 1, '|||||||', '|||||||', '|||||||', '|||||||', '6|6|6|||||', '[["0","0","0","0","0","0"],["1","0","0","0","0","0"],["0","0","0","0","0","0"],["0","0","0","0","0","0"],["0","0","0","0","0","0"],["0","0","0","0","0","0"],["0","0","0","0","0","0"],["0","0","0","0","0","0"]]', NULL, NULL, NULL, '{"total":"420","lectures":"146","labs":"0","practs":"170"}', NULL, NULL, NULL),
(16, 10, 2, '|||||||', '|||||||', '|||||||', '|||||||', '5|5||||||', '[["0","0","0","0","0","0"],["1","0","0","0","0","0"],["0","0","0","0","0","0"],["0","0","0","0","0","0"],["0","0","0","0","0","0"],["0","0","0","0","0","0"],["0","0","0","0","0","0"],["0","0","0","0","0","0"]]', NULL, NULL, NULL, '{"total":"140","lectures":"72","labs":"20","practs":"28"}', NULL, NULL, NULL),
(17, 10, 1, '|||||||', '|||||||', '|||||||', '|||||||', '6|2||||||', '[["0","0","0","0","0","0"],["1","0","0","0","0","0"],["0","0","0","0","0","0"],["0","0","0","0","0","0"],["0","0","0","0","0","0"],["0","0","0","0","0","0"],["0","0","0","0","0","0"],["0","0","0","0","0","0"]]', NULL, NULL, NULL, '{"total":"170","lectures":"100","labs":"20","practs":"30"}', NULL, NULL, NULL),
(18, 11, 1, '|||||||', '|||||||', '|||||||', '|||||||', '6|6|6|||||', '[["0","0","0","0","0","0"],["1","0","0","0","0","0"],["0","0","0","0","0","0"],["0","0","0","0","0","0"],["0","0","0","0","0","0"],["0","0","0","0","0","0"],["0","0","0","0","0","0"],["0","0","0","0","0","0"]]', NULL, NULL, NULL, '{"total":"420","lectures":"146","labs":"0","practs":"170"}', NULL, NULL, NULL),
(19, 11, 2, '|||||||', '|||||||', '|||||||', '|||||||', '5|5||||||', '[["0","0","0","0","0","0"],["1","0","0","0","0","0"],["0","0","0","0","0","0"],["0","0","0","0","0","0"],["0","0","0","0","0","0"],["0","0","0","0","0","0"],["0","0","0","0","0","0"],["0","0","0","0","0","0"]]', NULL, NULL, NULL, '{"total":"140","lectures":"72","labs":"20","practs":"28"}', NULL, NULL, NULL),
(20, 11, 1, '|||||||', '|||||||', '|||||||', '|||||||', '6|2||||||', '[["0","0","0","0","0","0"],["1","0","0","0","0","0"],["0","0","0","0","0","0"],["0","0","0","0","0","0"],["0","0","0","0","0","0"],["0","0","0","0","0","0"],["0","0","0","0","0","0"],["0","0","0","0","0","0"]]', NULL, NULL, NULL, '{"total":"170","lectures":"100","labs":"20","practs":"30"}', NULL, NULL, NULL),
(21, 12, 1, '156|||||||', '5|||||||', '95|||||||', '||||0|||0', '6|6|6||||0|', '[["0","0","1","0","0","0"],["1","0","0","0","0","0"],["0","0","0","0","0","0"],["0","0","0","0","0","0"],["0","0","0","0","0","0"],["0","0","0","0","0","0"],["0","0","0","0","0","0"],["0","0","0","0","0","0"]]', 3, '', '', '{"total":"420","lectures":"146","labs":"0","practs":"170"}', '', NULL, NULL),
(22, 12, 2, '|||||||', '|||||||', '|||||||', '|||||||', '5|5||||||', '[["0","0","0","0","0","0"],["1","0","0","0","0","0"],["0","0","0","0","0","0"],["0","0","0","0","0","0"],["0","0","0","0","0","0"],["0","0","0","0","0","0"],["0","0","0","0","0","0"],["0","0","0","0","0","0"]]', NULL, NULL, NULL, '{"total":"140","lectures":"72","labs":"20","practs":"28"}', NULL, NULL, NULL),
(23, 12, 1, '|||||||', '|||||||', '|||||||', '|||||||', '6|2||||||', '[["0","0","0","0","0","0"],["1","0","0","0","0","0"],["0","0","0","0","0","0"],["0","0","0","0","0","0"],["0","0","0","0","0","0"],["0","0","0","0","0","0"],["0","0","0","0","0","0"],["0","0","0","0","0","0"]]', NULL, NULL, NULL, '{"total":"170","lectures":"100","labs":"20","practs":"30"}', NULL, NULL, NULL),
(24, 13, 1, '|||||||', '|||||||', '|||||||', '|||||||', '6|6|6|||||', '[["0","0","0","0","0","0"],["1","0","0","0","0","0"],["0","0","0","0","0","0"],["0","0","0","0","0","0"],["0","0","0","0","0","0"],["0","0","0","0","0","0"],["0","0","0","0","0","0"],["0","0","0","0","0","0"]]', NULL, NULL, NULL, '{"total":"420","lectures":"146","labs":"0","practs":"170"}', NULL, NULL, NULL),
(25, 13, 2, '|||||||', '|||||||', '|||||||', '|||||||', '5|5||||||', '[["0","0","0","0","0","0"],["1","0","0","0","0","0"],["0","0","0","0","0","0"],["0","0","0","0","0","0"],["0","0","0","0","0","0"],["0","0","0","0","0","0"],["0","0","0","0","0","0"],["0","0","0","0","0","0"]]', NULL, NULL, NULL, '{"total":"140","lectures":"72","labs":"20","practs":"28"}', NULL, NULL, NULL),
(26, 13, 1, '|||||||', '|||||||', '|||||||', '|||||||', '6|2||||||', '[["0","0","0","0","0","0"],["1","0","0","0","0","0"],["0","0","0","0","0","0"],["0","0","0","0","0","0"],["0","0","0","0","0","0"],["0","0","0","0","0","0"],["0","0","0","0","0","0"],["0","0","0","0","0","0"]]', NULL, NULL, NULL, '{"total":"170","lectures":"100","labs":"20","practs":"30"}', NULL, NULL, NULL);

/*!40101 SET CHARACTER_SET_CLIENT=@OLD_CHARACTER_SET_CLIENT */;
/*!40101 SET CHARACTER_SET_RESULTS=@OLD_CHARACTER_SET_RESULTS */;
/*!40101 SET COLLATION_CONNECTION=@OLD_COLLATION_CONNECTION */;